[2026-08-11 18:25:58] local.ERROR: Command "test" is not defined.

Did you mean one of these?
    make:test
    schedule:test {"exception":"[object] (Symfony\\Component\\Console\\Exception\\CommandNotFoundException(code: 0): Command \"test\" is not defined.

Did you mean one of these?
    make:test
    schedule:test at /Users/macbookshop/Desktop/Projects/Developments/DNA-Web/DNA-Frontend/vendor/symfony/console/Application.php:785)
[stacktrace]
#0 /Users/macbookshop/Desktop/Projects/Developments/DNA-Web/DNA-Frontend/vendor/symfony/console/Application.php(321): Symfony\\Component\\Console\\Application->find('test')
#1 /Users/macbookshop/Desktop/Projects/Developments/DNA-Web/DNA-Frontend/vendor/symfony/console/Application.php(218): Symfony\\Component\\Console\\Application->doRun(Object(Symfony\\Component\\Console\\Input\\ArgvInput), Object(Symfony\\Component\\Console\\Output\\ConsoleOutput))
#2 /Users/macbookshop/Desktop/Projects/Developments/DNA-Web/DNA-Frontend/vendor/laravel/framework/src/Illuminate/Foundation/Console/Kernel.php(198): Symfony\\Component\\Console\\Application->run(Object(Symfony\\Component\\Console\\Input\\ArgvInput), Object(Symfony\\Component\\Console\\Output\\ConsoleOutput))
#3 /Users/macbookshop/Desktop/Projects/Developments/DNA-Web/DNA-Frontend/vendor/laravel/framework/src/Illuminate/Foundation/Application.php(1242): Illuminate\\Foundation\\Console\\Kernel->handle(Object(Symfony\\Component\\Console\\Input\\ArgvInput), Object(Symfony\\Component\\Console\\Output\\ConsoleOutput))
#4 /Users/macbookshop/Desktop/Projects/Developments/DNA-Web/DNA-Frontend/artisan(16): Illuminate\\Foundation\\Application->handleCommand(Object(Symfony\\Component\\Console\\Input\\ArgvInput))
#5 {main}
"} 
[2026-08-11 18:28:35] testing.ERROR: Simulation backend unreachable {"request_id":"97fcdf64-95d9-4e5f-bc81-2cd8276b6393","message":"down"} 
[2026-08-11 18:28:46] testing.ERROR: Missing required parameter for [Route: analysis.index] [URI: {locale}] [Missing parameter: locale]. (View: /Users/macbookshop/Desktop/Projects/Developments/DNA-Web/DNA-Frontend/resources/views/layouts/app.blade.php) (View: /Users/macbookshop/Desktop/Projects/Developments/DNA-Web/DNA-Frontend/resources/views/layouts/app.blade.php) {"exception":"[object] (Illuminate\\View\\ViewException(code: 0): Missing required parameter for [Route: analysis.index] [URI: {locale}] [Missing parameter: locale]. (View: /Users/macbookshop/Desktop/Projects/Developments/DNA-Web/DNA-Frontend/resources/views/layouts/app.blade.php) (View: /Users/macbookshop/Desktop/Projects/Developments/DNA-Web/DNA-Frontend/resources/views/layouts/app.blade.php) at /Users/macbookshop/Desktop/Projects/Developments/DNA-Web/DNA-Frontend/vendor/laravel/framework/src/Illuminate/Routing/Exceptions/UrlGenerationException.php:35)
[stacktrace]
#0 /Users/macbookshop/Desktop/Projects/Developments/DNA-Web/DNA-Frontend/vendor/laravel/framework/src/Illuminate/View/Engines/PhpEngine.php(59): Illuminate\\View\\Engines\\CompilerEngine->handleViewException(Object(Illuminate\\View\\ViewException), 1)
#1 /Users/macbookshop/Desktop/Projects/Developments/DNA-Web/DNA-Frontend/vendor/laravel/framework/src/Illuminate/View/Engines/CompilerEngine.php(76): Illuminate\\View\\Engines\\PhpEngine->evaluatePath('/Users/macbooks...', Array)
#2 /Users/macbookshop/Desktop/Projects/Developments/DNA-Web/DNA-Frontend/vendor/laravel/framework/src/Illuminate/View/View.php(208): Illuminate\\View\\Engines\\CompilerEngine->get('/Users/macbooks...', Array)
#3 /Users/macbookshop/Desktop/Projects/Developments/DNA-Web/DNA-Frontend/vendor/laravel/framework/src/Illuminate/View/View.php(191): Illuminate\\View\\View->getContents()
#4 /Users/macbookshop/Desktop/Projects/Developments/DNA-Web/DNA-Frontend/vendor/laravel/framework/src/Illuminate/View/View.php(160): Illuminate\\View\\View->renderContents()
#5 /Users/macbookshop/Desktop/Projects/Developments/DNA-Web/DNA-Frontend/vendor/laravel/framework/src/Illuminate/Http/Response.php(82): Illuminate\\View\\View->render()
#6 /Users/macbookshop/Desktop/Projects/Developments/DNA-Web/DNA-Frontend/vendor/laravel/framework/src/Illuminate/Http/Response.php(40): Illuminate\\Http\\Response->setContent(Object(Illuminate\\View\\View))
#7 /Users/macbookshop/Desktop/Projects/Developments/DNA-Web/DNA-Frontend/vendor/laravel/framework/src/Illuminate/Routing/ResponseFactory.php(61): Illuminate\\Http\\Response->__construct(Object(Illuminate\\View\\View), 404, Array)
#8 /Users/macbookshop/Desktop/Projects/Developments/DNA-Web/DNA-Frontend/vendor/laravel/framework/src/Illuminate/Routing/ResponseFactory.php(91): Illuminate\\Routing\\ResponseFactory->make(Object(Illuminate\\View\\View), 404, Array)
#9 /Users/macbookshop/Desktop/Projects/Developments/DNA-Web/DNA-Frontend/vendor/laravel/framework/src/Illuminate/Foundation/Exceptions/Handler.php(1031): Illuminate\\Routing\\ResponseFactory->view('errors::404', Array, 404, Array)
#10 /Users/macbookshop/Desktop/Projects/Developments/DNA-Web/DNA-Frontend/vendor/laravel/framework/src/Illuminate/Foundation/Exceptions/Handler.php(950): Illuminate\\Foundation\\Exceptions\\Handler->renderHttpException(Object(Symfony\\Component\\HttpKernel\\Exception\\NotFoundHttpException))
#11 /Users/macbookshop/Desktop/Projects/Developments/DNA-Web/DNA-Frontend/vendor/laravel/framework/src/Illuminate/Foundation/Exceptions/Handler.php(833): Illuminate\\Foundation\\Exceptions\\Handler->prepareResponse(Object(Illuminate\\Http\\Request), Object(Symfony\\Component\\HttpKernel\\Exception\\NotFoundHttpException))
#12 /Users/macbookshop/Desktop/Projects/Developments/DNA-Web/DNA-Frontend/vendor/laravel/framework/src/Illuminate/Foundation/Exceptions/Handler.php(720): Illuminate\\Foundation\\Exceptions\\Handler->renderExceptionResponse(Object(Illuminate\\Http\\Request), Object(Symfony\\Component\\HttpKernel\\Exception\\NotFoundHttpException))
#13 /Users/macbookshop/Desktop/Projects/Developments/DNA-Web/DNA-Frontend/vendor/laravel/framework/src/Illuminate/Routing/Pipeline.php(51): Illuminate\\Foundation\\Exceptions\\Handler->render(Object(Illuminate\\Http\\Request), Object(Symfony\\Component\\HttpKernel\\Exception\\NotFoundHttpException))
#14 /Users/macbookshop/Desktop/Projects/Developments/DNA-Web/DNA-Frontend/vendor/laravel/framework/src/Illuminate/Pipeline/Pipeline.php(224): Illuminate\\Routing\\Pipeline->handleException(Object(Illuminate\\Http\\Request), Object(Illuminate\\Database\\Eloquent\\ModelNotFoundException))
#15 /Users/macbookshop/Desktop/Projects/Developments/DNA-Web/DNA-Frontend/vendor/laravel/framework/src/Illuminate/Foundation/Http/Middleware/PreventRequestForgery.php(104): Illuminate\\Pipeline\\Pipeline->{closure:{closure:Illuminate\\Pipeline\\Pipeline::carry():194}:195}(Object(Illuminate\\Http\\Request))
#16 /Users/macbookshop/Desktop/Projects/Developments/DNA-Web/DNA-Frontend/vendor/laravel/framework/src/Illuminate/Pipeline/Pipeline.php(219): Illuminate\\Foundation\\Http\\Middleware\\PreventRequestForgery->handle(Object(Illuminate\\Http\\Request), Object(Closure))
#17 /Users/macbookshop/Desktop/Projects/Developments/DNA-Web/DNA-Frontend/vendor/laravel/framework/src/Illuminate/View/Middleware/ShareErrorsFromSession.php(48): Illuminate\\Pipeline\\Pipeline->{closure:{closure:Illuminate\\Pipeline\\Pipeline::carry():194}:195}(Object(Illuminate\\Http\\Request))
#18 /Users/macbookshop/Desktop/Projects/Developments/DNA-Web/DNA-Frontend/vendor/laravel/framework/src/Illuminate/Pipeline/Pipeline.php(219): Illuminate\\View\\Middleware\\ShareErrorsFromSession->handle(Object(Illuminate\\Http\\Request), Object(Closure))
#19 /Users/macbookshop/Desktop/Projects/Developments/DNA-Web/DNA-Frontend/vendor/laravel/framework/src/Illuminate/Session/Middleware/StartSession.php(120): Illuminate\\Pipeline\\Pipeline->{closure:{closure:Illuminate\\Pipeline\\Pipeline::carry():194}:195}(Object(Illuminate\\Http\\Request))
#20 /Users/macbookshop/Desktop/Projects/Developments/DNA-Web/DNA-Frontend/vendor/laravel/framework/src/Illuminate/Session/Middleware/StartSession.php(63): Illuminate\\Session\\Middleware\\StartSession->handleStatefulRequest(Object(Illuminate\\Http\\Request), Object(Illuminate\\Session\\Store), Object(Closure))
#21 /Users/macbookshop/Desktop/Projects/Developments/DNA-Web/DNA-Frontend/vendor/laravel/framework/src/Illuminate/Pipeline/Pipeline.php(219): Illuminate\\Session\\Middleware\\StartSession->handle(Object(Illuminate\\Http\\Request), Object(Closure))
#22 /Users/macbookshop/Desktop/Projects/Developments/DNA-Web/DNA-Frontend/vendor/laravel/framework/src/Illuminate/Cookie/Middleware/AddQueuedCookiesToResponse.php(36): Illuminate\\Pipeline\\Pipeline->{closure:{closure:Illuminate\\Pipeline\\Pipeline::carry():194}:195}(Object(Illuminate\\Http\\Request))
#23 /Users/macbookshop/Desktop/Projects/Developments/DNA-Web/DNA-Frontend/vendor/laravel/framework/src/Illuminate/Pipeline/Pipeline.php(219): Illuminate\\Cookie\\Middleware\\AddQueuedCookiesToResponse->handle(Object(Illuminate\\Http\\Request), Object(Closure))
#24 /Users/macbookshop/Desktop/Projects/Developments/DNA-Web/DNA-Frontend/vendor/laravel/framework/src/Illuminate/Cookie/Middleware/EncryptCookies.php(74): Illuminate\\Pipeline\\Pipeline->{closure:{closure:Illuminate\\Pipeline\\Pipeline::carry():194}:195}(Object(Illuminate\\Http\\Request))
#25 /Users/macbookshop/Desktop/Projects/Developments/DNA-Web/DNA-Frontend/vendor/laravel/framework/src/Illuminate/Pipeline/Pipeline.php(219): Illuminate\\Cookie\\Middleware\\EncryptCookies->handle(Object(Illuminate\\Http\\Request), Object(Closure))
#26 /Users/macbookshop/Desktop/Projects/Developments/DNA-Web/DNA-Frontend/vendor/laravel/framework/src/Illuminate/Pipeline/Pipeline.php(137): Illuminate\\Pipeline\\Pipeline->{closure:{closure:Illuminate\\Pipeline\\Pipeline::carry():194}:195}(Object(Illuminate\\Http\\Request))
#27 /Users/macbookshop/Desktop/Projects/Developments/DNA-Web/DNA-Frontend/vendor/laravel/framework/src/Illuminate/Routing/Router.php(821): Illuminate\\Pipeline\\Pipeline->then(Object(Closure))
#28 /Users/macbookshop/Desktop/Projects/Developments/DNA-Web/DNA-Frontend/vendor/laravel/framework/src/Illuminate/Routing/Router.php(800): Illuminate\\Routing\\Router->runRouteWithinStack(Object(Illuminate\\Routing\\Route), Object(Illuminate\\Http\\Request))
#29 /Users/macbookshop/Desktop/Projects/Developments/DNA-Web/DNA-Frontend/vendor/laravel/framework/src/Illuminate/Routing/Router.php(764): Illuminate\\Routing\\Router->runRoute(Object(Illuminate\\Http\\Request), Object(Illuminate\\Routing\\Route))
#30 /Users/macbookshop/Desktop/Projects/Developments/DNA-Web/DNA-Frontend/vendor/laravel/framework/src/Illuminate/Routing/Router.php(753): Illuminate\\Routing\\Router->dispatchToRoute(Object(Illuminate\\Http\\Request))
#31 /Users/macbookshop/Desktop/Projects/Developments/DNA-Web/DNA-Frontend/vendor/laravel/framework/src/Illuminate/Foundation/Http/Kernel.php(200): Illuminate\\Routing\\Router->dispatch(Object(Illuminate\\Http\\Request))
#32 /Users/macbookshop/Desktop/Projects/Developments/DNA-Web/DNA-Frontend/vendor/laravel/framework/src/Illuminate/Pipeline/Pipeline.php(180): Illuminate\\Foundation\\Http\\Kernel->{closure:Illuminate\\Foundation\\Http\\Kernel::dispatchToRouter():197}(Object(Illuminate\\Http\\Request))
#33 /Users/macbookshop/Desktop/Projects/Developments/DNA-Web/DNA-Frontend/vendor/laravel/framework/src/Illuminate/Foundation/Http/Middleware/TransformsRequest.php(21): Illuminate\\Pipeline\\Pipeline->{closure:Illuminate\\Pipeline\\Pipeline::prepareDestination():178}(Object(Illuminate\\Http\\Request))
#34 /Users/macbookshop/Desktop/Projects/Developments/DNA-Web/DNA-Frontend/vendor/laravel/framework/src/Illuminate/Foundation/Http/Middleware/ConvertEmptyStringsToNull.php(31): Illuminate\\Foundation\\Http\\Middleware\\TransformsRequest->handle(Object(Illuminate\\Http\\Request), Object(Closure))
#35 /Users/macbookshop/Desktop/Projects/Developments/DNA-Web/DNA-Frontend/vendor/laravel/framework/src/Illuminate/Pipeline/Pipeline.php(219): Illuminate\\Foundation\\Http\\Middleware\\ConvertEmptyStringsToNull->handle(Object(Illuminate\\Http\\Request), Object(Closure))
#36 /Users/macbookshop/Desktop/Projects/Developments/DNA-Web/DNA-Frontend/vendor/laravel/framework/src/Illuminate/Foundation/Http/Middleware/TransformsRequest.php(21): Illuminate\\Pipeline\\Pipeline->{closure:{closure:Illuminate\\Pipeline\\Pipeline::carry():194}:195}(Object(Illuminate\\Http\\Request))
#37 /Users/macbookshop/Desktop/Projects/Developments/DNA-Web/DNA-Frontend/vendor/laravel/framework/src/Illuminate/Foundation/Http/Middleware/TrimStrings.php(51): Illuminate\\Foundation\\Http\\Middleware\\TransformsRequest->handle(Object(Illuminate\\Http\\Request), Object(Closure))
#38 /Users/macbookshop/Desktop/Projects/Developments/DNA-Web/DNA-Frontend/vendor/laravel/framework/src/Illuminate/Pipeline/Pipeline.php(219): Illuminate\\Foundation\\Http\\Middleware\\TrimStrings->handle(Object(Illuminate\\Http\\Request), Object(Closure))
#39 /Users/macbookshop/Desktop/Projects/Developments/DNA-Web/DNA-Frontend/vendor/laravel/framework/src/Illuminate/Http/Middleware/ValidatePostSize.php(27): Illuminate\\Pipeline\\Pipeline->{closure:{closure:Illuminate\\Pipeline\\Pipeline::carry():194}:195}(Object(Illuminate\\Http\\Request))
#40 /Users/macbookshop/Desktop/Projects/Developments/DNA-Web/DNA-Frontend/vendor/laravel/framework/src/Illuminate/Pipeline/Pipeline.php(219): Illuminate\\Http\\Middleware\\ValidatePostSize->handle(Object(Illuminate\\Http\\Request), Object(Closure))
#41 /Users/macbookshop/Desktop/Projects/Developments/DNA-Web/DNA-Frontend/vendor/laravel/framework/src/Illuminate/Foundation/Http/Middleware/PreventRequestsDuringMaintenance.php(109): Illuminate\\Pipeline\\Pipeline->{closure:{closure:Illuminate\\Pipeline\\Pipeline::carry():194}:195}(Object(Illuminate\\Http\\Request))
#42 /Users/macbookshop/Desktop/Projects/Developments/DNA-Web/DNA-Frontend/vendor/laravel/framework/src/Illuminate/Pipeline/Pipeline.php(219): Illuminate\\Foundation\\Http\\Middleware\\PreventRequestsDuringMaintenance->handle(Object(Illuminate\\Http\\Request), Object(Closure))
#43 /Users/macbookshop/Desktop/Projects/Developments/DNA-Web/DNA-Frontend/vendor/laravel/framework/src/Illuminate/Http/Middleware/HandleCors.php(61): Illuminate\\Pipeline\\Pipeline->{closure:{closure:Illuminate\\Pipeline\\Pipeline::carry():194}:195}(Object(Illuminate\\Http\\Request))
#44 /Users/macbookshop/Desktop/Projects/Developments/DNA-Web/DNA-Frontend/vendor/laravel/framework/src/Illuminate/Pipeline/Pipeline.php(219): Illuminate\\Http\\Middleware\\HandleCors->handle(Object(Illuminate\\Http\\Request), Object(Closure))
#45 /Users/macbookshop/Desktop/Projects/Developments/DNA-Web/DNA-Frontend/vendor/laravel/framework/src/Illuminate/Http/Middleware/TrustProxies.php(58): Illuminate\\Pipeline\\Pipeline->{closure:{closure:Illuminate\\Pipeline\\Pipeline::carry():194}:195}(Object(Illuminate\\Http\\Request))
#46 /Users/macbookshop/Desktop/Projects/Developments/DNA-Web/DNA-Frontend/vendor/laravel/framework/src/Illuminate/Pipeline/Pipeline.php(219): Illuminate\\Http\\Middleware\\TrustProxies->handle(Object(Illuminate\\Http\\Request), Object(Closure))
#47 /Users/macbookshop/Desktop/Projects/Developments/DNA-Web/DNA-Frontend/vendor/laravel/framework/src/Illuminate/Foundation/Http/Middleware/InvokeDeferredCallbacks.php(22): Illuminate\\Pipeline\\Pipeline->{closure:{closure:Illuminate\\Pipeline\\Pipeline::carry():194}:195}(Object(Illuminate\\Http\\Request))
#48 /Users/macbookshop/Desktop/Projects/Developments/DNA-Web/DNA-Frontend/vendor/laravel/framework/src/Illuminate/Pipeline/Pipeline.php(219): Illuminate\\Foundation\\Http\\Middleware\\InvokeDeferredCallbacks->handle(Object(Illuminate\\Http\\Request), Object(Closure))
#49 /Users/macbookshop/Desktop/Projects/Developments/DNA-Web/DNA-Frontend/vendor/laravel/framework/src/Illuminate/Http/Middleware/ValidatePathEncoding.php(28): Illuminate\\Pipeline\\Pipeline->{closure:{closure:Illuminate\\Pipeline\\Pipeline::carry():194}:195}(Object(Illuminate\\Http\\Request))
#50 /Users/macbookshop/Desktop/Projects/Developments/DNA-Web/DNA-Frontend/vendor/laravel/framework/src/Illuminate/Pipeline/Pipeline.php(219): Illuminate\\Http\\Middleware\\ValidatePathEncoding->handle(Object(Illuminate\\Http\\Request), Object(Closure))
#51 /Users/macbookshop/Desktop/Projects/Developments/DNA-Web/DNA-Frontend/vendor/laravel/framework/src/Illuminate/Pipeline/Pipeline.php(137): Illuminate\\Pipeline\\Pipeline->{closure:{closure:Illuminate\\Pipeline\\Pipeline::carry():194}:195}(Object(Illuminate\\Http\\Request))
#52 /Users/macbookshop/Desktop/Projects/Developments/DNA-Web/DNA-Frontend/vendor/laravel/framework/src/Illuminate/Foundation/Http/Kernel.php(175): Illuminate\\Pipeline\\Pipeline->then(Object(Closure))
#53 /Users/macbookshop/Desktop/Projects/Developments/DNA-Web/DNA-Frontend/vendor/laravel/framework/src/Illuminate/Foundation/Http/Kernel.php(144): Illuminate\\Foundation\\Http\\Kernel->sendRequestThroughRouter(Object(Illuminate\\Http\\Request))
#54 /Users/macbookshop/Desktop/Projects/Developments/DNA-Web/DNA-Frontend/vendor/laravel/framework/src/Illuminate/Foundation/Testing/Concerns/MakesHttpRequests.php(638): Illuminate\\Foundation\\Http\\Kernel->handle(Object(Illuminate\\Http\\Request))
#55 /Users/macbookshop/Desktop/Projects/Developments/DNA-Web/DNA-Frontend/vendor/laravel/framework/src/Illuminate/Foundation/Testing/Concerns/MakesHttpRequests.php(368): Illuminate\\Foundation\\Testing\\TestCase->call('GET', '/ku/result/ae05...', Array, Array, Array, Array)
#56 /Users/macbookshop/Desktop/Projects/Developments/DNA-Web/DNA-Frontend/tests/Feature/AnalysisTest.php(202): Illuminate\\Foundation\\Testing\\TestCase->get('/ku/result/ae05...')
#57 /Users/macbookshop/Desktop/Projects/Developments/DNA-Web/DNA-Frontend/vendor/phpunit/phpunit/src/Framework/TestCase.php(1318): Tests\\Feature\\AnalysisTest->test_an_expired_result_id_returns_a_translated_404()
#58 /Users/macbookshop/Desktop/Projects/Developments/DNA-Web/DNA-Frontend/vendor/phpunit/phpunit/src/Framework/TestCase.php(1355): PHPUnit\\Framework\\TestCase->invokeTestMethod('test_an_expired...', Array)
#59 /Users/macbookshop/Desktop/Projects/Developments/DNA-Web/DNA-Frontend/vendor/phpunit/phpunit/src/Framework/TestCase.php(521): PHPUnit\\Framework\\TestCase->runTest()
#60 /Users/macbookshop/Desktop/Projects/Developments/DNA-Web/DNA-Frontend/vendor/phpunit/phpunit/src/Framework/TestRunner/TestRunner.php(99): PHPUnit\\Framework\\TestCase->runBare()
#61 /Users/macbookshop/Desktop/Projects/Developments/DNA-Web/DNA-Frontend/vendor/phpunit/phpunit/src/Framework/TestCase.php(361): PHPUnit\\Framework\\TestRunner->run(Object(Tests\\Feature\\AnalysisTest))
#62 /Users/macbookshop/Desktop/Projects/Developments/DNA-Web/DNA-Frontend/vendor/phpunit/phpunit/src/Framework/TestSuite.php(374): PHPUnit\\Framework\\TestCase->run()
#63 /Users/macbookshop/Desktop/Projects/Developments/DNA-Web/DNA-Frontend/vendor/phpunit/phpunit/src/Framework/TestSuite.php(374): PHPUnit\\Framework\\TestSuite->run()
#64 /Users/macbookshop/Desktop/Projects/Developments/DNA-Web/DNA-Frontend/vendor/phpunit/phpunit/src/Framework/TestSuite.php(374): PHPUnit\\Framework\\TestSuite->run()
#65 /Users/macbookshop/Desktop/Projects/Developments/DNA-Web/DNA-Frontend/vendor/phpunit/phpunit/src/TextUI/TestRunner.php(64): PHPUnit\\Framework\\TestSuite->run()
#66 /Users/macbookshop/Desktop/Projects/Developments/DNA-Web/DNA-Frontend/vendor/phpunit/phpunit/src/TextUI/Application.php(229): PHPUnit\\TextUI\\TestRunner->run(Object(PHPUnit\\TextUI\\Configuration\\Configuration), Object(PHPUnit\\Runner\\ResultCache\\DefaultResultCache), Object(PHPUnit\\Framework\\TestSuite))
#67 /Users/macbookshop/Desktop/Projects/Developments/DNA-Web/DNA-Frontend/vendor/phpunit/phpunit/phpunit(104): PHPUnit\\TextUI\\Application->run(Array)
#68 {main}

[previous exception] [object] (Illuminate\\View\\ViewException(code: 0): Missing required parameter for [Route: analysis.index] [URI: {locale}] [Missing parameter: locale]. (View: /Users/macbookshop/Desktop/Projects/Developments/DNA-Web/DNA-Frontend/resources/views/layouts/app.blade.php) at /Users/macbookshop/Desktop/Projects/Developments/DNA-Web/DNA-Frontend/vendor/laravel/framework/src/Illuminate/Routing/Exceptions/UrlGenerationException.php:35)
[stacktrace]
#0 /Users/macbookshop/Desktop/Projects/Developments/DNA-Web/DNA-Frontend/vendor/laravel/framework/src/Illuminate/View/Engines/PhpEngine.php(59): Illuminate\\View\\Engines\\CompilerEngine->handleViewException(Object(Illuminate\\Routing\\Exceptions\\UrlGenerationException), 2)
#1 /Users/macbookshop/Desktop/Projects/Developments/DNA-Web/DNA-Frontend/vendor/laravel/framework/src/Illuminate/View/Engines/CompilerEngine.php(76): Illuminate\\View\\Engines\\PhpEngine->evaluatePath('/Users/macbooks...', Array)
#2 /Users/macbookshop/Desktop/Projects/Developments/DNA-Web/DNA-Frontend/vendor/laravel/framework/src/Illuminate/View/View.php(208): Illuminate\\View\\Engines\\CompilerEngine->get('/Users/macbooks...', Array)
#3 /Users/macbookshop/Desktop/Projects/Developments/DNA-Web/DNA-Frontend/vendor/laravel/framework/src/Illuminate/View/View.php(191): Illuminate\\View\\View->getContents()
#4 /Users/macbookshop/Desktop/Projects/Developments/DNA-Web/DNA-Frontend/vendor/laravel/framework/src/Illuminate/View/View.php(160): Illuminate\\View\\View->renderContents()
#5 /Users/macbookshop/Desktop/Projects/Developments/DNA-Web/DNA-Frontend/storage/framework/views/f058fb6fd3ae58a3027bb36a27ff1ec0.php(15): Illuminate\\View\\View->render()
#6 /Users/macbookshop/Desktop/Projects/Developments/DNA-Web/DNA-Frontend/vendor/laravel/framework/src/Illuminate/Filesystem/Filesystem.php(123): require('/Users/macbooks...')
#7 /Users/macbookshop/Desktop/Projects/Developments/DNA-Web/DNA-Frontend/vendor/laravel/framework/src/Illuminate/Filesystem/Filesystem.php(124): Illuminate\\Filesystem\\Filesystem::{closure:Illuminate\\Filesystem\\Filesystem::getRequire():120}()
#8 /Users/macbookshop/Desktop/Projects/Developments/DNA-Web/DNA-Frontend/vendor/laravel/framework/src/Illuminate/View/Engines/PhpEngine.php(57): Illuminate\\Filesystem\\Filesystem->getRequire('/Users/macbooks...', Array)
#9 /Users/macbookshop/Desktop/Projects/Developments/DNA-Web/DNA-Frontend/vendor/laravel/framework/src/Illuminate/View/Engines/CompilerEngine.php(76): Illuminate\\View\\Engines\\PhpEngine->evaluatePath('/Users/macbooks...', Array)
#10 /Users/macbookshop/Desktop/Projects/Developments/DNA-Web/DNA-Frontend/vendor/laravel/framework/src/Illuminate/View/View.php(208): Illuminate\\View\\Engines\\CompilerEngine->get('/Users/macbooks...', Array)
#11 /Users/macbookshop/Desktop/Projects/Developments/DNA-Web/DNA-Frontend/vendor/laravel/framework/src/Illuminate/View/View.php(191): Illuminate\\View\\View->getContents()
#12 /Users/macbookshop/Desktop/Projects/Developments/DNA-Web/DNA-Frontend/vendor/laravel/framework/src/Illuminate/View/View.php(160): Illuminate\\View\\View->renderContents()
#13 /Users/macbookshop/Desktop/Projects/Developments/DNA-Web/DNA-Frontend/vendor/laravel/framework/src/Illuminate/Http/Response.php(82): Illuminate\\View\\View->render()
#14 /Users/macbookshop/Desktop/Projects/Developments/DNA-Web/DNA-Frontend/vendor/laravel/framework/src/Illuminate/Http/Response.php(40): Illuminate\\Http\\Response->setContent(Object(Illuminate\\View\\View))
#15 /Users/macbookshop/Desktop/Projects/Developments/DNA-Web/DNA-Frontend/vendor/laravel/framework/src/Illuminate/Routing/ResponseFactory.php(61): Illuminate\\Http\\Response->__construct(Object(Illuminate\\View\\View), 404, Array)
#16 /Users/macbookshop/Desktop/Projects/Developments/DNA-Web/DNA-Frontend/vendor/laravel/framework/src/Illuminate/Routing/ResponseFactory.php(91): Illuminate\\Routing\\ResponseFactory->make(Object(Illuminate\\View\\View), 404, Array)
#17 /Users/macbookshop/Desktop/Projects/Developments/DNA-Web/DNA-Frontend/vendor/laravel/framework/src/Illuminate/Foundation/Exceptions/Handler.php(1031): Illuminate\\Routing\\ResponseFactory->view('errors::404', Array, 404, Array)
#18 /Users/macbookshop/Desktop/Projects/Developments/DNA-Web/DNA-Frontend/vendor/laravel/framework/src/Illuminate/Foundation/Exceptions/Handler.php(950): Illuminate\\Foundation\\Exceptions\\Handler->renderHttpException(Object(Symfony\\Component\\HttpKernel\\Exception\\NotFoundHttpException))
#19 /Users/macbookshop/Desktop/Projects/Developments/DNA-Web/DNA-Frontend/vendor/laravel/framework/src/Illuminate/Foundation/Exceptions/Handler.php(833): Illuminate\\Foundation\\Exceptions\\Handler->prepareResponse(Object(Illuminate\\Http\\Request), Object(Symfony\\Component\\HttpKernel\\Exception\\NotFoundHttpException))
#20 /Users/macbookshop/Desktop/Projects/Developments/DNA-Web/DNA-Frontend/vendor/laravel/framework/src/Illuminate/Foundation/Exceptions/Handler.php(720): Illuminate\\Foundation\\Exceptions\\Handler->renderExceptionResponse(Object(Illuminate\\Http\\Request), Object(Symfony\\Component\\HttpKernel\\Exception\\NotFoundHttpException))
#21 /Users/macbookshop/Desktop/Projects/Developments/DNA-Web/DNA-Frontend/vendor/laravel/framework/src/Illuminate/Routing/Pipeline.php(51): Illuminate\\Foundation\\Exceptions\\Handler->render(Object(Illuminate\\Http\\Request), Object(Symfony\\Component\\HttpKernel\\Exception\\NotFoundHttpException))
#22 /Users/macbookshop/Desktop/Projects/Developments/DNA-Web/DNA-Frontend/vendor/laravel/framework/src/Illuminate/Pipeline/Pipeline.php(224): Illuminate\\Routing\\Pipeline->handleException(Object(Illuminate\\Http\\Request), Object(Illuminate\\Database\\Eloquent\\ModelNotFoundException))
#23 /Users/macbookshop/Desktop/Projects/Developments/DNA-Web/DNA-Frontend/vendor/laravel/framework/src/Illuminate/Foundation/Http/Middleware/PreventRequestForgery.php(104): Illuminate\\Pipeline\\Pipeline->{closure:{closure:Illuminate\\Pipeline\\Pipeline::carry():194}:195}(Object(Illuminate\\Http\\Request))
#24 /Users/macbookshop/Desktop/Projects/Developments/DNA-Web/DNA-Frontend/vendor/laravel/framework/src/Illuminate/Pipeline/Pipeline.php(219): Illuminate\\Foundation\\Http\\Middleware\\PreventRequestForgery->handle(Object(Illuminate\\Http\\Request), Object(Closure))
#25 /Users/macbookshop/Desktop/Projects/Developments/DNA-Web/DNA-Frontend/vendor/laravel/framework/src/Illuminate/View/Middleware/ShareErrorsFromSession.php(48): Illuminate\\Pipeline\\Pipeline->{closure:{closure:Illuminate\\Pipeline\\Pipeline::carry():194}:195}(Object(Illuminate\\Http\\Request))
#26 /Users/macbookshop/Desktop/Projects/Developments/DNA-Web/DNA-Frontend/vendor/laravel/framework/src/Illuminate/Pipeline/Pipeline.php(219): Illuminate\\View\\Middleware\\ShareErrorsFromSession->handle(Object(Illuminate\\Http\\Request), Object(Closure))
#27 /Users/macbookshop/Desktop/Projects/Developments/DNA-Web/DNA-Frontend/vendor/laravel/framework/src/Illuminate/Session/Middleware/StartSession.php(120): Illuminate\\Pipeline\\Pipeline->{closure:{closure:Illuminate\\Pipeline\\Pipeline::carry():194}:195}(Object(Illuminate\\Http\\Request))
#28 /Users/macbookshop/Desktop/Projects/Developments/DNA-Web/DNA-Frontend/vendor/laravel/framework/src/Illuminate/Session/Middleware/StartSession.php(63): Illuminate\\Session\\Middleware\\StartSession->handleStatefulRequest(Object(Illuminate\\Http\\Request), Object(Illuminate\\Session\\Store), Object(Closure))
#29 /Users/macbookshop/Desktop/Projects/Developments/DNA-Web/DNA-Frontend/vendor/laravel/framework/src/Illuminate/Pipeline/Pipeline.php(219): Illuminate\\Session\\Middleware\\StartSession->handle(Object(Illuminate\\Http\\Request), Object(Closure))
#30 /Users/macbookshop/Desktop/Projects/Developments/DNA-Web/DNA-Frontend/vendor/laravel/framework/src/Illuminate/Cookie/Middleware/AddQueuedCookiesToResponse.php(36): Illuminate\\Pipeline\\Pipeline->{closure:{closure:Illuminate\\Pipeline\\Pipeline::carry():194}:195}(Object(Illuminate\\Http\\Request))
#31 /Users/macbookshop/Desktop/Projects/Developments/DNA-Web/DNA-Frontend/vendor/laravel/framework/src/Illuminate/Pipeline/Pipeline.php(219): Illuminate\\Cookie\\Middleware\\AddQueuedCookiesToResponse->handle(Object(Illuminate\\Http\\Request), Object(Closure))
#32 /Users/macbookshop/Desktop/Projects/Developments/DNA-Web/DNA-Frontend/vendor/laravel/framework/src/Illuminate/Cookie/Middleware/EncryptCookies.php(74): Illuminate\\Pipeline\\Pipeline->{closure:{closure:Illuminate\\Pipeline\\Pipeline::carry():194}:195}(Object(Illuminate\\Http\\Request))
#33 /Users/macbookshop/Desktop/Projects/Developments/DNA-Web/DNA-Frontend/vendor/laravel/framework/src/Illuminate/Pipeline/Pipeline.php(219): Illuminate\\Cookie\\Middleware\\EncryptCookies->handle(Object(Illuminate\\Http\\Request), Object(Closure))
#34 /Users/macbookshop/Desktop/Projects/Developments/DNA-Web/DNA-Frontend/vendor/laravel/framework/src/Illuminate/Pipeline/Pipeline.php(137): Illuminate\\Pipeline\\Pipeline->{closure:{closure:Illuminate\\Pipeline\\Pipeline::carry():194}:195}(Object(Illuminate\\Http\\Request))
#35 /Users/macbookshop/Desktop/Projects/Developments/DNA-Web/DNA-Frontend/vendor/laravel/framework/src/Illuminate/Routing/Router.php(821): Illuminate\\Pipeline\\Pipeline->then(Object(Closure))
#36 /Users/macbookshop/Desktop/Projects/Developments/DNA-Web/DNA-Frontend/vendor/laravel/framework/src/Illuminate/Routing/Router.php(800): Illuminate\\Routing\\Router->runRouteWithinStack(Object(Illuminate\\Routing\\Route), Object(Illuminate\\Http\\Request))
#37 /Users/macbookshop/Desktop/Projects/Developments/DNA-Web/DNA-Frontend/vendor/laravel/framework/src/Illuminate/Routing/Router.php(764): Illuminate\\Routing\\Router->runRoute(Object(Illuminate\\Http\\Request), Object(Illuminate\\Routing\\Route))
#38 /Users/macbookshop/Desktop/Projects/Developments/DNA-Web/DNA-Frontend/vendor/laravel/framework/src/Illuminate/Routing/Router.php(753): Illuminate\\Routing\\Router->dispatchToRoute(Object(Illuminate\\Http\\Request))
#39 /Users/macbookshop/Desktop/Projects/Developments/DNA-Web/DNA-Frontend/vendor/laravel/framework/src/Illuminate/Foundation/Http/Kernel.php(200): Illuminate\\Routing\\Router->dispatch(Object(Illuminate\\Http\\Request))
#40 /Users/macbookshop/Desktop/Projects/Developments/DNA-Web/DNA-Frontend/vendor/laravel/framework/src/Illuminate/Pipeline/Pipeline.php(180): Illuminate\\Foundation\\Http\\Kernel->{closure:Illuminate\\Foundation\\Http\\Kernel::dispatchToRouter():197}(Object(Illuminate\\Http\\Request))
#41 /Users/macbookshop/Desktop/Projects/Developments/DNA-Web/DNA-Frontend/vendor/laravel/framework/src/Illuminate/Foundation/Http/Middleware/TransformsRequest.php(21): Illuminate\\Pipeline\\Pipeline->{closure:Illuminate\\Pipeline\\Pipeline::prepareDestination():178}(Object(Illuminate\\Http\\Request))
#42 /Users/macbookshop/Desktop/Projects/Developments/DNA-Web/DNA-Frontend/vendor/laravel/framework/src/Illuminate/Foundation/Http/Middleware/ConvertEmptyStringsToNull.php(31): Illuminate\\Foundation\\Http\\Middleware\\TransformsRequest->handle(Object(Illuminate\\Http\\Request), Object(Closure))
#43 /Users/macbookshop/Desktop/Projects/Developments/DNA-Web/DNA-Frontend/vendor/laravel/framework/src/Illuminate/Pipeline/Pipeline.php(219): Illuminate\\Foundation\\Http\\Middleware\\ConvertEmptyStringsToNull->handle(Object(Illuminate\\Http\\Request), Object(Closure))
#44 /Users/macbookshop/Desktop/Projects/Developments/DNA-Web/DNA-Frontend/vendor/laravel/framework/src/Illuminate/Foundation/Http/Middleware/TransformsRequest.php(21): Illuminate\\Pipeline\\Pipeline->{closure:{closure:Illuminate\\Pipeline\\Pipeline::carry():194}:195}(Object(Illuminate\\Http\\Request))
#45 /Users/macbookshop/Desktop/Projects/Developments/DNA-Web/DNA-Frontend/vendor/laravel/framework/src/Illuminate/Foundation/Http/Middleware/TrimStrings.php(51): Illuminate\\Foundation\\Http\\Middleware\\TransformsRequest->handle(Object(Illuminate\\Http\\Request), Object(Closure))
#46 /Users/macbookshop/Desktop/Projects/Developments/DNA-Web/DNA-Frontend/vendor/laravel/framework/src/Illuminate/Pipeline/Pipeline.php(219): Illuminate\\Foundation\\Http\\Middleware\\TrimStrings->handle(Object(Illuminate\\Http\\Request), Object(Closure))
#47 /Users/macbookshop/Desktop/Projects/Developments/DNA-Web/DNA-Frontend/vendor/laravel/framework/src/Illuminate/Http/Middleware/ValidatePostSize.php(27): Illuminate\\Pipeline\\Pipeline->{closure:{closure:Illuminate\\Pipeline\\Pipeline::carry():194}:195}(Object(Illuminate\\Http\\Request))
#48 /Users/macbookshop/Desktop/Projects/Developments/DNA-Web/DNA-Frontend/vendor/laravel/framework/src/Illuminate/Pipeline/Pipeline.php(219): Illuminate\\Http\\Middleware\\ValidatePostSize->handle(Object(Illuminate\\Http\\Request), Object(Closure))
#49 /Users/macbookshop/Desktop/Projects/Developments/DNA-Web/DNA-Frontend/vendor/laravel/framework/src/Illuminate/Foundation/Http/Middleware/PreventRequestsDuringMaintenance.php(109): Illuminate\\Pipeline\\Pipeline->{closure:{closure:Illuminate\\Pipeline\\Pipeline::carry():194}:195}(Object(Illuminate\\Http\\Request))
#50 /Users/macbookshop/Desktop/Projects/Developments/DNA-Web/DNA-Frontend/vendor/laravel/framework/src/Illuminate/Pipeline/Pipeline.php(219): Illuminate\\Foundation\\Http\\Middleware\\PreventRequestsDuringMaintenance->handle(Object(Illuminate\\Http\\Request), Object(Closure))
#51 /Users/macbookshop/Desktop/Projects/Developments/DNA-Web/DNA-Frontend/vendor/laravel/framework/src/Illuminate/Http/Middleware/HandleCors.php(61): Illuminate\\Pipeline\\Pipeline->{closure:{closure:Illuminate\\Pipeline\\Pipeline::carry():194}:195}(Object(Illuminate\\Http\\Request))
#52 /Users/macbookshop/Desktop/Projects/Developments/DNA-Web/DNA-Frontend/vendor/laravel/framework/src/Illuminate/Pipeline/Pipeline.php(219): Illuminate\\Http\\Middleware\\HandleCors->handle(Object(Illuminate\\Http\\Request), Object(Closure))
#53 /Users/macbookshop/Desktop/Projects/Developments/DNA-Web/DNA-Frontend/vendor/laravel/framework/src/Illuminate/Http/Middleware/TrustProxies.php(58): Illuminate\\Pipeline\\Pipeline->{closure:{closure:Illuminate\\Pipeline\\Pipeline::carry():194}:195}(Object(Illuminate\\Http\\Request))
#54 /Users/macbookshop/Desktop/Projects/Developments/DNA-Web/DNA-Frontend/vendor/laravel/framework/src/Illuminate/Pipeline/Pipeline.php(219): Illuminate\\Http\\Middleware\\TrustProxies->handle(Object(Illuminate\\Http\\Request), Object(Closure))
#55 /Users/macbookshop/Desktop/Projects/Developments/DNA-Web/DNA-Frontend/vendor/laravel/framework/src/Illuminate/Foundation/Http/Middleware/InvokeDeferredCallbacks.php(22): Illuminate\\Pipeline\\Pipeline->{closure:{closure:Illuminate\\Pipeline\\Pipeline::carry():194}:195}(Object(Illuminate\\Http\\Request))
#56 /Users/macbookshop/Desktop/Projects/Developments/DNA-Web/DNA-Frontend/vendor/laravel/framework/src/Illuminate/Pipeline/Pipeline.php(219): Illuminate\\Foundation\\Http\\Middleware\\InvokeDeferredCallbacks->handle(Object(Illuminate\\Http\\Request), Object(Closure))
#57 /Users/macbookshop/Desktop/Projects/Developments/DNA-Web/DNA-Frontend/vendor/laravel/framework/src/Illuminate/Http/Middleware/ValidatePathEncoding.php(28): Illuminate\\Pipeline\\Pipeline->{closure:{closure:Illuminate\\Pipeline\\Pipeline::carry():194}:195}(Object(Illuminate\\Http\\Request))
#58 /Users/macbookshop/Desktop/Projects/Developments/DNA-Web/DNA-Frontend/vendor/laravel/framework/src/Illuminate/Pipeline/Pipeline.php(219): Illuminate\\Http\\Middleware\\ValidatePathEncoding->handle(Object(Illuminate\\Http\\Request), Object(Closure))
#59 /Users/macbookshop/Desktop/Projects/Developments/DNA-Web/DNA-Frontend/vendor/laravel/framework/src/Illuminate/Pipeline/Pipeline.php(137): Illuminate\\Pipeline\\Pipeline->{closure:{closure:Illuminate\\Pipeline\\Pipeline::carry():194}:195}(Object(Illuminate\\Http\\Request))
#60 /Users/macbookshop/Desktop/Projects/Developments/DNA-Web/DNA-Frontend/vendor/laravel/framework/src/Illuminate/Foundation/Http/Kernel.php(175): Illuminate\\Pipeline\\Pipeline->then(Object(Closure))
#61 /Users/macbookshop/Desktop/Projects/Developments/DNA-Web/DNA-Frontend/vendor/laravel/framework/src/Illuminate/Foundation/Http/Kernel.php(144): Illuminate\\Foundation\\Http\\Kernel->sendRequestThroughRouter(Object(Illuminate\\Http\\Request))
#62 /Users/macbookshop/Desktop/Projects/Developments/DNA-Web/DNA-Frontend/vendor/laravel/framework/src/Illuminate/Foundation/Testing/Concerns/MakesHttpRequests.php(638): Illuminate\\Foundation\\Http\\Kernel->handle(Object(Illuminate\\Http\\Request))
#63 /Users/macbookshop/Desktop/Projects/Developments/DNA-Web/DNA-Frontend/vendor/laravel/framework/src/Illuminate/Foundation/Testing/Concerns/MakesHttpRequests.php(368): Illuminate\\Foundation\\Testing\\TestCase->call('GET', '/ku/result/ae05...', Array, Array, Array, Array)
#64 /Users/macbookshop/Desktop/Projects/Developments/DNA-Web/DNA-Frontend/tests/Feature/AnalysisTest.php(202): Illuminate\\Foundation\\Testing\\TestCase->get('/ku/result/ae05...')
#65 /Users/macbookshop/Desktop/Projects/Developments/DNA-Web/DNA-Frontend/vendor/phpunit/phpunit/src/Framework/TestCase.php(1318): Tests\\Feature\\AnalysisTest->test_an_expired_result_id_returns_a_translated_404()
#66 /Users/macbookshop/Desktop/Projects/Developments/DNA-Web/DNA-Frontend/vendor/phpunit/phpunit/src/Framework/TestCase.php(1355): PHPUnit\\Framework\\TestCase->invokeTestMethod('test_an_expired...', Array)
#67 /Users/macbookshop/Desktop/Projects/Developments/DNA-Web/DNA-Frontend/vendor/phpunit/phpunit/src/Framework/TestCase.php(521): PHPUnit\\Framework\\TestCase->runTest()
#68 /Users/macbookshop/Desktop/Projects/Developments/DNA-Web/DNA-Frontend/vendor/phpunit/phpunit/src/Framework/TestRunner/TestRunner.php(99): PHPUnit\\Framework\\TestCase->runBare()
#69 /Users/macbookshop/Desktop/Projects/Developments/DNA-Web/DNA-Frontend/vendor/phpunit/phpunit/src/Framework/TestCase.php(361): PHPUnit\\Framework\\TestRunner->run(Object(Tests\\Feature\\AnalysisTest))
#70 /Users/macbookshop/Desktop/Projects/Developments/DNA-Web/DNA-Frontend/vendor/phpunit/phpunit/src/Framework/TestSuite.php(374): PHPUnit\\Framework\\TestCase->run()
#71 /Users/macbookshop/Desktop/Projects/Developments/DNA-Web/DNA-Frontend/vendor/phpunit/phpunit/src/Framework/TestSuite.php(374): PHPUnit\\Framework\\TestSuite->run()
#72 /Users/macbookshop/Desktop/Projects/Developments/DNA-Web/DNA-Frontend/vendor/phpunit/phpunit/src/Framework/TestSuite.php(374): PHPUnit\\Framework\\TestSuite->run()
#73 /Users/macbookshop/Desktop/Projects/Developments/DNA-Web/DNA-Frontend/vendor/phpunit/phpunit/src/TextUI/TestRunner.php(64): PHPUnit\\Framework\\TestSuite->run()
#74 /Users/macbookshop/Desktop/Projects/Developments/DNA-Web/DNA-Frontend/vendor/phpunit/phpunit/src/TextUI/Application.php(229): PHPUnit\\TextUI\\TestRunner->run(Object(PHPUnit\\TextUI\\Configuration\\Configuration), Object(PHPUnit\\Runner\\ResultCache\\DefaultResultCache), Object(PHPUnit\\Framework\\TestSuite))
#75 /Users/macbookshop/Desktop/Projects/Developments/DNA-Web/DNA-Frontend/vendor/phpunit/phpunit/phpunit(104): PHPUnit\\TextUI\\Application->run(Array)
#76 {main}

[previous exception] [object] (Illuminate\\Routing\\Exceptions\\UrlGenerationException(code: 0): Missing required parameter for [Route: analysis.index] [URI: {locale}] [Missing parameter: locale]. at /Users/macbookshop/Desktop/Projects/Developments/DNA-Web/DNA-Frontend/vendor/laravel/framework/src/Illuminate/Routing/Exceptions/UrlGenerationException.php:35)
[stacktrace]
#0 /Users/macbookshop/Desktop/Projects/Developments/DNA-Web/DNA-Frontend/vendor/laravel/framework/src/Illuminate/Routing/RouteUrlGenerator.php(95): Illuminate\\Routing\\Exceptions\\UrlGenerationException::forMissingParameters(Object(Illuminate\\Routing\\Route), Array)
#1 /Users/macbookshop/Desktop/Projects/Developments/DNA-Web/DNA-Frontend/vendor/laravel/framework/src/Illuminate/Routing/UrlGenerator.php(557): Illuminate\\Routing\\RouteUrlGenerator->to(Object(Illuminate\\Routing\\Route), Array, true)
#2 /Users/macbookshop/Desktop/Projects/Developments/DNA-Web/DNA-Frontend/vendor/laravel/framework/src/Illuminate/Routing/UrlGenerator.php(534): Illuminate\\Routing\\UrlGenerator->toRoute(Object(Illuminate\\Routing\\Route), Array, true)
#3 /Users/macbookshop/Desktop/Projects/Developments/DNA-Web/DNA-Frontend/vendor/laravel/framework/src/Illuminate/Foundation/helpers.php(870): Illuminate\\Routing\\UrlGenerator->route('analysis.index', Array, true)
#4 /Users/macbookshop/Desktop/Projects/Developments/DNA-Web/DNA-Frontend/storage/framework/views/5412c5794b9520f727cb3f5abab9bc6b.php(34): route('analysis.index')
#5 /Users/macbookshop/Desktop/Projects/Developments/DNA-Web/DNA-Frontend/vendor/laravel/framework/src/Illuminate/Filesystem/Filesystem.php(123): require('/Users/macbooks...')
#6 /Users/macbookshop/Desktop/Projects/Developments/DNA-Web/DNA-Frontend/vendor/laravel/framework/src/Illuminate/Filesystem/Filesystem.php(124): Illuminate\\Filesystem\\Filesystem::{closure:Illuminate\\Filesystem\\Filesystem::getRequire():120}()
#7 /Users/macbookshop/Desktop/Projects/Developments/DNA-Web/DNA-Frontend/vendor/laravel/framework/src/Illuminate/View/Engines/PhpEngine.php(57): Illuminate\\Filesystem\\Filesystem->getRequire('/Users/macbooks...', Array)
#8 /Users/macbookshop/Desktop/Projects/Developments/DNA-Web/DNA-Frontend/vendor/laravel/framework/src/Illuminate/View/Engines/CompilerEngine.php(76): Illuminate\\View\\Engines\\PhpEngine->evaluatePath('/Users/macbooks...', Array)
#9 /Users/macbookshop/Desktop/Projects/Developments/DNA-Web/DNA-Frontend/vendor/laravel/framework/src/Illuminate/View/View.php(208): Illuminate\\View\\Engines\\CompilerEngine->get('/Users/macbooks...', Array)
#10 /Users/macbookshop/Desktop/Projects/Developments/DNA-Web/DNA-Frontend/vendor/laravel/framework/src/Illuminate/View/View.php(191): Illuminate\\View\\View->getContents()
#11 /Users/macbookshop/Desktop/Projects/Developments/DNA-Web/DNA-Frontend/vendor/laravel/framework/src/Illuminate/View/View.php(160): Illuminate\\View\\View->renderContents()
#12 /Users/macbookshop/Desktop/Projects/Developments/DNA-Web/DNA-Frontend/storage/framework/views/f058fb6fd3ae58a3027bb36a27ff1ec0.php(15): Illuminate\\View\\View->render()
#13 /Users/macbookshop/Desktop/Projects/Developments/DNA-Web/DNA-Frontend/vendor/laravel/framework/src/Illuminate/Filesystem/Filesystem.php(123): require('/Users/macbooks...')
#14 /Users/macbookshop/Desktop/Projects/Developments/DNA-Web/DNA-Frontend/vendor/laravel/framework/src/Illuminate/Filesystem/Filesystem.php(124): Illuminate\\Filesystem\\Filesystem::{closure:Illuminate\\Filesystem\\Filesystem::getRequire():120}()
#15 /Users/macbookshop/Desktop/Projects/Developments/DNA-Web/DNA-Frontend/vendor/laravel/framework/src/Illuminate/View/Engines/PhpEngine.php(57): Illuminate\\Filesystem\\Filesystem->getRequire('/Users/macbooks...', Array)
#16 /Users/macbookshop/Desktop/Projects/Developments/DNA-Web/DNA-Frontend/vendor/laravel/framework/src/Illuminate/View/Engines/CompilerEngine.php(76): Illuminate\\View\\Engines\\PhpEngine->evaluatePath('/Users/macbooks...', Array)
#17 /Users/macbookshop/Desktop/Projects/Developments/DNA-Web/DNA-Frontend/vendor/laravel/framework/src/Illuminate/View/View.php(208): Illuminate\\View\\Engines\\CompilerEngine->get('/Users/macbooks...', Array)
#18 /Users/macbookshop/Desktop/Projects/Developments/DNA-Web/DNA-Frontend/vendor/laravel/framework/src/Illuminate/View/View.php(191): Illuminate\\View\\View->getContents()
#19 /Users/macbookshop/Desktop/Projects/Developments/DNA-Web/DNA-Frontend/vendor/laravel/framework/src/Illuminate/View/View.php(160): Illuminate\\View\\View->renderContents()
#20 /Users/macbookshop/Desktop/Projects/Developments/DNA-Web/DNA-Frontend/vendor/laravel/framework/src/Illuminate/Http/Response.php(82): Illuminate\\View\\View->render()
#21 /Users/macbookshop/Desktop/Projects/Developments/DNA-Web/DNA-Frontend/vendor/laravel/framework/src/Illuminate/Http/Response.php(40): Illuminate\\Http\\Response->setContent(Object(Illuminate\\View\\View))
#22 /Users/macbookshop/Desktop/Projects/Developments/DNA-Web/DNA-Frontend/vendor/laravel/framework/src/Illuminate/Routing/ResponseFactory.php(61): Illuminate\\Http\\Response->__construct(Object(Illuminate\\View\\View), 404, Array)
#23 /Users/macbookshop/Desktop/Projects/Developments/DNA-Web/DNA-Frontend/vendor/laravel/framework/src/Illuminate/Routing/ResponseFactory.php(91): Illuminate\\Routing\\ResponseFactory->make(Object(Illuminate\\View\\View), 404, Array)
#24 /Users/macbookshop/Desktop/Projects/Developments/DNA-Web/DNA-Frontend/vendor/laravel/framework/src/Illuminate/Foundation/Exceptions/Handler.php(1031): Illuminate\\Routing\\ResponseFactory->view('errors::404', Array, 404, Array)
#25 /Users/macbookshop/Desktop/Projects/Developments/DNA-Web/DNA-Frontend/vendor/laravel/framework/src/Illuminate/Foundation/Exceptions/Handler.php(950): Illuminate\\Foundation\\Exceptions\\Handler->renderHttpException(Object(Symfony\\Component\\HttpKernel\\Exception\\NotFoundHttpException))
#26 /Users/macbookshop/Desktop/Projects/Developments/DNA-Web/DNA-Frontend/vendor/laravel/framework/src/Illuminate/Foundation/Exceptions/Handler.php(833): Illuminate\\Foundation\\Exceptions\\Handler->prepareResponse(Object(Illuminate\\Http\\Request), Object(Symfony\\Component\\HttpKernel\\Exception\\NotFoundHttpException))
#27 /Users/macbookshop/Desktop/Projects/Developments/DNA-Web/DNA-Frontend/vendor/laravel/framework/src/Illuminate/Foundation/Exceptions/Handler.php(720): Illuminate\\Foundation\\Exceptions\\Handler->renderExceptionResponse(Object(Illuminate\\Http\\Request), Object(Symfony\\Component\\HttpKernel\\Exception\\NotFoundHttpException))
#28 /Users/macbookshop/Desktop/Projects/Developments/DNA-Web/DNA-Frontend/vendor/laravel/framework/src/Illuminate/Routing/Pipeline.php(51): Illuminate\\Foundation\\Exceptions\\Handler->render(Object(Illuminate\\Http\\Request), Object(Symfony\\Component\\HttpKernel\\Exception\\NotFoundHttpException))
#29 /Users/macbookshop/Desktop/Projects/Developments/DNA-Web/DNA-Frontend/vendor/laravel/framework/src/Illuminate/Pipeline/Pipeline.php(224): Illuminate\\Routing\\Pipeline->handleException(Object(Illuminate\\Http\\Request), Object(Illuminate\\Database\\Eloquent\\ModelNotFoundException))
#30 /Users/macbookshop/Desktop/Projects/Developments/DNA-Web/DNA-Frontend/vendor/laravel/framework/src/Illuminate/Foundation/Http/Middleware/PreventRequestForgery.php(104): Illuminate\\Pipeline\\Pipeline->{closure:{closure:Illuminate\\Pipeline\\Pipeline::carry():194}:195}(Object(Illuminate\\Http\\Request))
#31 /Users/macbookshop/Desktop/Projects/Developments/DNA-Web/DNA-Frontend/vendor/laravel/framework/src/Illuminate/Pipeline/Pipeline.php(219): Illuminate\\Foundation\\Http\\Middleware\\PreventRequestForgery->handle(Object(Illuminate\\Http\\Request), Object(Closure))
#32 /Users/macbookshop/Desktop/Projects/Developments/DNA-Web/DNA-Frontend/vendor/laravel/framework/src/Illuminate/View/Middleware/ShareErrorsFromSession.php(48): Illuminate\\Pipeline\\Pipeline->{closure:{closure:Illuminate\\Pipeline\\Pipeline::carry():194}:195}(Object(Illuminate\\Http\\Request))
#33 /Users/macbookshop/Desktop/Projects/Developments/DNA-Web/DNA-Frontend/vendor/laravel/framework/src/Illuminate/Pipeline/Pipeline.php(219): Illuminate\\View\\Middleware\\ShareErrorsFromSession->handle(Object(Illuminate\\Http\\Request), Object(Closure))
#34 /Users/macbookshop/Desktop/Projects/Developments/DNA-Web/DNA-Frontend/vendor/laravel/framework/src/Illuminate/Session/Middleware/StartSession.php(120): Illuminate\\Pipeline\\Pipeline->{closure:{closure:Illuminate\\Pipeline\\Pipeline::carry():194}:195}(Object(Illuminate\\Http\\Request))
#35 /Users/macbookshop/Desktop/Projects/Developments/DNA-Web/DNA-Frontend/vendor/laravel/framework/src/Illuminate/Session/Middleware/StartSession.php(63): Illuminate\\Session\\Middleware\\StartSession->handleStatefulRequest(Object(Illuminate\\Http\\Request), Object(Illuminate\\Session\\Store), Object(Closure))
#36 /Users/macbookshop/Desktop/Projects/Developments/DNA-Web/DNA-Frontend/vendor/laravel/framework/src/Illuminate/Pipeline/Pipeline.php(219): Illuminate\\Session\\Middleware\\StartSession->handle(Object(Illuminate\\Http\\Request), Object(Closure))
#37 /Users/macbookshop/Desktop/Projects/Developments/DNA-Web/DNA-Frontend/vendor/laravel/framework/src/Illuminate/Cookie/Middleware/AddQueuedCookiesToResponse.php(36): Illuminate\\Pipeline\\Pipeline->{closure:{closure:Illuminate\\Pipeline\\Pipeline::carry():194}:195}(Object(Illuminate\\Http\\Request))
#38 /Users/macbookshop/Desktop/Projects/Developments/DNA-Web/DNA-Frontend/vendor/laravel/framework/src/Illuminate/Pipeline/Pipeline.php(219): Illuminate\\Cookie\\Middleware\\AddQueuedCookiesToResponse->handle(Object(Illuminate\\Http\\Request), Object(Closure))
#39 /Users/macbookshop/Desktop/Projects/Developments/DNA-Web/DNA-Frontend/vendor/laravel/framework/src/Illuminate/Cookie/Middleware/EncryptCookies.php(74): Illuminate\\Pipeline\\Pipeline->{closure:{closure:Illuminate\\Pipeline\\Pipeline::carry():194}:195}(Object(Illuminate\\Http\\Request))
#40 /Users/macbookshop/Desktop/Projects/Developments/DNA-Web/DNA-Frontend/vendor/laravel/framework/src/Illuminate/Pipeline/Pipeline.php(219): Illuminate\\Cookie\\Middleware\\EncryptCookies->handle(Object(Illuminate\\Http\\Request), Object(Closure))
#41 /Users/macbookshop/Desktop/Projects/Developments/DNA-Web/DNA-Frontend/vendor/laravel/framework/src/Illuminate/Pipeline/Pipeline.php(137): Illuminate\\Pipeline\\Pipeline->{closure:{closure:Illuminate\\Pipeline\\Pipeline::carry():194}:195}(Object(Illuminate\\Http\\Request))
#42 /Users/macbookshop/Desktop/Projects/Developments/DNA-Web/DNA-Frontend/vendor/laravel/framework/src/Illuminate/Routing/Router.php(821): Illuminate\\Pipeline\\Pipeline->then(Object(Closure))
#43 /Users/macbookshop/Desktop/Projects/Developments/DNA-Web/DNA-Frontend/vendor/laravel/framework/src/Illuminate/Routing/Router.php(800): Illuminate\\Routing\\Router->runRouteWithinStack(Object(Illuminate\\Routing\\Route), Object(Illuminate\\Http\\Request))
#44 /Users/macbookshop/Desktop/Projects/Developments/DNA-Web/DNA-Frontend/vendor/laravel/framework/src/Illuminate/Routing/Router.php(764): Illuminate\\Routing\\Router->runRoute(Object(Illuminate\\Http\\Request), Object(Illuminate\\Routing\\Route))
#45 /Users/macbookshop/Desktop/Projects/Developments/DNA-Web/DNA-Frontend/vendor/laravel/framework/src/Illuminate/Routing/Router.php(753): Illuminate\\Routing\\Router->dispatchToRoute(Object(Illuminate\\Http\\Request))
#46 /Users/macbookshop/Desktop/Projects/Developments/DNA-Web/DNA-Frontend/vendor/laravel/framework/src/Illuminate/Foundation/Http/Kernel.php(200): Illuminate\\Routing\\Router->dispatch(Object(Illuminate\\Http\\Request))
#47 /Users/macbookshop/Desktop/Projects/Developments/DNA-Web/DNA-Frontend/vendor/laravel/framework/src/Illuminate/Pipeline/Pipeline.php(180): Illuminate\\Foundation\\Http\\Kernel->{closure:Illuminate\\Foundation\\Http\\Kernel::dispatchToRouter():197}(Object(Illuminate\\Http\\Request))
#48 /Users/macbookshop/Desktop/Projects/Developments/DNA-Web/DNA-Frontend/vendor/laravel/framework/src/Illuminate/Foundation/Http/Middleware/TransformsRequest.php(21): Illuminate\\Pipeline\\Pipeline->{closure:Illuminate\\Pipeline\\Pipeline::prepareDestination():178}(Object(Illuminate\\Http\\Request))
#49 /Users/macbookshop/Desktop/Projects/Developments/DNA-Web/DNA-Frontend/vendor/laravel/framework/src/Illuminate/Foundation/Http/Middleware/ConvertEmptyStringsToNull.php(31): Illuminate\\Foundation\\Http\\Middleware\\TransformsRequest->handle(Object(Illuminate\\Http\\Request), Object(Closure))
#50 /Users/macbookshop/Desktop/Projects/Developments/DNA-Web/DNA-Frontend/vendor/laravel/framework/src/Illuminate/Pipeline/Pipeline.php(219): Illuminate\\Foundation\\Http\\Middleware\\ConvertEmptyStringsToNull->handle(Object(Illuminate\\Http\\Request), Object(Closure))
#51 /Users/macbookshop/Desktop/Projects/Developments/DNA-Web/DNA-Frontend/vendor/laravel/framework/src/Illuminate/Foundation/Http/Middleware/TransformsRequest.php(21): Illuminate\\Pipeline\\Pipeline->{closure:{closure:Illuminate\\Pipeline\\Pipeline::carry():194}:195}(Object(Illuminate\\Http\\Request))
#52 /Users/macbookshop/Desktop/Projects/Developments/DNA-Web/DNA-Frontend/vendor/laravel/framework/src/Illuminate/Foundation/Http/Middleware/TrimStrings.php(51): Illuminate\\Foundation\\Http\\Middleware\\TransformsRequest->handle(Object(Illuminate\\Http\\Request), Object(Closure))
#53 /Users/macbookshop/Desktop/Projects/Developments/DNA-Web/DNA-Frontend/vendor/laravel/framework/src/Illuminate/Pipeline/Pipeline.php(219): Illuminate\\Foundation\\Http\\Middleware\\TrimStrings->handle(Object(Illuminate\\Http\\Request), Object(Closure))
#54 /Users/macbookshop/Desktop/Projects/Developments/DNA-Web/DNA-Frontend/vendor/laravel/framework/src/Illuminate/Http/Middleware/ValidatePostSize.php(27): Illuminate\\Pipeline\\Pipeline->{closure:{closure:Illuminate\\Pipeline\\Pipeline::carry():194}:195}(Object(Illuminate\\Http\\Request))
#55 /Users/macbookshop/Desktop/Projects/Developments/DNA-Web/DNA-Frontend/vendor/laravel/framework/src/Illuminate/Pipeline/Pipeline.php(219): Illuminate\\Http\\Middleware\\ValidatePostSize->handle(Object(Illuminate\\Http\\Request), Object(Closure))
#56 /Users/macbookshop/Desktop/Projects/Developments/DNA-Web/DNA-Frontend/vendor/laravel/framework/src/Illuminate/Foundation/Http/Middleware/PreventRequestsDuringMaintenance.php(109): Illuminate\\Pipeline\\Pipeline->{closure:{closure:Illuminate\\Pipeline\\Pipeline::carry():194}:195}(Object(Illuminate\\Http\\Request))
#57 /Users/macbookshop/Desktop/Projects/Developments/DNA-Web/DNA-Frontend/vendor/laravel/framework/src/Illuminate/Pipeline/Pipeline.php(219): Illuminate\\Foundation\\Http\\Middleware\\PreventRequestsDuringMaintenance->handle(Object(Illuminate\\Http\\Request), Object(Closure))
#58 /Users/macbookshop/Desktop/Projects/Developments/DNA-Web/DNA-Frontend/vendor/laravel/framework/src/Illuminate/Http/Middleware/HandleCors.php(61): Illuminate\\Pipeline\\Pipeline->{closure:{closure:Illuminate\\Pipeline\\Pipeline::carry():194}:195}(Object(Illuminate\\Http\\Request))
#59 /Users/macbookshop/Desktop/Projects/Developments/DNA-Web/DNA-Frontend/vendor/laravel/framework/src/Illuminate/Pipeline/Pipeline.php(219): Illuminate\\Http\\Middleware\\HandleCors->handle(Object(Illuminate\\Http\\Request), Object(Closure))
#60 /Users/macbookshop/Desktop/Projects/Developments/DNA-Web/DNA-Frontend/vendor/laravel/framework/src/Illuminate/Http/Middleware/TrustProxies.php(58): Illuminate\\Pipeline\\Pipeline->{closure:{closure:Illuminate\\Pipeline\\Pipeline::carry():194}:195}(Object(Illuminate\\Http\\Request))
#61 /Users/macbookshop/Desktop/Projects/Developments/DNA-Web/DNA-Frontend/vendor/laravel/framework/src/Illuminate/Pipeline/Pipeline.php(219): Illuminate\\Http\\Middleware\\TrustProxies->handle(Object(Illuminate\\Http\\Request), Object(Closure))
#62 /Users/macbookshop/Desktop/Projects/Developments/DNA-Web/DNA-Frontend/vendor/laravel/framework/src/Illuminate/Foundation/Http/Middleware/InvokeDeferredCallbacks.php(22): Illuminate\\Pipeline\\Pipeline->{closure:{closure:Illuminate\\Pipeline\\Pipeline::carry():194}:195}(Object(Illuminate\\Http\\Request))
#63 /Users/macbookshop/Desktop/Projects/Developments/DNA-Web/DNA-Frontend/vendor/laravel/framework/src/Illuminate/Pipeline/Pipeline.php(219): Illuminate\\Foundation\\Http\\Middleware\\InvokeDeferredCallbacks->handle(Object(Illuminate\\Http\\Request), Object(Closure))
#64 /Users/macbookshop/Desktop/Projects/Developments/DNA-Web/DNA-Frontend/vendor/laravel/framework/src/Illuminate/Http/Middleware/ValidatePathEncoding.php(28): Illuminate\\Pipeline\\Pipeline->{closure:{closure:Illuminate\\Pipeline\\Pipeline::carry():194}:195}(Object(Illuminate\\Http\\Request))
#65 /Users/macbookshop/Desktop/Projects/Developments/DNA-Web/DNA-Frontend/vendor/laravel/framework/src/Illuminate/Pipeline/Pipeline.php(219): Illuminate\\Http\\Middleware\\ValidatePathEncoding->handle(Object(Illuminate\\Http\\Request), Object(Closure))
#66 /Users/macbookshop/Desktop/Projects/Developments/DNA-Web/DNA-Frontend/vendor/laravel/framework/src/Illuminate/Pipeline/Pipeline.php(137): Illuminate\\Pipeline\\Pipeline->{closure:{closure:Illuminate\\Pipeline\\Pipeline::carry():194}:195}(Object(Illuminate\\Http\\Request))
#67 /Users/macbookshop/Desktop/Projects/Developments/DNA-Web/DNA-Frontend/vendor/laravel/framework/src/Illuminate/Foundation/Http/Kernel.php(175): Illuminate\\Pipeline\\Pipeline->then(Object(Closure))
#68 /Users/macbookshop/Desktop/Projects/Developments/DNA-Web/DNA-Frontend/vendor/laravel/framework/src/Illuminate/Foundation/Http/Kernel.php(144): Illuminate\\Foundation\\Http\\Kernel->sendRequestThroughRouter(Object(Illuminate\\Http\\Request))
#69 /Users/macbookshop/Desktop/Projects/Developments/DNA-Web/DNA-Frontend/vendor/laravel/framework/src/Illuminate/Foundation/Testing/Concerns/MakesHttpRequests.php(638): Illuminate\\Foundation\\Http\\Kernel->handle(Object(Illuminate\\Http\\Request))
#70 /Users/macbookshop/Desktop/Projects/Developments/DNA-Web/DNA-Frontend/vendor/laravel/framework/src/Illuminate/Foundation/Testing/Concerns/MakesHttpRequests.php(368): Illuminate\\Foundation\\Testing\\TestCase->call('GET', '/ku/result/ae05...', Array, Array, Array, Array)
#71 /Users/macbookshop/Desktop/Projects/Developments/DNA-Web/DNA-Frontend/tests/Feature/AnalysisTest.php(202): Illuminate\\Foundation\\Testing\\TestCase->get('/ku/result/ae05...')
#72 /Users/macbookshop/Desktop/Projects/Developments/DNA-Web/DNA-Frontend/vendor/phpunit/phpunit/src/Framework/TestCase.php(1318): Tests\\Feature\\AnalysisTest->test_an_expired_result_id_returns_a_translated_404()
#73 /Users/macbookshop/Desktop/Projects/Developments/DNA-Web/DNA-Frontend/vendor/phpunit/phpunit/src/Framework/TestCase.php(1355): PHPUnit\\Framework\\TestCase->invokeTestMethod('test_an_expired...', Array)
#74 /Users/macbookshop/Desktop/Projects/Developments/DNA-Web/DNA-Frontend/vendor/phpunit/phpunit/src/Framework/TestCase.php(521): PHPUnit\\Framework\\TestCase->runTest()
#75 /Users/macbookshop/Desktop/Projects/Developments/DNA-Web/DNA-Frontend/vendor/phpunit/phpunit/src/Framework/TestRunner/TestRunner.php(99): PHPUnit\\Framework\\TestCase->runBare()
#76 /Users/macbookshop/Desktop/Projects/Developments/DNA-Web/DNA-Frontend/vendor/phpunit/phpunit/src/Framework/TestCase.php(361): PHPUnit\\Framework\\TestRunner->run(Object(Tests\\Feature\\AnalysisTest))
#77 /Users/macbookshop/Desktop/Projects/Developments/DNA-Web/DNA-Frontend/vendor/phpunit/phpunit/src/Framework/TestSuite.php(374): PHPUnit\\Framework\\TestCase->run()
#78 /Users/macbookshop/Desktop/Projects/Developments/DNA-Web/DNA-Frontend/vendor/phpunit/phpunit/src/Framework/TestSuite.php(374): PHPUnit\\Framework\\TestSuite->run()
#79 /Users/macbookshop/Desktop/Projects/Developments/DNA-Web/DNA-Frontend/vendor/phpunit/phpunit/src/Framework/TestSuite.php(374): PHPUnit\\Framework\\TestSuite->run()
#80 /Users/macbookshop/Desktop/Projects/Developments/DNA-Web/DNA-Frontend/vendor/phpunit/phpunit/src/TextUI/TestRunner.php(64): PHPUnit\\Framework\\TestSuite->run()
#81 /Users/macbookshop/Desktop/Projects/Developments/DNA-Web/DNA-Frontend/vendor/phpunit/phpunit/src/TextUI/Application.php(229): PHPUnit\\TextUI\\TestRunner->run(Object(PHPUnit\\TextUI\\Configuration\\Configuration), Object(PHPUnit\\Runner\\ResultCache\\DefaultResultCache), Object(PHPUnit\\Framework\\TestSuite))
#82 /Users/macbookshop/Desktop/Projects/Developments/DNA-Web/DNA-Frontend/vendor/phpunit/phpunit/phpunit(104): PHPUnit\\TextUI\\Application->run(Array)
#83 {main}
"} 
[2026-08-11 18:28:47] testing.ERROR: Compiler backend unreachable {"request_id":"6c7c54cd-4cf4-44cb-bdc0-48bb10664904","message":"down"} 
[2026-08-11 18:28:47] testing.ERROR: Missing required parameter for [Route: analysis.index] [URI: {locale}] [Missing parameter: locale]. (View: /Users/macbookshop/Desktop/Projects/Developments/DNA-Web/DNA-Frontend/resources/views/layouts/app.blade.php) (View: /Users/macbookshop/Desktop/Projects/Developments/DNA-Web/DNA-Frontend/resources/views/layouts/app.blade.php) {"exception":"[object] (Illuminate\\View\\ViewException(code: 0): Missing required parameter for [Route: analysis.index] [URI: {locale}] [Missing parameter: locale]. (View: /Users/macbookshop/Desktop/Projects/Developments/DNA-Web/DNA-Frontend/resources/views/layouts/app.blade.php) (View: /Users/macbookshop/Desktop/Projects/Developments/DNA-Web/DNA-Frontend/resources/views/layouts/app.blade.php) at /Users/macbookshop/Desktop/Projects/Developments/DNA-Web/DNA-Frontend/vendor/laravel/framework/src/Illuminate/Routing/Exceptions/UrlGenerationException.php:35)
[stacktrace]
#0 /Users/macbookshop/Desktop/Projects/Developments/DNA-Web/DNA-Frontend/vendor/laravel/framework/src/Illuminate/View/Engines/PhpEngine.php(59): Illuminate\\View\\Engines\\CompilerEngine->handleViewException(Object(Illuminate\\View\\ViewException), 1)
#1 /Users/macbookshop/Desktop/Projects/Developments/DNA-Web/DNA-Frontend/vendor/laravel/framework/src/Illuminate/View/Engines/CompilerEngine.php(76): Illuminate\\View\\Engines\\PhpEngine->evaluatePath('/Users/macbooks...', Array)
#2 /Users/macbookshop/Desktop/Projects/Developments/DNA-Web/DNA-Frontend/vendor/laravel/framework/src/Illuminate/View/View.php(208): Illuminate\\View\\Engines\\CompilerEngine->get('/Users/macbooks...', Array)
#3 /Users/macbookshop/Desktop/Projects/Developments/DNA-Web/DNA-Frontend/vendor/laravel/framework/src/Illuminate/View/View.php(191): Illuminate\\View\\View->getContents()
#4 /Users/macbookshop/Desktop/Projects/Developments/DNA-Web/DNA-Frontend/vendor/laravel/framework/src/Illuminate/View/View.php(160): Illuminate\\View\\View->renderContents()
#5 /Users/macbookshop/Desktop/Projects/Developments/DNA-Web/DNA-Frontend/vendor/laravel/framework/src/Illuminate/Http/Response.php(82): Illuminate\\View\\View->render()
#6 /Users/macbookshop/Desktop/Projects/Developments/DNA-Web/DNA-Frontend/vendor/laravel/framework/src/Illuminate/Http/Response.php(40): Illuminate\\Http\\Response->setContent(Object(Illuminate\\View\\View))
#7 /Users/macbookshop/Desktop/Projects/Developments/DNA-Web/DNA-Frontend/vendor/laravel/framework/src/Illuminate/Routing/ResponseFactory.php(61): Illuminate\\Http\\Response->__construct(Object(Illuminate\\View\\View), 404, Array)
#8 /Users/macbookshop/Desktop/Projects/Developments/DNA-Web/DNA-Frontend/vendor/laravel/framework/src/Illuminate/Routing/ResponseFactory.php(91): Illuminate\\Routing\\ResponseFactory->make(Object(Illuminate\\View\\View), 404, Array)
#9 /Users/macbookshop/Desktop/Projects/Developments/DNA-Web/DNA-Frontend/vendor/laravel/framework/src/Illuminate/Foundation/Exceptions/Handler.php(1031): Illuminate\\Routing\\ResponseFactory->view('errors::404', Array, 404, Array)
#10 /Users/macbookshop/Desktop/Projects/Developments/DNA-Web/DNA-Frontend/vendor/laravel/framework/src/Illuminate/Foundation/Exceptions/Handler.php(950): Illuminate\\Foundation\\Exceptions\\Handler->renderHttpException(Object(Symfony\\Component\\HttpKernel\\Exception\\NotFoundHttpException))
#11 /Users/macbookshop/Desktop/Projects/Developments/DNA-Web/DNA-Frontend/vendor/laravel/framework/src/Illuminate/Foundation/Exceptions/Handler.php(833): Illuminate\\Foundation\\Exceptions\\Handler->prepareResponse(Object(Illuminate\\Http\\Request), Object(Symfony\\Component\\HttpKernel\\Exception\\NotFoundHttpException))
#12 /Users/macbookshop/Desktop/Projects/Developments/DNA-Web/DNA-Frontend/vendor/laravel/framework/src/Illuminate/Foundation/Exceptions/Handler.php(720): Illuminate\\Foundation\\Exceptions\\Handler->renderExceptionResponse(Object(Illuminate\\Http\\Request), Object(Symfony\\Component\\HttpKernel\\Exception\\NotFoundHttpException))
#13 /Users/macbookshop/Desktop/Projects/Developments/DNA-Web/DNA-Frontend/vendor/laravel/framework/src/Illuminate/Routing/Pipeline.php(51): Illuminate\\Foundation\\Exceptions\\Handler->render(Object(Illuminate\\Http\\Request), Object(Symfony\\Component\\HttpKernel\\Exception\\NotFoundHttpException))
#14 /Users/macbookshop/Desktop/Projects/Developments/DNA-Web/DNA-Frontend/vendor/laravel/framework/src/Illuminate/Pipeline/Pipeline.php(182): Illuminate\\Routing\\Pipeline->handleException(Object(Illuminate\\Http\\Request), Object(Symfony\\Component\\HttpKernel\\Exception\\NotFoundHttpException))
#15 /Users/macbookshop/Desktop/Projects/Developments/DNA-Web/DNA-Frontend/vendor/laravel/framework/src/Illuminate/Foundation/Http/Middleware/TransformsRequest.php(21): Illuminate\\Pipeline\\Pipeline->{closure:Illuminate\\Pipeline\\Pipeline::prepareDestination():178}(Object(Illuminate\\Http\\Request))
#16 /Users/macbookshop/Desktop/Projects/Developments/DNA-Web/DNA-Frontend/vendor/laravel/framework/src/Illuminate/Foundation/Http/Middleware/ConvertEmptyStringsToNull.php(31): Illuminate\\Foundation\\Http\\Middleware\\TransformsRequest->handle(Object(Illuminate\\Http\\Request), Object(Closure))
#17 /Users/macbookshop/Desktop/Projects/Developments/DNA-Web/DNA-Frontend/vendor/laravel/framework/src/Illuminate/Pipeline/Pipeline.php(219): Illuminate\\Foundation\\Http\\Middleware\\ConvertEmptyStringsToNull->handle(Object(Illuminate\\Http\\Request), Object(Closure))
#18 /Users/macbookshop/Desktop/Projects/Developments/DNA-Web/DNA-Frontend/vendor/laravel/framework/src/Illuminate/Foundation/Http/Middleware/TransformsRequest.php(21): Illuminate\\Pipeline\\Pipeline->{closure:{closure:Illuminate\\Pipeline\\Pipeline::carry():194}:195}(Object(Illuminate\\Http\\Request))
#19 /Users/macbookshop/Desktop/Projects/Developments/DNA-Web/DNA-Frontend/vendor/laravel/framework/src/Illuminate/Foundation/Http/Middleware/TrimStrings.php(51): Illuminate\\Foundation\\Http\\Middleware\\TransformsRequest->handle(Object(Illuminate\\Http\\Request), Object(Closure))
#20 /Users/macbookshop/Desktop/Projects/Developments/DNA-Web/DNA-Frontend/vendor/laravel/framework/src/Illuminate/Pipeline/Pipeline.php(219): Illuminate\\Foundation\\Http\\Middleware\\TrimStrings->handle(Object(Illuminate\\Http\\Request), Object(Closure))
#21 /Users/macbookshop/Desktop/Projects/Developments/DNA-Web/DNA-Frontend/vendor/laravel/framework/src/Illuminate/Http/Middleware/ValidatePostSize.php(27): Illuminate\\Pipeline\\Pipeline->{closure:{closure:Illuminate\\Pipeline\\Pipeline::carry():194}:195}(Object(Illuminate\\Http\\Request))
#22 /Users/macbookshop/Desktop/Projects/Developments/DNA-Web/DNA-Frontend/vendor/laravel/framework/src/Illuminate/Pipeline/Pipeline.php(219): Illuminate\\Http\\Middleware\\ValidatePostSize->handle(Object(Illuminate\\Http\\Request), Object(Closure))
#23 /Users/macbookshop/Desktop/Projects/Developments/DNA-Web/DNA-Frontend/vendor/laravel/framework/src/Illuminate/Foundation/Http/Middleware/PreventRequestsDuringMaintenance.php(109): Illuminate\\Pipeline\\Pipeline->{closure:{closure:Illuminate\\Pipeline\\Pipeline::carry():194}:195}(Object(Illuminate\\Http\\Request))
#24 /Users/macbookshop/Desktop/Projects/Developments/DNA-Web/DNA-Frontend/vendor/laravel/framework/src/Illuminate/Pipeline/Pipeline.php(219): Illuminate\\Foundation\\Http\\Middleware\\PreventRequestsDuringMaintenance->handle(Object(Illuminate\\Http\\Request), Object(Closure))
#25 /Users/macbookshop/Desktop/Projects/Developments/DNA-Web/DNA-Frontend/vendor/laravel/framework/src/Illuminate/Http/Middleware/HandleCors.php(61): Illuminate\\Pipeline\\Pipeline->{closure:{closure:Illuminate\\Pipeline\\Pipeline::carry():194}:195}(Object(Illuminate\\Http\\Request))
#26 /Users/macbookshop/Desktop/Projects/Developments/DNA-Web/DNA-Frontend/vendor/laravel/framework/src/Illuminate/Pipeline/Pipeline.php(219): Illuminate\\Http\\Middleware\\HandleCors->handle(Object(Illuminate\\Http\\Request), Object(Closure))
#27 /Users/macbookshop/Desktop/Projects/Developments/DNA-Web/DNA-Frontend/vendor/laravel/framework/src/Illuminate/Http/Middleware/TrustProxies.php(58): Illuminate\\Pipeline\\Pipeline->{closure:{closure:Illuminate\\Pipeline\\Pipeline::carry():194}:195}(Object(Illuminate\\Http\\Request))
#28 /Users/macbookshop/Desktop/Projects/Developments/DNA-Web/DNA-Frontend/vendor/laravel/framework/src/Illuminate/Pipeline/Pipeline.php(219): Illuminate\\Http\\Middleware\\TrustProxies->handle(Object(Illuminate\\Http\\Request), Object(Closure))
#29 /Users/macbookshop/Desktop/Projects/Developments/DNA-Web/DNA-Frontend/vendor/laravel/framework/src/Illuminate/Foundation/Http/Middleware/InvokeDeferredCallbacks.php(22): Illuminate\\Pipeline\\Pipeline->{closure:{closure:Illuminate\\Pipeline\\Pipeline::carry():194}:195}(Object(Illuminate\\Http\\Request))
#30 /Users/macbookshop/Desktop/Projects/Developments/DNA-Web/DNA-Frontend/vendor/laravel/framework/src/Illuminate/Pipeline/Pipeline.php(219): Illuminate\\Foundation\\Http\\Middleware\\InvokeDeferredCallbacks->handle(Object(Illuminate\\Http\\Request), Object(Closure))
#31 /Users/macbookshop/Desktop/Projects/Developments/DNA-Web/DNA-Frontend/vendor/laravel/framework/src/Illuminate/Http/Middleware/ValidatePathEncoding.php(28): Illuminate\\Pipeline\\Pipeline->{closure:{closure:Illuminate\\Pipeline\\Pipeline::carry():194}:195}(Object(Illuminate\\Http\\Request))
#32 /Users/macbookshop/Desktop/Projects/Developments/DNA-Web/DNA-Frontend/vendor/laravel/framework/src/Illuminate/Pipeline/Pipeline.php(219): Illuminate\\Http\\Middleware\\ValidatePathEncoding->handle(Object(Illuminate\\Http\\Request), Object(Closure))
#33 /Users/macbookshop/Desktop/Projects/Developments/DNA-Web/DNA-Frontend/vendor/laravel/framework/src/Illuminate/Pipeline/Pipeline.php(137): Illuminate\\Pipeline\\Pipeline->{closure:{closure:Illuminate\\Pipeline\\Pipeline::carry():194}:195}(Object(Illuminate\\Http\\Request))
#34 /Users/macbookshop/Desktop/Projects/Developments/DNA-Web/DNA-Frontend/vendor/laravel/framework/src/Illuminate/Foundation/Http/Kernel.php(175): Illuminate\\Pipeline\\Pipeline->then(Object(Closure))
#35 /Users/macbookshop/Desktop/Projects/Developments/DNA-Web/DNA-Frontend/vendor/laravel/framework/src/Illuminate/Foundation/Http/Kernel.php(144): Illuminate\\Foundation\\Http\\Kernel->sendRequestThroughRouter(Object(Illuminate\\Http\\Request))
#36 /Users/macbookshop/Desktop/Projects/Developments/DNA-Web/DNA-Frontend/vendor/laravel/framework/src/Illuminate/Foundation/Testing/Concerns/MakesHttpRequests.php(638): Illuminate\\Foundation\\Http\\Kernel->handle(Object(Illuminate\\Http\\Request))
#37 /Users/macbookshop/Desktop/Projects/Developments/DNA-Web/DNA-Frontend/vendor/laravel/framework/src/Illuminate/Foundation/Testing/Concerns/MakesHttpRequests.php(368): Illuminate\\Foundation\\Testing\\TestCase->call('GET', '/fr', Array, Array, Array, Array)
#38 /Users/macbookshop/Desktop/Projects/Developments/DNA-Web/DNA-Frontend/tests/Feature/LocaleTest.php(28): Illuminate\\Foundation\\Testing\\TestCase->get('/fr')
#39 /Users/macbookshop/Desktop/Projects/Developments/DNA-Web/DNA-Frontend/vendor/phpunit/phpunit/src/Framework/TestCase.php(1318): Tests\\Feature\\LocaleTest->test_unknown_language_segment_falls_back_instead_of_404()
#40 /Users/macbookshop/Desktop/Projects/Developments/DNA-Web/DNA-Frontend/vendor/phpunit/phpunit/src/Framework/TestCase.php(1355): PHPUnit\\Framework\\TestCase->invokeTestMethod('test_unknown_la...', Array)
#41 /Users/macbookshop/Desktop/Projects/Developments/DNA-Web/DNA-Frontend/vendor/phpunit/phpunit/src/Framework/TestCase.php(521): PHPUnit\\Framework\\TestCase->runTest()
#42 /Users/macbookshop/Desktop/Projects/Developments/DNA-Web/DNA-Frontend/vendor/phpunit/phpunit/src/Framework/TestRunner/TestRunner.php(99): PHPUnit\\Framework\\TestCase->runBare()
#43 /Users/macbookshop/Desktop/Projects/Developments/DNA-Web/DNA-Frontend/vendor/phpunit/phpunit/src/Framework/TestCase.php(361): PHPUnit\\Framework\\TestRunner->run(Object(Tests\\Feature\\LocaleTest))
#44 /Users/macbookshop/Desktop/Projects/Developments/DNA-Web/DNA-Frontend/vendor/phpunit/phpunit/src/Framework/TestSuite.php(374): PHPUnit\\Framework\\TestCase->run()
#45 /Users/macbookshop/Desktop/Projects/Developments/DNA-Web/DNA-Frontend/vendor/phpunit/phpunit/src/Framework/TestSuite.php(374): PHPUnit\\Framework\\TestSuite->run()
#46 /Users/macbookshop/Desktop/Projects/Developments/DNA-Web/DNA-Frontend/vendor/phpunit/phpunit/src/Framework/TestSuite.php(374): PHPUnit\\Framework\\TestSuite->run()
#47 /Users/macbookshop/Desktop/Projects/Developments/DNA-Web/DNA-Frontend/vendor/phpunit/phpunit/src/TextUI/TestRunner.php(64): PHPUnit\\Framework\\TestSuite->run()
#48 /Users/macbookshop/Desktop/Projects/Developments/DNA-Web/DNA-Frontend/vendor/phpunit/phpunit/src/TextUI/Application.php(229): PHPUnit\\TextUI\\TestRunner->run(Object(PHPUnit\\TextUI\\Configuration\\Configuration), Object(PHPUnit\\Runner\\ResultCache\\DefaultResultCache), Object(PHPUnit\\Framework\\TestSuite))
#49 /Users/macbookshop/Desktop/Projects/Developments/DNA-Web/DNA-Frontend/vendor/phpunit/phpunit/phpunit(104): PHPUnit\\TextUI\\Application->run(Array)
#50 {main}

[previous exception] [object] (Illuminate\\View\\ViewException(code: 0): Missing required parameter for [Route: analysis.index] [URI: {locale}] [Missing parameter: locale]. (View: /Users/macbookshop/Desktop/Projects/Developments/DNA-Web/DNA-Frontend/resources/views/layouts/app.blade.php) at /Users/macbookshop/Desktop/Projects/Developments/DNA-Web/DNA-Frontend/vendor/laravel/framework/src/Illuminate/Routing/Exceptions/UrlGenerationException.php:35)
[stacktrace]
#0 /Users/macbookshop/Desktop/Projects/Developments/DNA-Web/DNA-Frontend/vendor/laravel/framework/src/Illuminate/View/Engines/PhpEngine.php(59): Illuminate\\View\\Engines\\CompilerEngine->handleViewException(Object(Illuminate\\Routing\\Exceptions\\UrlGenerationException), 2)
#1 /Users/macbookshop/Desktop/Projects/Developments/DNA-Web/DNA-Frontend/vendor/laravel/framework/src/Illuminate/View/Engines/CompilerEngine.php(76): Illuminate\\View\\Engines\\PhpEngine->evaluatePath('/Users/macbooks...', Array)
#2 /Users/macbookshop/Desktop/Projects/Developments/DNA-Web/DNA-Frontend/vendor/laravel/framework/src/Illuminate/View/View.php(208): Illuminate\\View\\Engines\\CompilerEngine->get('/Users/macbooks...', Array)
#3 /Users/macbookshop/Desktop/Projects/Developments/DNA-Web/DNA-Frontend/vendor/laravel/framework/src/Illuminate/View/View.php(191): Illuminate\\View\\View->getContents()
#4 /Users/macbookshop/Desktop/Projects/Developments/DNA-Web/DNA-Frontend/vendor/laravel/framework/src/Illuminate/View/View.php(160): Illuminate\\View\\View->renderContents()
#5 /Users/macbookshop/Desktop/Projects/Developments/DNA-Web/DNA-Frontend/storage/framework/views/f058fb6fd3ae58a3027bb36a27ff1ec0.php(15): Illuminate\\View\\View->render()
#6 /Users/macbookshop/Desktop/Projects/Developments/DNA-Web/DNA-Frontend/vendor/laravel/framework/src/Illuminate/Filesystem/Filesystem.php(123): require('/Users/macbooks...')
#7 /Users/macbookshop/Desktop/Projects/Developments/DNA-Web/DNA-Frontend/vendor/laravel/framework/src/Illuminate/Filesystem/Filesystem.php(124): Illuminate\\Filesystem\\Filesystem::{closure:Illuminate\\Filesystem\\Filesystem::getRequire():120}()
#8 /Users/macbookshop/Desktop/Projects/Developments/DNA-Web/DNA-Frontend/vendor/laravel/framework/src/Illuminate/View/Engines/PhpEngine.php(57): Illuminate\\Filesystem\\Filesystem->getRequire('/Users/macbooks...', Array)
#9 /Users/macbookshop/Desktop/Projects/Developments/DNA-Web/DNA-Frontend/vendor/laravel/framework/src/Illuminate/View/Engines/CompilerEngine.php(76): Illuminate\\View\\Engines\\PhpEngine->evaluatePath('/Users/macbooks...', Array)
#10 /Users/macbookshop/Desktop/Projects/Developments/DNA-Web/DNA-Frontend/vendor/laravel/framework/src/Illuminate/View/View.php(208): Illuminate\\View\\Engines\\CompilerEngine->get('/Users/macbooks...', Array)
#11 /Users/macbookshop/Desktop/Projects/Developments/DNA-Web/DNA-Frontend/vendor/laravel/framework/src/Illuminate/View/View.php(191): Illuminate\\View\\View->getContents()
#12 /Users/macbookshop/Desktop/Projects/Developments/DNA-Web/DNA-Frontend/vendor/laravel/framework/src/Illuminate/View/View.php(160): Illuminate\\View\\View->renderContents()
#13 /Users/macbookshop/Desktop/Projects/Developments/DNA-Web/DNA-Frontend/vendor/laravel/framework/src/Illuminate/Http/Response.php(82): Illuminate\\View\\View->render()
#14 /Users/macbookshop/Desktop/Projects/Developments/DNA-Web/DNA-Frontend/vendor/laravel/framework/src/Illuminate/Http/Response.php(40): Illuminate\\Http\\Response->setContent(Object(Illuminate\\View\\View))
#15 /Users/macbookshop/Desktop/Projects/Developments/DNA-Web/DNA-Frontend/vendor/laravel/framework/src/Illuminate/Routing/ResponseFactory.php(61): Illuminate\\Http\\Response->__construct(Object(Illuminate\\View\\View), 404, Array)
#16 /Users/macbookshop/Desktop/Projects/Developments/DNA-Web/DNA-Frontend/vendor/laravel/framework/src/Illuminate/Routing/ResponseFactory.php(91): Illuminate\\Routing\\ResponseFactory->make(Object(Illuminate\\View\\View), 404, Array)
#17 /Users/macbookshop/Desktop/Projects/Developments/DNA-Web/DNA-Frontend/vendor/laravel/framework/src/Illuminate/Foundation/Exceptions/Handler.php(1031): Illuminate\\Routing\\ResponseFactory->view('errors::404', Array, 404, Array)
#18 /Users/macbookshop/Desktop/Projects/Developments/DNA-Web/DNA-Frontend/vendor/laravel/framework/src/Illuminate/Foundation/Exceptions/Handler.php(950): Illuminate\\Foundation\\Exceptions\\Handler->renderHttpException(Object(Symfony\\Component\\HttpKernel\\Exception\\NotFoundHttpException))
#19 /Users/macbookshop/Desktop/Projects/Developments/DNA-Web/DNA-Frontend/vendor/laravel/framework/src/Illuminate/Foundation/Exceptions/Handler.php(833): Illuminate\\Foundation\\Exceptions\\Handler->prepareResponse(Object(Illuminate\\Http\\Request), Object(Symfony\\Component\\HttpKernel\\Exception\\NotFoundHttpException))
#20 /Users/macbookshop/Desktop/Projects/Developments/DNA-Web/DNA-Frontend/vendor/laravel/framework/src/Illuminate/Foundation/Exceptions/Handler.php(720): Illuminate\\Foundation\\Exceptions\\Handler->renderExceptionResponse(Object(Illuminate\\Http\\Request), Object(Symfony\\Component\\HttpKernel\\Exception\\NotFoundHttpException))
#21 /Users/macbookshop/Desktop/Projects/Developments/DNA-Web/DNA-Frontend/vendor/laravel/framework/src/Illuminate/Routing/Pipeline.php(51): Illuminate\\Foundation\\Exceptions\\Handler->render(Object(Illuminate\\Http\\Request), Object(Symfony\\Component\\HttpKernel\\Exception\\NotFoundHttpException))
#22 /Users/macbookshop/Desktop/Projects/Developments/DNA-Web/DNA-Frontend/vendor/laravel/framework/src/Illuminate/Pipeline/Pipeline.php(182): Illuminate\\Routing\\Pipeline->handleException(Object(Illuminate\\Http\\Request), Object(Symfony\\Component\\HttpKernel\\Exception\\NotFoundHttpException))
#23 /Users/macbookshop/Desktop/Projects/Developments/DNA-Web/DNA-Frontend/vendor/laravel/framework/src/Illuminate/Foundation/Http/Middleware/TransformsRequest.php(21): Illuminate\\Pipeline\\Pipeline->{closure:Illuminate\\Pipeline\\Pipeline::prepareDestination():178}(Object(Illuminate\\Http\\Request))
#24 /Users/macbookshop/Desktop/Projects/Developments/DNA-Web/DNA-Frontend/vendor/laravel/framework/src/Illuminate/Foundation/Http/Middleware/ConvertEmptyStringsToNull.php(31): Illuminate\\Foundation\\Http\\Middleware\\TransformsRequest->handle(Object(Illuminate\\Http\\Request), Object(Closure))
#25 /Users/macbookshop/Desktop/Projects/Developments/DNA-Web/DNA-Frontend/vendor/laravel/framework/src/Illuminate/Pipeline/Pipeline.php(219): Illuminate\\Foundation\\Http\\Middleware\\ConvertEmptyStringsToNull->handle(Object(Illuminate\\Http\\Request), Object(Closure))
#26 /Users/macbookshop/Desktop/Projects/Developments/DNA-Web/DNA-Frontend/vendor/laravel/framework/src/Illuminate/Foundation/Http/Middleware/TransformsRequest.php(21): Illuminate\\Pipeline\\Pipeline->{closure:{closure:Illuminate\\Pipeline\\Pipeline::carry():194}:195}(Object(Illuminate\\Http\\Request))
#27 /Users/macbookshop/Desktop/Projects/Developments/DNA-Web/DNA-Frontend/vendor/laravel/framework/src/Illuminate/Foundation/Http/Middleware/TrimStrings.php(51): Illuminate\\Foundation\\Http\\Middleware\\TransformsRequest->handle(Object(Illuminate\\Http\\Request), Object(Closure))
#28 /Users/macbookshop/Desktop/Projects/Developments/DNA-Web/DNA-Frontend/vendor/laravel/framework/src/Illuminate/Pipeline/Pipeline.php(219): Illuminate\\Foundation\\Http\\Middleware\\TrimStrings->handle(Object(Illuminate\\Http\\Request), Object(Closure))
#29 /Users/macbookshop/Desktop/Projects/Developments/DNA-Web/DNA-Frontend/vendor/laravel/framework/src/Illuminate/Http/Middleware/ValidatePostSize.php(27): Illuminate\\Pipeline\\Pipeline->{closure:{closure:Illuminate\\Pipeline\\Pipeline::carry():194}:195}(Object(Illuminate\\Http\\Request))
#30 /Users/macbookshop/Desktop/Projects/Developments/DNA-Web/DNA-Frontend/vendor/laravel/framework/src/Illuminate/Pipeline/Pipeline.php(219): Illuminate\\Http\\Middleware\\ValidatePostSize->handle(Object(Illuminate\\Http\\Request), Object(Closure))
#31 /Users/macbookshop/Desktop/Projects/Developments/DNA-Web/DNA-Frontend/vendor/laravel/framework/src/Illuminate/Foundation/Http/Middleware/PreventRequestsDuringMaintenance.php(109): Illuminate\\Pipeline\\Pipeline->{closure:{closure:Illuminate\\Pipeline\\Pipeline::carry():194}:195}(Object(Illuminate\\Http\\Request))
#32 /Users/macbookshop/Desktop/Projects/Developments/DNA-Web/DNA-Frontend/vendor/laravel/framework/src/Illuminate/Pipeline/Pipeline.php(219): Illuminate\\Foundation\\Http\\Middleware\\PreventRequestsDuringMaintenance->handle(Object(Illuminate\\Http\\Request), Object(Closure))
#33 /Users/macbookshop/Desktop/Projects/Developments/DNA-Web/DNA-Frontend/vendor/laravel/framework/src/Illuminate/Http/Middleware/HandleCors.php(61): Illuminate\\Pipeline\\Pipeline->{closure:{closure:Illuminate\\Pipeline\\Pipeline::carry():194}:195}(Object(Illuminate\\Http\\Request))
#34 /Users/macbookshop/Desktop/Projects/Developments/DNA-Web/DNA-Frontend/vendor/laravel/framework/src/Illuminate/Pipeline/Pipeline.php(219): Illuminate\\Http\\Middleware\\HandleCors->handle(Object(Illuminate\\Http\\Request), Object(Closure))
#35 /Users/macbookshop/Desktop/Projects/Developments/DNA-Web/DNA-Frontend/vendor/laravel/framework/src/Illuminate/Http/Middleware/TrustProxies.php(58): Illuminate\\Pipeline\\Pipeline->{closure:{closure:Illuminate\\Pipeline\\Pipeline::carry():194}:195}(Object(Illuminate\\Http\\Request))
#36 /Users/macbookshop/Desktop/Projects/Developments/DNA-Web/DNA-Frontend/vendor/laravel/framework/src/Illuminate/Pipeline/Pipeline.php(219): Illuminate\\Http\\Middleware\\TrustProxies->handle(Object(Illuminate\\Http\\Request), Object(Closure))
#37 /Users/macbookshop/Desktop/Projects/Developments/DNA-Web/DNA-Frontend/vendor/laravel/framework/src/Illuminate/Foundation/Http/Middleware/InvokeDeferredCallbacks.php(22): Illuminate\\Pipeline\\Pipeline->{closure:{closure:Illuminate\\Pipeline\\Pipeline::carry():194}:195}(Object(Illuminate\\Http\\Request))
#38 /Users/macbookshop/Desktop/Projects/Developments/DNA-Web/DNA-Frontend/vendor/laravel/framework/src/Illuminate/Pipeline/Pipeline.php(219): Illuminate\\Foundation\\Http\\Middleware\\InvokeDeferredCallbacks->handle(Object(Illuminate\\Http\\Request), Object(Closure))
#39 /Users/macbookshop/Desktop/Projects/Developments/DNA-Web/DNA-Frontend/vendor/laravel/framework/src/Illuminate/Http/Middleware/ValidatePathEncoding.php(28): Illuminate\\Pipeline\\Pipeline->{closure:{closure:Illuminate\\Pipeline\\Pipeline::carry():194}:195}(Object(Illuminate\\Http\\Request))
#40 /Users/macbookshop/Desktop/Projects/Developments/DNA-Web/DNA-Frontend/vendor/laravel/framework/src/Illuminate/Pipeline/Pipeline.php(219): Illuminate\\Http\\Middleware\\ValidatePathEncoding->handle(Object(Illuminate\\Http\\Request), Object(Closure))
#41 /Users/macbookshop/Desktop/Projects/Developments/DNA-Web/DNA-Frontend/vendor/laravel/framework/src/Illuminate/Pipeline/Pipeline.php(137): Illuminate\\Pipeline\\Pipeline->{closure:{closure:Illuminate\\Pipeline\\Pipeline::carry():194}:195}(Object(Illuminate\\Http\\Request))
#42 /Users/macbookshop/Desktop/Projects/Developments/DNA-Web/DNA-Frontend/vendor/laravel/framework/src/Illuminate/Foundation/Http/Kernel.php(175): Illuminate\\Pipeline\\Pipeline->then(Object(Closure))
#43 /Users/macbookshop/Desktop/Projects/Developments/DNA-Web/DNA-Frontend/vendor/laravel/framework/src/Illuminate/Foundation/Http/Kernel.php(144): Illuminate\\Foundation\\Http\\Kernel->sendRequestThroughRouter(Object(Illuminate\\Http\\Request))
#44 /Users/macbookshop/Desktop/Projects/Developments/DNA-Web/DNA-Frontend/vendor/laravel/framework/src/Illuminate/Foundation/Testing/Concerns/MakesHttpRequests.php(638): Illuminate\\Foundation\\Http\\Kernel->handle(Object(Illuminate\\Http\\Request))
#45 /Users/macbookshop/Desktop/Projects/Developments/DNA-Web/DNA-Frontend/vendor/laravel/framework/src/Illuminate/Foundation/Testing/Concerns/MakesHttpRequests.php(368): Illuminate\\Foundation\\Testing\\TestCase->call('GET', '/fr', Array, Array, Array, Array)
#46 /Users/macbookshop/Desktop/Projects/Developments/DNA-Web/DNA-Frontend/tests/Feature/LocaleTest.php(28): Illuminate\\Foundation\\Testing\\TestCase->get('/fr')
#47 /Users/macbookshop/Desktop/Projects/Developments/DNA-Web/DNA-Frontend/vendor/phpunit/phpunit/src/Framework/TestCase.php(1318): Tests\\Feature\\LocaleTest->test_unknown_language_segment_falls_back_instead_of_404()
#48 /Users/macbookshop/Desktop/Projects/Developments/DNA-Web/DNA-Frontend/vendor/phpunit/phpunit/src/Framework/TestCase.php(1355): PHPUnit\\Framework\\TestCase->invokeTestMethod('test_unknown_la...', Array)
#49 /Users/macbookshop/Desktop/Projects/Developments/DNA-Web/DNA-Frontend/vendor/phpunit/phpunit/src/Framework/TestCase.php(521): PHPUnit\\Framework\\TestCase->runTest()
#50 /Users/macbookshop/Desktop/Projects/Developments/DNA-Web/DNA-Frontend/vendor/phpunit/phpunit/src/Framework/TestRunner/TestRunner.php(99): PHPUnit\\Framework\\TestCase->runBare()
#51 /Users/macbookshop/Desktop/Projects/Developments/DNA-Web/DNA-Frontend/vendor/phpunit/phpunit/src/Framework/TestCase.php(361): PHPUnit\\Framework\\TestRunner->run(Object(Tests\\Feature\\LocaleTest))
#52 /Users/macbookshop/Desktop/Projects/Developments/DNA-Web/DNA-Frontend/vendor/phpunit/phpunit/src/Framework/TestSuite.php(374): PHPUnit\\Framework\\TestCase->run()
#53 /Users/macbookshop/Desktop/Projects/Developments/DNA-Web/DNA-Frontend/vendor/phpunit/phpunit/src/Framework/TestSuite.php(374): PHPUnit\\Framework\\TestSuite->run()
#54 /Users/macbookshop/Desktop/Projects/Developments/DNA-Web/DNA-Frontend/vendor/phpunit/phpunit/src/Framework/TestSuite.php(374): PHPUnit\\Framework\\TestSuite->run()
#55 /Users/macbookshop/Desktop/Projects/Developments/DNA-Web/DNA-Frontend/vendor/phpunit/phpunit/src/TextUI/TestRunner.php(64): PHPUnit\\Framework\\TestSuite->run()
#56 /Users/macbookshop/Desktop/Projects/Developments/DNA-Web/DNA-Frontend/vendor/phpunit/phpunit/src/TextUI/Application.php(229): PHPUnit\\TextUI\\TestRunner->run(Object(PHPUnit\\TextUI\\Configuration\\Configuration), Object(PHPUnit\\Runner\\ResultCache\\DefaultResultCache), Object(PHPUnit\\Framework\\TestSuite))
#57 /Users/macbookshop/Desktop/Projects/Developments/DNA-Web/DNA-Frontend/vendor/phpunit/phpunit/phpunit(104): PHPUnit\\TextUI\\Application->run(Array)
#58 {main}

[previous exception] [object] (Illuminate\\Routing\\Exceptions\\UrlGenerationException(code: 0): Missing required parameter for [Route: analysis.index] [URI: {locale}] [Missing parameter: locale]. at /Users/macbookshop/Desktop/Projects/Developments/DNA-Web/DNA-Frontend/vendor/laravel/framework/src/Illuminate/Routing/Exceptions/UrlGenerationException.php:35)
[stacktrace]
#0 /Users/macbookshop/Desktop/Projects/Developments/DNA-Web/DNA-Frontend/vendor/laravel/framework/src/Illuminate/Routing/RouteUrlGenerator.php(95): Illuminate\\Routing\\Exceptions\\UrlGenerationException::forMissingParameters(Object(Illuminate\\Routing\\Route), Array)
#1 /Users/macbookshop/Desktop/Projects/Developments/DNA-Web/DNA-Frontend/vendor/laravel/framework/src/Illuminate/Routing/UrlGenerator.php(557): Illuminate\\Routing\\RouteUrlGenerator->to(Object(Illuminate\\Routing\\Route), Array, true)
#2 /Users/macbookshop/Desktop/Projects/Developments/DNA-Web/DNA-Frontend/vendor/laravel/framework/src/Illuminate/Routing/UrlGenerator.php(534): Illuminate\\Routing\\UrlGenerator->toRoute(Object(Illuminate\\Routing\\Route), Array, true)
#3 /Users/macbookshop/Desktop/Projects/Developments/DNA-Web/DNA-Frontend/vendor/laravel/framework/src/Illuminate/Foundation/helpers.php(870): Illuminate\\Routing\\UrlGenerator->route('analysis.index', Array, true)
#4 /Users/macbookshop/Desktop/Projects/Developments/DNA-Web/DNA-Frontend/storage/framework/views/5412c5794b9520f727cb3f5abab9bc6b.php(34): route('analysis.index')
#5 /Users/macbookshop/Desktop/Projects/Developments/DNA-Web/DNA-Frontend/vendor/laravel/framework/src/Illuminate/Filesystem/Filesystem.php(123): require('/Users/macbooks...')
#6 /Users/macbookshop/Desktop/Projects/Developments/DNA-Web/DNA-Frontend/vendor/laravel/framework/src/Illuminate/Filesystem/Filesystem.php(124): Illuminate\\Filesystem\\Filesystem::{closure:Illuminate\\Filesystem\\Filesystem::getRequire():120}()
#7 /Users/macbookshop/Desktop/Projects/Developments/DNA-Web/DNA-Frontend/vendor/laravel/framework/src/Illuminate/View/Engines/PhpEngine.php(57): Illuminate\\Filesystem\\Filesystem->getRequire('/Users/macbooks...', Array)
#8 /Users/macbookshop/Desktop/Projects/Developments/DNA-Web/DNA-Frontend/vendor/laravel/framework/src/Illuminate/View/Engines/CompilerEngine.php(76): Illuminate\\View\\Engines\\PhpEngine->evaluatePath('/Users/macbooks...', Array)
#9 /Users/macbookshop/Desktop/Projects/Developments/DNA-Web/DNA-Frontend/vendor/laravel/framework/src/Illuminate/View/View.php(208): Illuminate\\View\\Engines\\CompilerEngine->get('/Users/macbooks...', Array)
#10 /Users/macbookshop/Desktop/Projects/Developments/DNA-Web/DNA-Frontend/vendor/laravel/framework/src/Illuminate/View/View.php(191): Illuminate\\View\\View->getContents()
#11 /Users/macbookshop/Desktop/Projects/Developments/DNA-Web/DNA-Frontend/vendor/laravel/framework/src/Illuminate/View/View.php(160): Illuminate\\View\\View->renderContents()
#12 /Users/macbookshop/Desktop/Projects/Developments/DNA-Web/DNA-Frontend/storage/framework/views/f058fb6fd3ae58a3027bb36a27ff1ec0.php(15): Illuminate\\View\\View->render()
#13 /Users/macbookshop/Desktop/Projects/Developments/DNA-Web/DNA-Frontend/vendor/laravel/framework/src/Illuminate/Filesystem/Filesystem.php(123): require('/Users/macbooks...')
#14 /Users/macbookshop/Desktop/Projects/Developments/DNA-Web/DNA-Frontend/vendor/laravel/framework/src/Illuminate/Filesystem/Filesystem.php(124): Illuminate\\Filesystem\\Filesystem::{closure:Illuminate\\Filesystem\\Filesystem::getRequire():120}()
#15 /Users/macbookshop/Desktop/Projects/Developments/DNA-Web/DNA-Frontend/vendor/laravel/framework/src/Illuminate/View/Engines/PhpEngine.php(57): Illuminate\\Filesystem\\Filesystem->getRequire('/Users/macbooks...', Array)
#16 /Users/macbookshop/Desktop/Projects/Developments/DNA-Web/DNA-Frontend/vendor/laravel/framework/src/Illuminate/View/Engines/CompilerEngine.php(76): Illuminate\\View\\Engines\\PhpEngine->evaluatePath('/Users/macbooks...', Array)
#17 /Users/macbookshop/Desktop/Projects/Developments/DNA-Web/DNA-Frontend/vendor/laravel/framework/src/Illuminate/View/View.php(208): Illuminate\\View\\Engines\\CompilerEngine->get('/Users/macbooks...', Array)
#18 /Users/macbookshop/Desktop/Projects/Developments/DNA-Web/DNA-Frontend/vendor/laravel/framework/src/Illuminate/View/View.php(191): Illuminate\\View\\View->getContents()
#19 /Users/macbookshop/Desktop/Projects/Developments/DNA-Web/DNA-Frontend/vendor/laravel/framework/src/Illuminate/View/View.php(160): Illuminate\\View\\View->renderContents()
#20 /Users/macbookshop/Desktop/Projects/Developments/DNA-Web/DNA-Frontend/vendor/laravel/framework/src/Illuminate/Http/Response.php(82): Illuminate\\View\\View->render()
#21 /Users/macbookshop/Desktop/Projects/Developments/DNA-Web/DNA-Frontend/vendor/laravel/framework/src/Illuminate/Http/Response.php(40): Illuminate\\Http\\Response->setContent(Object(Illuminate\\View\\View))
#22 /Users/macbookshop/Desktop/Projects/Developments/DNA-Web/DNA-Frontend/vendor/laravel/framework/src/Illuminate/Routing/ResponseFactory.php(61): Illuminate\\Http\\Response->__construct(Object(Illuminate\\View\\View), 404, Array)
#23 /Users/macbookshop/Desktop/Projects/Developments/DNA-Web/DNA-Frontend/vendor/laravel/framework/src/Illuminate/Routing/ResponseFactory.php(91): Illuminate\\Routing\\ResponseFactory->make(Object(Illuminate\\View\\View), 404, Array)
#24 /Users/macbookshop/Desktop/Projects/Developments/DNA-Web/DNA-Frontend/vendor/laravel/framework/src/Illuminate/Foundation/Exceptions/Handler.php(1031): Illuminate\\Routing\\ResponseFactory->view('errors::404', Array, 404, Array)
#25 /Users/macbookshop/Desktop/Projects/Developments/DNA-Web/DNA-Frontend/vendor/laravel/framework/src/Illuminate/Foundation/Exceptions/Handler.php(950): Illuminate\\Foundation\\Exceptions\\Handler->renderHttpException(Object(Symfony\\Component\\HttpKernel\\Exception\\NotFoundHttpException))
#26 /Users/macbookshop/Desktop/Projects/Developments/DNA-Web/DNA-Frontend/vendor/laravel/framework/src/Illuminate/Foundation/Exceptions/Handler.php(833): Illuminate\\Foundation\\Exceptions\\Handler->prepareResponse(Object(Illuminate\\Http\\Request), Object(Symfony\\Component\\HttpKernel\\Exception\\NotFoundHttpException))
#27 /Users/macbookshop/Desktop/Projects/Developments/DNA-Web/DNA-Frontend/vendor/laravel/framework/src/Illuminate/Foundation/Exceptions/Handler.php(720): Illuminate\\Foundation\\Exceptions\\Handler->renderExceptionResponse(Object(Illuminate\\Http\\Request), Object(Symfony\\Component\\HttpKernel\\Exception\\NotFoundHttpException))
#28 /Users/macbookshop/Desktop/Projects/Developments/DNA-Web/DNA-Frontend/vendor/laravel/framework/src/Illuminate/Routing/Pipeline.php(51): Illuminate\\Foundation\\Exceptions\\Handler->render(Object(Illuminate\\Http\\Request), Object(Symfony\\Component\\HttpKernel\\Exception\\NotFoundHttpException))
#29 /Users/macbookshop/Desktop/Projects/Developments/DNA-Web/DNA-Frontend/vendor/laravel/framework/src/Illuminate/Pipeline/Pipeline.php(182): Illuminate\\Routing\\Pipeline->handleException(Object(Illuminate\\Http\\Request), Object(Symfony\\Component\\HttpKernel\\Exception\\NotFoundHttpException))
#30 /Users/macbookshop/Desktop/Projects/Developments/DNA-Web/DNA-Frontend/vendor/laravel/framework/src/Illuminate/Foundation/Http/Middleware/TransformsRequest.php(21): Illuminate\\Pipeline\\Pipeline->{closure:Illuminate\\Pipeline\\Pipeline::prepareDestination():178}(Object(Illuminate\\Http\\Request))
#31 /Users/macbookshop/Desktop/Projects/Developments/DNA-Web/DNA-Frontend/vendor/laravel/framework/src/Illuminate/Foundation/Http/Middleware/ConvertEmptyStringsToNull.php(31): Illuminate\\Foundation\\Http\\Middleware\\TransformsRequest->handle(Object(Illuminate\\Http\\Request), Object(Closure))
#32 /Users/macbookshop/Desktop/Projects/Developments/DNA-Web/DNA-Frontend/vendor/laravel/framework/src/Illuminate/Pipeline/Pipeline.php(219): Illuminate\\Foundation\\Http\\Middleware\\ConvertEmptyStringsToNull->handle(Object(Illuminate\\Http\\Request), Object(Closure))
#33 /Users/macbookshop/Desktop/Projects/Developments/DNA-Web/DNA-Frontend/vendor/laravel/framework/src/Illuminate/Foundation/Http/Middleware/TransformsRequest.php(21): Illuminate\\Pipeline\\Pipeline->{closure:{closure:Illuminate\\Pipeline\\Pipeline::carry():194}:195}(Object(Illuminate\\Http\\Request))
#34 /Users/macbookshop/Desktop/Projects/Developments/DNA-Web/DNA-Frontend/vendor/laravel/framework/src/Illuminate/Foundation/Http/Middleware/TrimStrings.php(51): Illuminate\\Foundation\\Http\\Middleware\\TransformsRequest->handle(Object(Illuminate\\Http\\Request), Object(Closure))
#35 /Users/macbookshop/Desktop/Projects/Developments/DNA-Web/DNA-Frontend/vendor/laravel/framework/src/Illuminate/Pipeline/Pipeline.php(219): Illuminate\\Foundation\\Http\\Middleware\\TrimStrings->handle(Object(Illuminate\\Http\\Request), Object(Closure))
#36 /Users/macbookshop/Desktop/Projects/Developments/DNA-Web/DNA-Frontend/vendor/laravel/framework/src/Illuminate/Http/Middleware/ValidatePostSize.php(27): Illuminate\\Pipeline\\Pipeline->{closure:{closure:Illuminate\\Pipeline\\Pipeline::carry():194}:195}(Object(Illuminate\\Http\\Request))
#37 /Users/macbookshop/Desktop/Projects/Developments/DNA-Web/DNA-Frontend/vendor/laravel/framework/src/Illuminate/Pipeline/Pipeline.php(219): Illuminate\\Http\\Middleware\\ValidatePostSize->handle(Object(Illuminate\\Http\\Request), Object(Closure))
#38 /Users/macbookshop/Desktop/Projects/Developments/DNA-Web/DNA-Frontend/vendor/laravel/framework/src/Illuminate/Foundation/Http/Middleware/PreventRequestsDuringMaintenance.php(109): Illuminate\\Pipeline\\Pipeline->{closure:{closure:Illuminate\\Pipeline\\Pipeline::carry():194}:195}(Object(Illuminate\\Http\\Request))
#39 /Users/macbookshop/Desktop/Projects/Developments/DNA-Web/DNA-Frontend/vendor/laravel/framework/src/Illuminate/Pipeline/Pipeline.php(219): Illuminate\\Foundation\\Http\\Middleware\\PreventRequestsDuringMaintenance->handle(Object(Illuminate\\Http\\Request), Object(Closure))
#40 /Users/macbookshop/Desktop/Projects/Developments/DNA-Web/DNA-Frontend/vendor/laravel/framework/src/Illuminate/Http/Middleware/HandleCors.php(61): Illuminate\\Pipeline\\Pipeline->{closure:{closure:Illuminate\\Pipeline\\Pipeline::carry():194}:195}(Object(Illuminate\\Http\\Request))
#41 /Users/macbookshop/Desktop/Projects/Developments/DNA-Web/DNA-Frontend/vendor/laravel/framework/src/Illuminate/Pipeline/Pipeline.php(219): Illuminate\\Http\\Middleware\\HandleCors->handle(Object(Illuminate\\Http\\Request), Object(Closure))
#42 /Users/macbookshop/Desktop/Projects/Developments/DNA-Web/DNA-Frontend/vendor/laravel/framework/src/Illuminate/Http/Middleware/TrustProxies.php(58): Illuminate\\Pipeline\\Pipeline->{closure:{closure:Illuminate\\Pipeline\\Pipeline::carry():194}:195}(Object(Illuminate\\Http\\Request))
#43 /Users/macbookshop/Desktop/Projects/Developments/DNA-Web/DNA-Frontend/vendor/laravel/framework/src/Illuminate/Pipeline/Pipeline.php(219): Illuminate\\Http\\Middleware\\TrustProxies->handle(Object(Illuminate\\Http\\Request), Object(Closure))
#44 /Users/macbookshop/Desktop/Projects/Developments/DNA-Web/DNA-Frontend/vendor/laravel/framework/src/Illuminate/Foundation/Http/Middleware/InvokeDeferredCallbacks.php(22): Illuminate\\Pipeline\\Pipeline->{closure:{closure:Illuminate\\Pipeline\\Pipeline::carry():194}:195}(Object(Illuminate\\Http\\Request))
#45 /Users/macbookshop/Desktop/Projects/Developments/DNA-Web/DNA-Frontend/vendor/laravel/framework/src/Illuminate/Pipeline/Pipeline.php(219): Illuminate\\Foundation\\Http\\Middleware\\InvokeDeferredCallbacks->handle(Object(Illuminate\\Http\\Request), Object(Closure))
#46 /Users/macbookshop/Desktop/Projects/Developments/DNA-Web/DNA-Frontend/vendor/laravel/framework/src/Illuminate/Http/Middleware/ValidatePathEncoding.php(28): Illuminate\\Pipeline\\Pipeline->{closure:{closure:Illuminate\\Pipeline\\Pipeline::carry():194}:195}(Object(Illuminate\\Http\\Request))
#47 /Users/macbookshop/Desktop/Projects/Developments/DNA-Web/DNA-Frontend/vendor/laravel/framework/src/Illuminate/Pipeline/Pipeline.php(219): Illuminate\\Http\\Middleware\\ValidatePathEncoding->handle(Object(Illuminate\\Http\\Request), Object(Closure))
#48 /Users/macbookshop/Desktop/Projects/Developments/DNA-Web/DNA-Frontend/vendor/laravel/framework/src/Illuminate/Pipeline/Pipeline.php(137): Illuminate\\Pipeline\\Pipeline->{closure:{closure:Illuminate\\Pipeline\\Pipeline::carry():194}:195}(Object(Illuminate\\Http\\Request))
#49 /Users/macbookshop/Desktop/Projects/Developments/DNA-Web/DNA-Frontend/vendor/laravel/framework/src/Illuminate/Foundation/Http/Kernel.php(175): Illuminate\\Pipeline\\Pipeline->then(Object(Closure))
#50 /Users/macbookshop/Desktop/Projects/Developments/DNA-Web/DNA-Frontend/vendor/laravel/framework/src/Illuminate/Foundation/Http/Kernel.php(144): Illuminate\\Foundation\\Http\\Kernel->sendRequestThroughRouter(Object(Illuminate\\Http\\Request))
#51 /Users/macbookshop/Desktop/Projects/Developments/DNA-Web/DNA-Frontend/vendor/laravel/framework/src/Illuminate/Foundation/Testing/Concerns/MakesHttpRequests.php(638): Illuminate\\Foundation\\Http\\Kernel->handle(Object(Illuminate\\Http\\Request))
#52 /Users/macbookshop/Desktop/Projects/Developments/DNA-Web/DNA-Frontend/vendor/laravel/framework/src/Illuminate/Foundation/Testing/Concerns/MakesHttpRequests.php(368): Illuminate\\Foundation\\Testing\\TestCase->call('GET', '/fr', Array, Array, Array, Array)
#53 /Users/macbookshop/Desktop/Projects/Developments/DNA-Web/DNA-Frontend/tests/Feature/LocaleTest.php(28): Illuminate\\Foundation\\Testing\\TestCase->get('/fr')
#54 /Users/macbookshop/Desktop/Projects/Developments/DNA-Web/DNA-Frontend/vendor/phpunit/phpunit/src/Framework/TestCase.php(1318): Tests\\Feature\\LocaleTest->test_unknown_language_segment_falls_back_instead_of_404()
#55 /Users/macbookshop/Desktop/Projects/Developments/DNA-Web/DNA-Frontend/vendor/phpunit/phpunit/src/Framework/TestCase.php(1355): PHPUnit\\Framework\\TestCase->invokeTestMethod('test_unknown_la...', Array)
#56 /Users/macbookshop/Desktop/Projects/Developments/DNA-Web/DNA-Frontend/vendor/phpunit/phpunit/src/Framework/TestCase.php(521): PHPUnit\\Framework\\TestCase->runTest()
#57 /Users/macbookshop/Desktop/Projects/Developments/DNA-Web/DNA-Frontend/vendor/phpunit/phpunit/src/Framework/TestRunner/TestRunner.php(99): PHPUnit\\Framework\\TestCase->runBare()
#58 /Users/macbookshop/Desktop/Projects/Developments/DNA-Web/DNA-Frontend/vendor/phpunit/phpunit/src/Framework/TestCase.php(361): PHPUnit\\Framework\\TestRunner->run(Object(Tests\\Feature\\LocaleTest))
#59 /Users/macbookshop/Desktop/Projects/Developments/DNA-Web/DNA-Frontend/vendor/phpunit/phpunit/src/Framework/TestSuite.php(374): PHPUnit\\Framework\\TestCase->run()
#60 /Users/macbookshop/Desktop/Projects/Developments/DNA-Web/DNA-Frontend/vendor/phpunit/phpunit/src/Framework/TestSuite.php(374): PHPUnit\\Framework\\TestSuite->run()
#61 /Users/macbookshop/Desktop/Projects/Developments/DNA-Web/DNA-Frontend/vendor/phpunit/phpunit/src/Framework/TestSuite.php(374): PHPUnit\\Framework\\TestSuite->run()
#62 /Users/macbookshop/Desktop/Projects/Developments/DNA-Web/DNA-Frontend/vendor/phpunit/phpunit/src/TextUI/TestRunner.php(64): PHPUnit\\Framework\\TestSuite->run()
#63 /Users/macbookshop/Desktop/Projects/Developments/DNA-Web/DNA-Frontend/vendor/phpunit/phpunit/src/TextUI/Application.php(229): PHPUnit\\TextUI\\TestRunner->run(Object(PHPUnit\\TextUI\\Configuration\\Configuration), Object(PHPUnit\\Runner\\ResultCache\\DefaultResultCache), Object(PHPUnit\\Framework\\TestSuite))
#64 /Users/macbookshop/Desktop/Projects/Developments/DNA-Web/DNA-Frontend/vendor/phpunit/phpunit/phpunit(104): PHPUnit\\TextUI\\Application->run(Array)
#65 {main}
"} 
[2026-08-11 18:28:48] testing.ERROR: Simulation backend unreachable {"request_id":"0a3071d1-3d11-4b22-951f-bc6829e6078d","message":"down"} 
[2026-08-11 18:29:50] testing.ERROR: Missing required parameter for [Route: analysis.index] [URI: {locale}] [Missing parameter: locale]. (View: /Users/macbookshop/Desktop/Projects/Developments/DNA-Web/DNA-Frontend/resources/views/layouts/app.blade.php) (View: /Users/macbookshop/Desktop/Projects/Developments/DNA-Web/DNA-Frontend/resources/views/layouts/app.blade.php) {"exception":"[object] (Illuminate\\View\\ViewException(code: 0): Missing required parameter for [Route: analysis.index] [URI: {locale}] [Missing parameter: locale]. (View: /Users/macbookshop/Desktop/Projects/Developments/DNA-Web/DNA-Frontend/resources/views/layouts/app.blade.php) (View: /Users/macbookshop/Desktop/Projects/Developments/DNA-Web/DNA-Frontend/resources/views/layouts/app.blade.php) at /Users/macbookshop/Desktop/Projects/Developments/DNA-Web/DNA-Frontend/vendor/laravel/framework/src/Illuminate/Routing/Exceptions/UrlGenerationException.php:35)
[stacktrace]
#0 /Users/macbookshop/Desktop/Projects/Developments/DNA-Web/DNA-Frontend/vendor/laravel/framework/src/Illuminate/View/Engines/PhpEngine.php(59): Illuminate\\View\\Engines\\CompilerEngine->handleViewException(Object(Illuminate\\View\\ViewException), 1)
#1 /Users/macbookshop/Desktop/Projects/Developments/DNA-Web/DNA-Frontend/vendor/laravel/framework/src/Illuminate/View/Engines/CompilerEngine.php(76): Illuminate\\View\\Engines\\PhpEngine->evaluatePath('/Users/macbooks...', Array)
#2 /Users/macbookshop/Desktop/Projects/Developments/DNA-Web/DNA-Frontend/vendor/laravel/framework/src/Illuminate/View/View.php(208): Illuminate\\View\\Engines\\CompilerEngine->get('/Users/macbooks...', Array)
#3 /Users/macbookshop/Desktop/Projects/Developments/DNA-Web/DNA-Frontend/vendor/laravel/framework/src/Illuminate/View/View.php(191): Illuminate\\View\\View->getContents()
#4 /Users/macbookshop/Desktop/Projects/Developments/DNA-Web/DNA-Frontend/vendor/laravel/framework/src/Illuminate/View/View.php(160): Illuminate\\View\\View->renderContents()
#5 /Users/macbookshop/Desktop/Projects/Developments/DNA-Web/DNA-Frontend/vendor/laravel/framework/src/Illuminate/Http/Response.php(82): Illuminate\\View\\View->render()
#6 /Users/macbookshop/Desktop/Projects/Developments/DNA-Web/DNA-Frontend/vendor/laravel/framework/src/Illuminate/Http/Response.php(40): Illuminate\\Http\\Response->setContent(Object(Illuminate\\View\\View))
#7 /Users/macbookshop/Desktop/Projects/Developments/DNA-Web/DNA-Frontend/vendor/laravel/framework/src/Illuminate/Routing/ResponseFactory.php(61): Illuminate\\Http\\Response->__construct(Object(Illuminate\\View\\View), 404, Array)
#8 /Users/macbookshop/Desktop/Projects/Developments/DNA-Web/DNA-Frontend/vendor/laravel/framework/src/Illuminate/Routing/ResponseFactory.php(91): Illuminate\\Routing\\ResponseFactory->make(Object(Illuminate\\View\\View), 404, Array)
#9 /Users/macbookshop/Desktop/Projects/Developments/DNA-Web/DNA-Frontend/vendor/laravel/framework/src/Illuminate/Foundation/Exceptions/Handler.php(1031): Illuminate\\Routing\\ResponseFactory->view('errors::404', Array, 404, Array)
#10 /Users/macbookshop/Desktop/Projects/Developments/DNA-Web/DNA-Frontend/vendor/laravel/framework/src/Illuminate/Foundation/Exceptions/Handler.php(950): Illuminate\\Foundation\\Exceptions\\Handler->renderHttpException(Object(Symfony\\Component\\HttpKernel\\Exception\\NotFoundHttpException))
#11 /Users/macbookshop/Desktop/Projects/Developments/DNA-Web/DNA-Frontend/vendor/laravel/framework/src/Illuminate/Foundation/Exceptions/Handler.php(833): Illuminate\\Foundation\\Exceptions\\Handler->prepareResponse(Object(Illuminate\\Http\\Request), Object(Symfony\\Component\\HttpKernel\\Exception\\NotFoundHttpException))
#12 /Users/macbookshop/Desktop/Projects/Developments/DNA-Web/DNA-Frontend/vendor/laravel/framework/src/Illuminate/Foundation/Exceptions/Handler.php(720): Illuminate\\Foundation\\Exceptions\\Handler->renderExceptionResponse(Object(Illuminate\\Http\\Request), Object(Symfony\\Component\\HttpKernel\\Exception\\NotFoundHttpException))
#13 /Users/macbookshop/Desktop/Projects/Developments/DNA-Web/DNA-Frontend/vendor/laravel/framework/src/Illuminate/Routing/Pipeline.php(51): Illuminate\\Foundation\\Exceptions\\Handler->render(Object(Illuminate\\Http\\Request), Object(Symfony\\Component\\HttpKernel\\Exception\\NotFoundHttpException))
#14 /Users/macbookshop/Desktop/Projects/Developments/DNA-Web/DNA-Frontend/vendor/laravel/framework/src/Illuminate/Pipeline/Pipeline.php(224): Illuminate\\Routing\\Pipeline->handleException(Object(Illuminate\\Http\\Request), Object(Illuminate\\Database\\Eloquent\\ModelNotFoundException))
#15 /Users/macbookshop/Desktop/Projects/Developments/DNA-Web/DNA-Frontend/vendor/laravel/framework/src/Illuminate/Foundation/Http/Middleware/PreventRequestForgery.php(104): Illuminate\\Pipeline\\Pipeline->{closure:{closure:Illuminate\\Pipeline\\Pipeline::carry():194}:195}(Object(Illuminate\\Http\\Request))
#16 /Users/macbookshop/Desktop/Projects/Developments/DNA-Web/DNA-Frontend/vendor/laravel/framework/src/Illuminate/Pipeline/Pipeline.php(219): Illuminate\\Foundation\\Http\\Middleware\\PreventRequestForgery->handle(Object(Illuminate\\Http\\Request), Object(Closure))
#17 /Users/macbookshop/Desktop/Projects/Developments/DNA-Web/DNA-Frontend/vendor/laravel/framework/src/Illuminate/View/Middleware/ShareErrorsFromSession.php(48): Illuminate\\Pipeline\\Pipeline->{closure:{closure:Illuminate\\Pipeline\\Pipeline::carry():194}:195}(Object(Illuminate\\Http\\Request))
#18 /Users/macbookshop/Desktop/Projects/Developments/DNA-Web/DNA-Frontend/vendor/laravel/framework/src/Illuminate/Pipeline/Pipeline.php(219): Illuminate\\View\\Middleware\\ShareErrorsFromSession->handle(Object(Illuminate\\Http\\Request), Object(Closure))
#19 /Users/macbookshop/Desktop/Projects/Developments/DNA-Web/DNA-Frontend/vendor/laravel/framework/src/Illuminate/Session/Middleware/StartSession.php(120): Illuminate\\Pipeline\\Pipeline->{closure:{closure:Illuminate\\Pipeline\\Pipeline::carry():194}:195}(Object(Illuminate\\Http\\Request))
#20 /Users/macbookshop/Desktop/Projects/Developments/DNA-Web/DNA-Frontend/vendor/laravel/framework/src/Illuminate/Session/Middleware/StartSession.php(63): Illuminate\\Session\\Middleware\\StartSession->handleStatefulRequest(Object(Illuminate\\Http\\Request), Object(Illuminate\\Session\\Store), Object(Closure))
#21 /Users/macbookshop/Desktop/Projects/Developments/DNA-Web/DNA-Frontend/vendor/laravel/framework/src/Illuminate/Pipeline/Pipeline.php(219): Illuminate\\Session\\Middleware\\StartSession->handle(Object(Illuminate\\Http\\Request), Object(Closure))
#22 /Users/macbookshop/Desktop/Projects/Developments/DNA-Web/DNA-Frontend/vendor/laravel/framework/src/Illuminate/Cookie/Middleware/AddQueuedCookiesToResponse.php(36): Illuminate\\Pipeline\\Pipeline->{closure:{closure:Illuminate\\Pipeline\\Pipeline::carry():194}:195}(Object(Illuminate\\Http\\Request))
#23 /Users/macbookshop/Desktop/Projects/Developments/DNA-Web/DNA-Frontend/vendor/laravel/framework/src/Illuminate/Pipeline/Pipeline.php(219): Illuminate\\Cookie\\Middleware\\AddQueuedCookiesToResponse->handle(Object(Illuminate\\Http\\Request), Object(Closure))
#24 /Users/macbookshop/Desktop/Projects/Developments/DNA-Web/DNA-Frontend/vendor/laravel/framework/src/Illuminate/Cookie/Middleware/EncryptCookies.php(74): Illuminate\\Pipeline\\Pipeline->{closure:{closure:Illuminate\\Pipeline\\Pipeline::carry():194}:195}(Object(Illuminate\\Http\\Request))
#25 /Users/macbookshop/Desktop/Projects/Developments/DNA-Web/DNA-Frontend/vendor/laravel/framework/src/Illuminate/Pipeline/Pipeline.php(219): Illuminate\\Cookie\\Middleware\\EncryptCookies->handle(Object(Illuminate\\Http\\Request), Object(Closure))
#26 /Users/macbookshop/Desktop/Projects/Developments/DNA-Web/DNA-Frontend/vendor/laravel/framework/src/Illuminate/Pipeline/Pipeline.php(137): Illuminate\\Pipeline\\Pipeline->{closure:{closure:Illuminate\\Pipeline\\Pipeline::carry():194}:195}(Object(Illuminate\\Http\\Request))
#27 /Users/macbookshop/Desktop/Projects/Developments/DNA-Web/DNA-Frontend/vendor/laravel/framework/src/Illuminate/Routing/Router.php(821): Illuminate\\Pipeline\\Pipeline->then(Object(Closure))
#28 /Users/macbookshop/Desktop/Projects/Developments/DNA-Web/DNA-Frontend/vendor/laravel/framework/src/Illuminate/Routing/Router.php(800): Illuminate\\Routing\\Router->runRouteWithinStack(Object(Illuminate\\Routing\\Route), Object(Illuminate\\Http\\Request))
#29 /Users/macbookshop/Desktop/Projects/Developments/DNA-Web/DNA-Frontend/vendor/laravel/framework/src/Illuminate/Routing/Router.php(764): Illuminate\\Routing\\Router->runRoute(Object(Illuminate\\Http\\Request), Object(Illuminate\\Routing\\Route))
#30 /Users/macbookshop/Desktop/Projects/Developments/DNA-Web/DNA-Frontend/vendor/laravel/framework/src/Illuminate/Routing/Router.php(753): Illuminate\\Routing\\Router->dispatchToRoute(Object(Illuminate\\Http\\Request))
#31 /Users/macbookshop/Desktop/Projects/Developments/DNA-Web/DNA-Frontend/vendor/laravel/framework/src/Illuminate/Foundation/Http/Kernel.php(200): Illuminate\\Routing\\Router->dispatch(Object(Illuminate\\Http\\Request))
#32 /Users/macbookshop/Desktop/Projects/Developments/DNA-Web/DNA-Frontend/vendor/laravel/framework/src/Illuminate/Pipeline/Pipeline.php(180): Illuminate\\Foundation\\Http\\Kernel->{closure:Illuminate\\Foundation\\Http\\Kernel::dispatchToRouter():197}(Object(Illuminate\\Http\\Request))
#33 /Users/macbookshop/Desktop/Projects/Developments/DNA-Web/DNA-Frontend/vendor/laravel/framework/src/Illuminate/Foundation/Http/Middleware/TransformsRequest.php(21): Illuminate\\Pipeline\\Pipeline->{closure:Illuminate\\Pipeline\\Pipeline::prepareDestination():178}(Object(Illuminate\\Http\\Request))
#34 /Users/macbookshop/Desktop/Projects/Developments/DNA-Web/DNA-Frontend/vendor/laravel/framework/src/Illuminate/Foundation/Http/Middleware/ConvertEmptyStringsToNull.php(31): Illuminate\\Foundation\\Http\\Middleware\\TransformsRequest->handle(Object(Illuminate\\Http\\Request), Object(Closure))
#35 /Users/macbookshop/Desktop/Projects/Developments/DNA-Web/DNA-Frontend/vendor/laravel/framework/src/Illuminate/Pipeline/Pipeline.php(219): Illuminate\\Foundation\\Http\\Middleware\\ConvertEmptyStringsToNull->handle(Object(Illuminate\\Http\\Request), Object(Closure))
#36 /Users/macbookshop/Desktop/Projects/Developments/DNA-Web/DNA-Frontend/vendor/laravel/framework/src/Illuminate/Foundation/Http/Middleware/TransformsRequest.php(21): Illuminate\\Pipeline\\Pipeline->{closure:{closure:Illuminate\\Pipeline\\Pipeline::carry():194}:195}(Object(Illuminate\\Http\\Request))
#37 /Users/macbookshop/Desktop/Projects/Developments/DNA-Web/DNA-Frontend/vendor/laravel/framework/src/Illuminate/Foundation/Http/Middleware/TrimStrings.php(51): Illuminate\\Foundation\\Http\\Middleware\\TransformsRequest->handle(Object(Illuminate\\Http\\Request), Object(Closure))
#38 /Users/macbookshop/Desktop/Projects/Developments/DNA-Web/DNA-Frontend/vendor/laravel/framework/src/Illuminate/Pipeline/Pipeline.php(219): Illuminate\\Foundation\\Http\\Middleware\\TrimStrings->handle(Object(Illuminate\\Http\\Request), Object(Closure))
#39 /Users/macbookshop/Desktop/Projects/Developments/DNA-Web/DNA-Frontend/vendor/laravel/framework/src/Illuminate/Http/Middleware/ValidatePostSize.php(27): Illuminate\\Pipeline\\Pipeline->{closure:{closure:Illuminate\\Pipeline\\Pipeline::carry():194}:195}(Object(Illuminate\\Http\\Request))
#40 /Users/macbookshop/Desktop/Projects/Developments/DNA-Web/DNA-Frontend/vendor/laravel/framework/src/Illuminate/Pipeline/Pipeline.php(219): Illuminate\\Http\\Middleware\\ValidatePostSize->handle(Object(Illuminate\\Http\\Request), Object(Closure))
#41 /Users/macbookshop/Desktop/Projects/Developments/DNA-Web/DNA-Frontend/vendor/laravel/framework/src/Illuminate/Foundation/Http/Middleware/PreventRequestsDuringMaintenance.php(109): Illuminate\\Pipeline\\Pipeline->{closure:{closure:Illuminate\\Pipeline\\Pipeline::carry():194}:195}(Object(Illuminate\\Http\\Request))
#42 /Users/macbookshop/Desktop/Projects/Developments/DNA-Web/DNA-Frontend/vendor/laravel/framework/src/Illuminate/Pipeline/Pipeline.php(219): Illuminate\\Foundation\\Http\\Middleware\\PreventRequestsDuringMaintenance->handle(Object(Illuminate\\Http\\Request), Object(Closure))
#43 /Users/macbookshop/Desktop/Projects/Developments/DNA-Web/DNA-Frontend/vendor/laravel/framework/src/Illuminate/Http/Middleware/HandleCors.php(61): Illuminate\\Pipeline\\Pipeline->{closure:{closure:Illuminate\\Pipeline\\Pipeline::carry():194}:195}(Object(Illuminate\\Http\\Request))
#44 /Users/macbookshop/Desktop/Projects/Developments/DNA-Web/DNA-Frontend/vendor/laravel/framework/src/Illuminate/Pipeline/Pipeline.php(219): Illuminate\\Http\\Middleware\\HandleCors->handle(Object(Illuminate\\Http\\Request), Object(Closure))
#45 /Users/macbookshop/Desktop/Projects/Developments/DNA-Web/DNA-Frontend/vendor/laravel/framework/src/Illuminate/Http/Middleware/TrustProxies.php(58): Illuminate\\Pipeline\\Pipeline->{closure:{closure:Illuminate\\Pipeline\\Pipeline::carry():194}:195}(Object(Illuminate\\Http\\Request))
#46 /Users/macbookshop/Desktop/Projects/Developments/DNA-Web/DNA-Frontend/vendor/laravel/framework/src/Illuminate/Pipeline/Pipeline.php(219): Illuminate\\Http\\Middleware\\TrustProxies->handle(Object(Illuminate\\Http\\Request), Object(Closure))
#47 /Users/macbookshop/Desktop/Projects/Developments/DNA-Web/DNA-Frontend/vendor/laravel/framework/src/Illuminate/Foundation/Http/Middleware/InvokeDeferredCallbacks.php(22): Illuminate\\Pipeline\\Pipeline->{closure:{closure:Illuminate\\Pipeline\\Pipeline::carry():194}:195}(Object(Illuminate\\Http\\Request))
#48 /Users/macbookshop/Desktop/Projects/Developments/DNA-Web/DNA-Frontend/vendor/laravel/framework/src/Illuminate/Pipeline/Pipeline.php(219): Illuminate\\Foundation\\Http\\Middleware\\InvokeDeferredCallbacks->handle(Object(Illuminate\\Http\\Request), Object(Closure))
#49 /Users/macbookshop/Desktop/Projects/Developments/DNA-Web/DNA-Frontend/vendor/laravel/framework/src/Illuminate/Http/Middleware/ValidatePathEncoding.php(28): Illuminate\\Pipeline\\Pipeline->{closure:{closure:Illuminate\\Pipeline\\Pipeline::carry():194}:195}(Object(Illuminate\\Http\\Request))
#50 /Users/macbookshop/Desktop/Projects/Developments/DNA-Web/DNA-Frontend/vendor/laravel/framework/src/Illuminate/Pipeline/Pipeline.php(219): Illuminate\\Http\\Middleware\\ValidatePathEncoding->handle(Object(Illuminate\\Http\\Request), Object(Closure))
#51 /Users/macbookshop/Desktop/Projects/Developments/DNA-Web/DNA-Frontend/vendor/laravel/framework/src/Illuminate/Pipeline/Pipeline.php(137): Illuminate\\Pipeline\\Pipeline->{closure:{closure:Illuminate\\Pipeline\\Pipeline::carry():194}:195}(Object(Illuminate\\Http\\Request))
#52 /Users/macbookshop/Desktop/Projects/Developments/DNA-Web/DNA-Frontend/vendor/laravel/framework/src/Illuminate/Foundation/Http/Kernel.php(175): Illuminate\\Pipeline\\Pipeline->then(Object(Closure))
#53 /Users/macbookshop/Desktop/Projects/Developments/DNA-Web/DNA-Frontend/vendor/laravel/framework/src/Illuminate/Foundation/Http/Kernel.php(144): Illuminate\\Foundation\\Http\\Kernel->sendRequestThroughRouter(Object(Illuminate\\Http\\Request))
#54 /Users/macbookshop/Desktop/Projects/Developments/DNA-Web/DNA-Frontend/vendor/laravel/framework/src/Illuminate/Foundation/Testing/Concerns/MakesHttpRequests.php(638): Illuminate\\Foundation\\Http\\Kernel->handle(Object(Illuminate\\Http\\Request))
#55 /Users/macbookshop/Desktop/Projects/Developments/DNA-Web/DNA-Frontend/vendor/laravel/framework/src/Illuminate/Foundation/Testing/Concerns/MakesHttpRequests.php(368): Illuminate\\Foundation\\Testing\\TestCase->call('GET', '/ku/result/d64b...', Array, Array, Array, Array)
#56 /Users/macbookshop/Desktop/Projects/Developments/DNA-Web/DNA-Frontend/tests/Feature/AnalysisTest.php(202): Illuminate\\Foundation\\Testing\\TestCase->get('/ku/result/d64b...')
#57 /Users/macbookshop/Desktop/Projects/Developments/DNA-Web/DNA-Frontend/vendor/phpunit/phpunit/src/Framework/TestCase.php(1318): Tests\\Feature\\AnalysisTest->test_an_expired_result_id_returns_a_translated_404()
#58 /Users/macbookshop/Desktop/Projects/Developments/DNA-Web/DNA-Frontend/vendor/phpunit/phpunit/src/Framework/TestCase.php(1355): PHPUnit\\Framework\\TestCase->invokeTestMethod('test_an_expired...', Array)
#59 /Users/macbookshop/Desktop/Projects/Developments/DNA-Web/DNA-Frontend/vendor/phpunit/phpunit/src/Framework/TestCase.php(521): PHPUnit\\Framework\\TestCase->runTest()
#60 /Users/macbookshop/Desktop/Projects/Developments/DNA-Web/DNA-Frontend/vendor/phpunit/phpunit/src/Framework/TestRunner/TestRunner.php(99): PHPUnit\\Framework\\TestCase->runBare()
#61 /Users/macbookshop/Desktop/Projects/Developments/DNA-Web/DNA-Frontend/vendor/phpunit/phpunit/src/Framework/TestCase.php(361): PHPUnit\\Framework\\TestRunner->run(Object(Tests\\Feature\\AnalysisTest))
#62 /Users/macbookshop/Desktop/Projects/Developments/DNA-Web/DNA-Frontend/vendor/phpunit/phpunit/src/Framework/TestSuite.php(374): PHPUnit\\Framework\\TestCase->run()
#63 /Users/macbookshop/Desktop/Projects/Developments/DNA-Web/DNA-Frontend/vendor/phpunit/phpunit/src/Framework/TestSuite.php(374): PHPUnit\\Framework\\TestSuite->run()
#64 /Users/macbookshop/Desktop/Projects/Developments/DNA-Web/DNA-Frontend/vendor/phpunit/phpunit/src/Framework/TestSuite.php(374): PHPUnit\\Framework\\TestSuite->run()
#65 /Users/macbookshop/Desktop/Projects/Developments/DNA-Web/DNA-Frontend/vendor/phpunit/phpunit/src/TextUI/TestRunner.php(64): PHPUnit\\Framework\\TestSuite->run()
#66 /Users/macbookshop/Desktop/Projects/Developments/DNA-Web/DNA-Frontend/vendor/phpunit/phpunit/src/TextUI/Application.php(229): PHPUnit\\TextUI\\TestRunner->run(Object(PHPUnit\\TextUI\\Configuration\\Configuration), Object(PHPUnit\\Runner\\ResultCache\\DefaultResultCache), Object(PHPUnit\\Framework\\TestSuite))
#67 /Users/macbookshop/Desktop/Projects/Developments/DNA-Web/DNA-Frontend/vendor/phpunit/phpunit/phpunit(104): PHPUnit\\TextUI\\Application->run(Array)
#68 {main}

[previous exception] [object] (Illuminate\\View\\ViewException(code: 0): Missing required parameter for [Route: analysis.index] [URI: {locale}] [Missing parameter: locale]. (View: /Users/macbookshop/Desktop/Projects/Developments/DNA-Web/DNA-Frontend/resources/views/layouts/app.blade.php) at /Users/macbookshop/Desktop/Projects/Developments/DNA-Web/DNA-Frontend/vendor/laravel/framework/src/Illuminate/Routing/Exceptions/UrlGenerationException.php:35)
[stacktrace]
#0 /Users/macbookshop/Desktop/Projects/Developments/DNA-Web/DNA-Frontend/vendor/laravel/framework/src/Illuminate/View/Engines/PhpEngine.php(59): Illuminate\\View\\Engines\\CompilerEngine->handleViewException(Object(Illuminate\\Routing\\Exceptions\\UrlGenerationException), 2)
#1 /Users/macbookshop/Desktop/Projects/Developments/DNA-Web/DNA-Frontend/vendor/laravel/framework/src/Illuminate/View/Engines/CompilerEngine.php(76): Illuminate\\View\\Engines\\PhpEngine->evaluatePath('/Users/macbooks...', Array)
#2 /Users/macbookshop/Desktop/Projects/Developments/DNA-Web/DNA-Frontend/vendor/laravel/framework/src/Illuminate/View/View.php(208): Illuminate\\View\\Engines\\CompilerEngine->get('/Users/macbooks...', Array)
#3 /Users/macbookshop/Desktop/Projects/Developments/DNA-Web/DNA-Frontend/vendor/laravel/framework/src/Illuminate/View/View.php(191): Illuminate\\View\\View->getContents()
#4 /Users/macbookshop/Desktop/Projects/Developments/DNA-Web/DNA-Frontend/vendor/laravel/framework/src/Illuminate/View/View.php(160): Illuminate\\View\\View->renderContents()
#5 /Users/macbookshop/Desktop/Projects/Developments/DNA-Web/DNA-Frontend/storage/framework/views/f058fb6fd3ae58a3027bb36a27ff1ec0.php(15): Illuminate\\View\\View->render()
#6 /Users/macbookshop/Desktop/Projects/Developments/DNA-Web/DNA-Frontend/vendor/laravel/framework/src/Illuminate/Filesystem/Filesystem.php(123): require('/Users/macbooks...')
#7 /Users/macbookshop/Desktop/Projects/Developments/DNA-Web/DNA-Frontend/vendor/laravel/framework/src/Illuminate/Filesystem/Filesystem.php(124): Illuminate\\Filesystem\\Filesystem::{closure:Illuminate\\Filesystem\\Filesystem::getRequire():120}()
#8 /Users/macbookshop/Desktop/Projects/Developments/DNA-Web/DNA-Frontend/vendor/laravel/framework/src/Illuminate/View/Engines/PhpEngine.php(57): Illuminate\\Filesystem\\Filesystem->getRequire('/Users/macbooks...', Array)
#9 /Users/macbookshop/Desktop/Projects/Developments/DNA-Web/DNA-Frontend/vendor/laravel/framework/src/Illuminate/View/Engines/CompilerEngine.php(76): Illuminate\\View\\Engines\\PhpEngine->evaluatePath('/Users/macbooks...', Array)
#10 /Users/macbookshop/Desktop/Projects/Developments/DNA-Web/DNA-Frontend/vendor/laravel/framework/src/Illuminate/View/View.php(208): Illuminate\\View\\Engines\\CompilerEngine->get('/Users/macbooks...', Array)
#11 /Users/macbookshop/Desktop/Projects/Developments/DNA-Web/DNA-Frontend/vendor/laravel/framework/src/Illuminate/View/View.php(191): Illuminate\\View\\View->getContents()
#12 /Users/macbookshop/Desktop/Projects/Developments/DNA-Web/DNA-Frontend/vendor/laravel/framework/src/Illuminate/View/View.php(160): Illuminate\\View\\View->renderContents()
#13 /Users/macbookshop/Desktop/Projects/Developments/DNA-Web/DNA-Frontend/vendor/laravel/framework/src/Illuminate/Http/Response.php(82): Illuminate\\View\\View->render()
#14 /Users/macbookshop/Desktop/Projects/Developments/DNA-Web/DNA-Frontend/vendor/laravel/framework/src/Illuminate/Http/Response.php(40): Illuminate\\Http\\Response->setContent(Object(Illuminate\\View\\View))
#15 /Users/macbookshop/Desktop/Projects/Developments/DNA-Web/DNA-Frontend/vendor/laravel/framework/src/Illuminate/Routing/ResponseFactory.php(61): Illuminate\\Http\\Response->__construct(Object(Illuminate\\View\\View), 404, Array)
#16 /Users/macbookshop/Desktop/Projects/Developments/DNA-Web/DNA-Frontend/vendor/laravel/framework/src/Illuminate/Routing/ResponseFactory.php(91): Illuminate\\Routing\\ResponseFactory->make(Object(Illuminate\\View\\View), 404, Array)
#17 /Users/macbookshop/Desktop/Projects/Developments/DNA-Web/DNA-Frontend/vendor/laravel/framework/src/Illuminate/Foundation/Exceptions/Handler.php(1031): Illuminate\\Routing\\ResponseFactory->view('errors::404', Array, 404, Array)
#18 /Users/macbookshop/Desktop/Projects/Developments/DNA-Web/DNA-Frontend/vendor/laravel/framework/src/Illuminate/Foundation/Exceptions/Handler.php(950): Illuminate\\Foundation\\Exceptions\\Handler->renderHttpException(Object(Symfony\\Component\\HttpKernel\\Exception\\NotFoundHttpException))
#19 /Users/macbookshop/Desktop/Projects/Developments/DNA-Web/DNA-Frontend/vendor/laravel/framework/src/Illuminate/Foundation/Exceptions/Handler.php(833): Illuminate\\Foundation\\Exceptions\\Handler->prepareResponse(Object(Illuminate\\Http\\Request), Object(Symfony\\Component\\HttpKernel\\Exception\\NotFoundHttpException))
#20 /Users/macbookshop/Desktop/Projects/Developments/DNA-Web/DNA-Frontend/vendor/laravel/framework/src/Illuminate/Foundation/Exceptions/Handler.php(720): Illuminate\\Foundation\\Exceptions\\Handler->renderExceptionResponse(Object(Illuminate\\Http\\Request), Object(Symfony\\Component\\HttpKernel\\Exception\\NotFoundHttpException))
#21 /Users/macbookshop/Desktop/Projects/Developments/DNA-Web/DNA-Frontend/vendor/laravel/framework/src/Illuminate/Routing/Pipeline.php(51): Illuminate\\Foundation\\Exceptions\\Handler->render(Object(Illuminate\\Http\\Request), Object(Symfony\\Component\\HttpKernel\\Exception\\NotFoundHttpException))
#22 /Users/macbookshop/Desktop/Projects/Developments/DNA-Web/DNA-Frontend/vendor/laravel/framework/src/Illuminate/Pipeline/Pipeline.php(224): Illuminate\\Routing\\Pipeline->handleException(Object(Illuminate\\Http\\Request), Object(Illuminate\\Database\\Eloquent\\ModelNotFoundException))
#23 /Users/macbookshop/Desktop/Projects/Developments/DNA-Web/DNA-Frontend/vendor/laravel/framework/src/Illuminate/Foundation/Http/Middleware/PreventRequestForgery.php(104): Illuminate\\Pipeline\\Pipeline->{closure:{closure:Illuminate\\Pipeline\\Pipeline::carry():194}:195}(Object(Illuminate\\Http\\Request))
#24 /Users/macbookshop/Desktop/Projects/Developments/DNA-Web/DNA-Frontend/vendor/laravel/framework/src/Illuminate/Pipeline/Pipeline.php(219): Illuminate\\Foundation\\Http\\Middleware\\PreventRequestForgery->handle(Object(Illuminate\\Http\\Request), Object(Closure))
#25 /Users/macbookshop/Desktop/Projects/Developments/DNA-Web/DNA-Frontend/vendor/laravel/framework/src/Illuminate/View/Middleware/ShareErrorsFromSession.php(48): Illuminate\\Pipeline\\Pipeline->{closure:{closure:Illuminate\\Pipeline\\Pipeline::carry():194}:195}(Object(Illuminate\\Http\\Request))
#26 /Users/macbookshop/Desktop/Projects/Developments/DNA-Web/DNA-Frontend/vendor/laravel/framework/src/Illuminate/Pipeline/Pipeline.php(219): Illuminate\\View\\Middleware\\ShareErrorsFromSession->handle(Object(Illuminate\\Http\\Request), Object(Closure))
#27 /Users/macbookshop/Desktop/Projects/Developments/DNA-Web/DNA-Frontend/vendor/laravel/framework/src/Illuminate/Session/Middleware/StartSession.php(120): Illuminate\\Pipeline\\Pipeline->{closure:{closure:Illuminate\\Pipeline\\Pipeline::carry():194}:195}(Object(Illuminate\\Http\\Request))
#28 /Users/macbookshop/Desktop/Projects/Developments/DNA-Web/DNA-Frontend/vendor/laravel/framework/src/Illuminate/Session/Middleware/StartSession.php(63): Illuminate\\Session\\Middleware\\StartSession->handleStatefulRequest(Object(Illuminate\\Http\\Request), Object(Illuminate\\Session\\Store), Object(Closure))
#29 /Users/macbookshop/Desktop/Projects/Developments/DNA-Web/DNA-Frontend/vendor/laravel/framework/src/Illuminate/Pipeline/Pipeline.php(219): Illuminate\\Session\\Middleware\\StartSession->handle(Object(Illuminate\\Http\\Request), Object(Closure))
#30 /Users/macbookshop/Desktop/Projects/Developments/DNA-Web/DNA-Frontend/vendor/laravel/framework/src/Illuminate/Cookie/Middleware/AddQueuedCookiesToResponse.php(36): Illuminate\\Pipeline\\Pipeline->{closure:{closure:Illuminate\\Pipeline\\Pipeline::carry():194}:195}(Object(Illuminate\\Http\\Request))
#31 /Users/macbookshop/Desktop/Projects/Developments/DNA-Web/DNA-Frontend/vendor/laravel/framework/src/Illuminate/Pipeline/Pipeline.php(219): Illuminate\\Cookie\\Middleware\\AddQueuedCookiesToResponse->handle(Object(Illuminate\\Http\\Request), Object(Closure))
#32 /Users/macbookshop/Desktop/Projects/Developments/DNA-Web/DNA-Frontend/vendor/laravel/framework/src/Illuminate/Cookie/Middleware/EncryptCookies.php(74): Illuminate\\Pipeline\\Pipeline->{closure:{closure:Illuminate\\Pipeline\\Pipeline::carry():194}:195}(Object(Illuminate\\Http\\Request))
#33 /Users/macbookshop/Desktop/Projects/Developments/DNA-Web/DNA-Frontend/vendor/laravel/framework/src/Illuminate/Pipeline/Pipeline.php(219): Illuminate\\Cookie\\Middleware\\EncryptCookies->handle(Object(Illuminate\\Http\\Request), Object(Closure))
#34 /Users/macbookshop/Desktop/Projects/Developments/DNA-Web/DNA-Frontend/vendor/laravel/framework/src/Illuminate/Pipeline/Pipeline.php(137): Illuminate\\Pipeline\\Pipeline->{closure:{closure:Illuminate\\Pipeline\\Pipeline::carry():194}:195}(Object(Illuminate\\Http\\Request))
#35 /Users/macbookshop/Desktop/Projects/Developments/DNA-Web/DNA-Frontend/vendor/laravel/framework/src/Illuminate/Routing/Router.php(821): Illuminate\\Pipeline\\Pipeline->then(Object(Closure))
#36 /Users/macbookshop/Desktop/Projects/Developments/DNA-Web/DNA-Frontend/vendor/laravel/framework/src/Illuminate/Routing/Router.php(800): Illuminate\\Routing\\Router->runRouteWithinStack(Object(Illuminate\\Routing\\Route), Object(Illuminate\\Http\\Request))
#37 /Users/macbookshop/Desktop/Projects/Developments/DNA-Web/DNA-Frontend/vendor/laravel/framework/src/Illuminate/Routing/Router.php(764): Illuminate\\Routing\\Router->runRoute(Object(Illuminate\\Http\\Request), Object(Illuminate\\Routing\\Route))
#38 /Users/macbookshop/Desktop/Projects/Developments/DNA-Web/DNA-Frontend/vendor/laravel/framework/src/Illuminate/Routing/Router.php(753): Illuminate\\Routing\\Router->dispatchToRoute(Object(Illuminate\\Http\\Request))
#39 /Users/macbookshop/Desktop/Projects/Developments/DNA-Web/DNA-Frontend/vendor/laravel/framework/src/Illuminate/Foundation/Http/Kernel.php(200): Illuminate\\Routing\\Router->dispatch(Object(Illuminate\\Http\\Request))
#40 /Users/macbookshop/Desktop/Projects/Developments/DNA-Web/DNA-Frontend/vendor/laravel/framework/src/Illuminate/Pipeline/Pipeline.php(180): Illuminate\\Foundation\\Http\\Kernel->{closure:Illuminate\\Foundation\\Http\\Kernel::dispatchToRouter():197}(Object(Illuminate\\Http\\Request))
#41 /Users/macbookshop/Desktop/Projects/Developments/DNA-Web/DNA-Frontend/vendor/laravel/framework/src/Illuminate/Foundation/Http/Middleware/TransformsRequest.php(21): Illuminate\\Pipeline\\Pipeline->{closure:Illuminate\\Pipeline\\Pipeline::prepareDestination():178}(Object(Illuminate\\Http\\Request))
#42 /Users/macbookshop/Desktop/Projects/Developments/DNA-Web/DNA-Frontend/vendor/laravel/framework/src/Illuminate/Foundation/Http/Middleware/ConvertEmptyStringsToNull.php(31): Illuminate\\Foundation\\Http\\Middleware\\TransformsRequest->handle(Object(Illuminate\\Http\\Request), Object(Closure))
#43 /Users/macbookshop/Desktop/Projects/Developments/DNA-Web/DNA-Frontend/vendor/laravel/framework/src/Illuminate/Pipeline/Pipeline.php(219): Illuminate\\Foundation\\Http\\Middleware\\ConvertEmptyStringsToNull->handle(Object(Illuminate\\Http\\Request), Object(Closure))
#44 /Users/macbookshop/Desktop/Projects/Developments/DNA-Web/DNA-Frontend/vendor/laravel/framework/src/Illuminate/Foundation/Http/Middleware/TransformsRequest.php(21): Illuminate\\Pipeline\\Pipeline->{closure:{closure:Illuminate\\Pipeline\\Pipeline::carry():194}:195}(Object(Illuminate\\Http\\Request))
#45 /Users/macbookshop/Desktop/Projects/Developments/DNA-Web/DNA-Frontend/vendor/laravel/framework/src/Illuminate/Foundation/Http/Middleware/TrimStrings.php(51): Illuminate\\Foundation\\Http\\Middleware\\TransformsRequest->handle(Object(Illuminate\\Http\\Request), Object(Closure))
#46 /Users/macbookshop/Desktop/Projects/Developments/DNA-Web/DNA-Frontend/vendor/laravel/framework/src/Illuminate/Pipeline/Pipeline.php(219): Illuminate\\Foundation\\Http\\Middleware\\TrimStrings->handle(Object(Illuminate\\Http\\Request), Object(Closure))
#47 /Users/macbookshop/Desktop/Projects/Developments/DNA-Web/DNA-Frontend/vendor/laravel/framework/src/Illuminate/Http/Middleware/ValidatePostSize.php(27): Illuminate\\Pipeline\\Pipeline->{closure:{closure:Illuminate\\Pipeline\\Pipeline::carry():194}:195}(Object(Illuminate\\Http\\Request))
#48 /Users/macbookshop/Desktop/Projects/Developments/DNA-Web/DNA-Frontend/vendor/laravel/framework/src/Illuminate/Pipeline/Pipeline.php(219): Illuminate\\Http\\Middleware\\ValidatePostSize->handle(Object(Illuminate\\Http\\Request), Object(Closure))
#49 /Users/macbookshop/Desktop/Projects/Developments/DNA-Web/DNA-Frontend/vendor/laravel/framework/src/Illuminate/Foundation/Http/Middleware/PreventRequestsDuringMaintenance.php(109): Illuminate\\Pipeline\\Pipeline->{closure:{closure:Illuminate\\Pipeline\\Pipeline::carry():194}:195}(Object(Illuminate\\Http\\Request))
#50 /Users/macbookshop/Desktop/Projects/Developments/DNA-Web/DNA-Frontend/vendor/laravel/framework/src/Illuminate/Pipeline/Pipeline.php(219): Illuminate\\Foundation\\Http\\Middleware\\PreventRequestsDuringMaintenance->handle(Object(Illuminate\\Http\\Request), Object(Closure))
#51 /Users/macbookshop/Desktop/Projects/Developments/DNA-Web/DNA-Frontend/vendor/laravel/framework/src/Illuminate/Http/Middleware/HandleCors.php(61): Illuminate\\Pipeline\\Pipeline->{closure:{closure:Illuminate\\Pipeline\\Pipeline::carry():194}:195}(Object(Illuminate\\Http\\Request))
#52 /Users/macbookshop/Desktop/Projects/Developments/DNA-Web/DNA-Frontend/vendor/laravel/framework/src/Illuminate/Pipeline/Pipeline.php(219): Illuminate\\Http\\Middleware\\HandleCors->handle(Object(Illuminate\\Http\\Request), Object(Closure))
#53 /Users/macbookshop/Desktop/Projects/Developments/DNA-Web/DNA-Frontend/vendor/laravel/framework/src/Illuminate/Http/Middleware/TrustProxies.php(58): Illuminate\\Pipeline\\Pipeline->{closure:{closure:Illuminate\\Pipeline\\Pipeline::carry():194}:195}(Object(Illuminate\\Http\\Request))
#54 /Users/macbookshop/Desktop/Projects/Developments/DNA-Web/DNA-Frontend/vendor/laravel/framework/src/Illuminate/Pipeline/Pipeline.php(219): Illuminate\\Http\\Middleware\\TrustProxies->handle(Object(Illuminate\\Http\\Request), Object(Closure))
#55 /Users/macbookshop/Desktop/Projects/Developments/DNA-Web/DNA-Frontend/vendor/laravel/framework/src/Illuminate/Foundation/Http/Middleware/InvokeDeferredCallbacks.php(22): Illuminate\\Pipeline\\Pipeline->{closure:{closure:Illuminate\\Pipeline\\Pipeline::carry():194}:195}(Object(Illuminate\\Http\\Request))
#56 /Users/macbookshop/Desktop/Projects/Developments/DNA-Web/DNA-Frontend/vendor/laravel/framework/src/Illuminate/Pipeline/Pipeline.php(219): Illuminate\\Foundation\\Http\\Middleware\\InvokeDeferredCallbacks->handle(Object(Illuminate\\Http\\Request), Object(Closure))
#57 /Users/macbookshop/Desktop/Projects/Developments/DNA-Web/DNA-Frontend/vendor/laravel/framework/src/Illuminate/Http/Middleware/ValidatePathEncoding.php(28): Illuminate\\Pipeline\\Pipeline->{closure:{closure:Illuminate\\Pipeline\\Pipeline::carry():194}:195}(Object(Illuminate\\Http\\Request))
#58 /Users/macbookshop/Desktop/Projects/Developments/DNA-Web/DNA-Frontend/vendor/laravel/framework/src/Illuminate/Pipeline/Pipeline.php(219): Illuminate\\Http\\Middleware\\ValidatePathEncoding->handle(Object(Illuminate\\Http\\Request), Object(Closure))
#59 /Users/macbookshop/Desktop/Projects/Developments/DNA-Web/DNA-Frontend/vendor/laravel/framework/src/Illuminate/Pipeline/Pipeline.php(137): Illuminate\\Pipeline\\Pipeline->{closure:{closure:Illuminate\\Pipeline\\Pipeline::carry():194}:195}(Object(Illuminate\\Http\\Request))
#60 /Users/macbookshop/Desktop/Projects/Developments/DNA-Web/DNA-Frontend/vendor/laravel/framework/src/Illuminate/Foundation/Http/Kernel.php(175): Illuminate\\Pipeline\\Pipeline->then(Object(Closure))
#61 /Users/macbookshop/Desktop/Projects/Developments/DNA-Web/DNA-Frontend/vendor/laravel/framework/src/Illuminate/Foundation/Http/Kernel.php(144): Illuminate\\Foundation\\Http\\Kernel->sendRequestThroughRouter(Object(Illuminate\\Http\\Request))
#62 /Users/macbookshop/Desktop/Projects/Developments/DNA-Web/DNA-Frontend/vendor/laravel/framework/src/Illuminate/Foundation/Testing/Concerns/MakesHttpRequests.php(638): Illuminate\\Foundation\\Http\\Kernel->handle(Object(Illuminate\\Http\\Request))
#63 /Users/macbookshop/Desktop/Projects/Developments/DNA-Web/DNA-Frontend/vendor/laravel/framework/src/Illuminate/Foundation/Testing/Concerns/MakesHttpRequests.php(368): Illuminate\\Foundation\\Testing\\TestCase->call('GET', '/ku/result/d64b...', Array, Array, Array, Array)
#64 /Users/macbookshop/Desktop/Projects/Developments/DNA-Web/DNA-Frontend/tests/Feature/AnalysisTest.php(202): Illuminate\\Foundation\\Testing\\TestCase->get('/ku/result/d64b...')
#65 /Users/macbookshop/Desktop/Projects/Developments/DNA-Web/DNA-Frontend/vendor/phpunit/phpunit/src/Framework/TestCase.php(1318): Tests\\Feature\\AnalysisTest->test_an_expired_result_id_returns_a_translated_404()
#66 /Users/macbookshop/Desktop/Projects/Developments/DNA-Web/DNA-Frontend/vendor/phpunit/phpunit/src/Framework/TestCase.php(1355): PHPUnit\\Framework\\TestCase->invokeTestMethod('test_an_expired...', Array)
#67 /Users/macbookshop/Desktop/Projects/Developments/DNA-Web/DNA-Frontend/vendor/phpunit/phpunit/src/Framework/TestCase.php(521): PHPUnit\\Framework\\TestCase->runTest()
#68 /Users/macbookshop/Desktop/Projects/Developments/DNA-Web/DNA-Frontend/vendor/phpunit/phpunit/src/Framework/TestRunner/TestRunner.php(99): PHPUnit\\Framework\\TestCase->runBare()
#69 /Users/macbookshop/Desktop/Projects/Developments/DNA-Web/DNA-Frontend/vendor/phpunit/phpunit/src/Framework/TestCase.php(361): PHPUnit\\Framework\\TestRunner->run(Object(Tests\\Feature\\AnalysisTest))
#70 /Users/macbookshop/Desktop/Projects/Developments/DNA-Web/DNA-Frontend/vendor/phpunit/phpunit/src/Framework/TestSuite.php(374): PHPUnit\\Framework\\TestCase->run()
#71 /Users/macbookshop/Desktop/Projects/Developments/DNA-Web/DNA-Frontend/vendor/phpunit/phpunit/src/Framework/TestSuite.php(374): PHPUnit\\Framework\\TestSuite->run()
#72 /Users/macbookshop/Desktop/Projects/Developments/DNA-Web/DNA-Frontend/vendor/phpunit/phpunit/src/Framework/TestSuite.php(374): PHPUnit\\Framework\\TestSuite->run()
#73 /Users/macbookshop/Desktop/Projects/Developments/DNA-Web/DNA-Frontend/vendor/phpunit/phpunit/src/TextUI/TestRunner.php(64): PHPUnit\\Framework\\TestSuite->run()
#74 /Users/macbookshop/Desktop/Projects/Developments/DNA-Web/DNA-Frontend/vendor/phpunit/phpunit/src/TextUI/Application.php(229): PHPUnit\\TextUI\\TestRunner->run(Object(PHPUnit\\TextUI\\Configuration\\Configuration), Object(PHPUnit\\Runner\\ResultCache\\DefaultResultCache), Object(PHPUnit\\Framework\\TestSuite))
#75 /Users/macbookshop/Desktop/Projects/Developments/DNA-Web/DNA-Frontend/vendor/phpunit/phpunit/phpunit(104): PHPUnit\\TextUI\\Application->run(Array)
#76 {main}

[previous exception] [object] (Illuminate\\Routing\\Exceptions\\UrlGenerationException(code: 0): Missing required parameter for [Route: analysis.index] [URI: {locale}] [Missing parameter: locale]. at /Users/macbookshop/Desktop/Projects/Developments/DNA-Web/DNA-Frontend/vendor/laravel/framework/src/Illuminate/Routing/Exceptions/UrlGenerationException.php:35)
[stacktrace]
#0 /Users/macbookshop/Desktop/Projects/Developments/DNA-Web/DNA-Frontend/vendor/laravel/framework/src/Illuminate/Routing/RouteUrlGenerator.php(95): Illuminate\\Routing\\Exceptions\\UrlGenerationException::forMissingParameters(Object(Illuminate\\Routing\\Route), Array)
#1 /Users/macbookshop/Desktop/Projects/Developments/DNA-Web/DNA-Frontend/vendor/laravel/framework/src/Illuminate/Routing/UrlGenerator.php(557): Illuminate\\Routing\\RouteUrlGenerator->to(Object(Illuminate\\Routing\\Route), Array, true)
#2 /Users/macbookshop/Desktop/Projects/Developments/DNA-Web/DNA-Frontend/vendor/laravel/framework/src/Illuminate/Routing/UrlGenerator.php(534): Illuminate\\Routing\\UrlGenerator->toRoute(Object(Illuminate\\Routing\\Route), Array, true)
#3 /Users/macbookshop/Desktop/Projects/Developments/DNA-Web/DNA-Frontend/vendor/laravel/framework/src/Illuminate/Foundation/helpers.php(870): Illuminate\\Routing\\UrlGenerator->route('analysis.index', Array, true)
#4 /Users/macbookshop/Desktop/Projects/Developments/DNA-Web/DNA-Frontend/storage/framework/views/5412c5794b9520f727cb3f5abab9bc6b.php(34): route('analysis.index')
#5 /Users/macbookshop/Desktop/Projects/Developments/DNA-Web/DNA-Frontend/vendor/laravel/framework/src/Illuminate/Filesystem/Filesystem.php(123): require('/Users/macbooks...')
#6 /Users/macbookshop/Desktop/Projects/Developments/DNA-Web/DNA-Frontend/vendor/laravel/framework/src/Illuminate/Filesystem/Filesystem.php(124): Illuminate\\Filesystem\\Filesystem::{closure:Illuminate\\Filesystem\\Filesystem::getRequire():120}()
#7 /Users/macbookshop/Desktop/Projects/Developments/DNA-Web/DNA-Frontend/vendor/laravel/framework/src/Illuminate/View/Engines/PhpEngine.php(57): Illuminate\\Filesystem\\Filesystem->getRequire('/Users/macbooks...', Array)
#8 /Users/macbookshop/Desktop/Projects/Developments/DNA-Web/DNA-Frontend/vendor/laravel/framework/src/Illuminate/View/Engines/CompilerEngine.php(76): Illuminate\\View\\Engines\\PhpEngine->evaluatePath('/Users/macbooks...', Array)
#9 /Users/macbookshop/Desktop/Projects/Developments/DNA-Web/DNA-Frontend/vendor/laravel/framework/src/Illuminate/View/View.php(208): Illuminate\\View\\Engines\\CompilerEngine->get('/Users/macbooks...', Array)
#10 /Users/macbookshop/Desktop/Projects/Developments/DNA-Web/DNA-Frontend/vendor/laravel/framework/src/Illuminate/View/View.php(191): Illuminate\\View\\View->getContents()
#11 /Users/macbookshop/Desktop/Projects/Developments/DNA-Web/DNA-Frontend/vendor/laravel/framework/src/Illuminate/View/View.php(160): Illuminate\\View\\View->renderContents()
#12 /Users/macbookshop/Desktop/Projects/Developments/DNA-Web/DNA-Frontend/storage/framework/views/f058fb6fd3ae58a3027bb36a27ff1ec0.php(15): Illuminate\\View\\View->render()
#13 /Users/macbookshop/Desktop/Projects/Developments/DNA-Web/DNA-Frontend/vendor/laravel/framework/src/Illuminate/Filesystem/Filesystem.php(123): require('/Users/macbooks...')
#14 /Users/macbookshop/Desktop/Projects/Developments/DNA-Web/DNA-Frontend/vendor/laravel/framework/src/Illuminate/Filesystem/Filesystem.php(124): Illuminate\\Filesystem\\Filesystem::{closure:Illuminate\\Filesystem\\Filesystem::getRequire():120}()
#15 /Users/macbookshop/Desktop/Projects/Developments/DNA-Web/DNA-Frontend/vendor/laravel/framework/src/Illuminate/View/Engines/PhpEngine.php(57): Illuminate\\Filesystem\\Filesystem->getRequire('/Users/macbooks...', Array)
#16 /Users/macbookshop/Desktop/Projects/Developments/DNA-Web/DNA-Frontend/vendor/laravel/framework/src/Illuminate/View/Engines/CompilerEngine.php(76): Illuminate\\View\\Engines\\PhpEngine->evaluatePath('/Users/macbooks...', Array)
#17 /Users/macbookshop/Desktop/Projects/Developments/DNA-Web/DNA-Frontend/vendor/laravel/framework/src/Illuminate/View/View.php(208): Illuminate\\View\\Engines\\CompilerEngine->get('/Users/macbooks...', Array)
#18 /Users/macbookshop/Desktop/Projects/Developments/DNA-Web/DNA-Frontend/vendor/laravel/framework/src/Illuminate/View/View.php(191): Illuminate\\View\\View->getContents()
#19 /Users/macbookshop/Desktop/Projects/Developments/DNA-Web/DNA-Frontend/vendor/laravel/framework/src/Illuminate/View/View.php(160): Illuminate\\View\\View->renderContents()
#20 /Users/macbookshop/Desktop/Projects/Developments/DNA-Web/DNA-Frontend/vendor/laravel/framework/src/Illuminate/Http/Response.php(82): Illuminate\\View\\View->render()
#21 /Users/macbookshop/Desktop/Projects/Developments/DNA-Web/DNA-Frontend/vendor/laravel/framework/src/Illuminate/Http/Response.php(40): Illuminate\\Http\\Response->setContent(Object(Illuminate\\View\\View))
#22 /Users/macbookshop/Desktop/Projects/Developments/DNA-Web/DNA-Frontend/vendor/laravel/framework/src/Illuminate/Routing/ResponseFactory.php(61): Illuminate\\Http\\Response->__construct(Object(Illuminate\\View\\View), 404, Array)
#23 /Users/macbookshop/Desktop/Projects/Developments/DNA-Web/DNA-Frontend/vendor/laravel/framework/src/Illuminate/Routing/ResponseFactory.php(91): Illuminate\\Routing\\ResponseFactory->make(Object(Illuminate\\View\\View), 404, Array)
#24 /Users/macbookshop/Desktop/Projects/Developments/DNA-Web/DNA-Frontend/vendor/laravel/framework/src/Illuminate/Foundation/Exceptions/Handler.php(1031): Illuminate\\Routing\\ResponseFactory->view('errors::404', Array, 404, Array)
#25 /Users/macbookshop/Desktop/Projects/Developments/DNA-Web/DNA-Frontend/vendor/laravel/framework/src/Illuminate/Foundation/Exceptions/Handler.php(950): Illuminate\\Foundation\\Exceptions\\Handler->renderHttpException(Object(Symfony\\Component\\HttpKernel\\Exception\\NotFoundHttpException))
#26 /Users/macbookshop/Desktop/Projects/Developments/DNA-Web/DNA-Frontend/vendor/laravel/framework/src/Illuminate/Foundation/Exceptions/Handler.php(833): Illuminate\\Foundation\\Exceptions\\Handler->prepareResponse(Object(Illuminate\\Http\\Request), Object(Symfony\\Component\\HttpKernel\\Exception\\NotFoundHttpException))
#27 /Users/macbookshop/Desktop/Projects/Developments/DNA-Web/DNA-Frontend/vendor/laravel/framework/src/Illuminate/Foundation/Exceptions/Handler.php(720): Illuminate\\Foundation\\Exceptions\\Handler->renderExceptionResponse(Object(Illuminate\\Http\\Request), Object(Symfony\\Component\\HttpKernel\\Exception\\NotFoundHttpException))
#28 /Users/macbookshop/Desktop/Projects/Developments/DNA-Web/DNA-Frontend/vendor/laravel/framework/src/Illuminate/Routing/Pipeline.php(51): Illuminate\\Foundation\\Exceptions\\Handler->render(Object(Illuminate\\Http\\Request), Object(Symfony\\Component\\HttpKernel\\Exception\\NotFoundHttpException))
#29 /Users/macbookshop/Desktop/Projects/Developments/DNA-Web/DNA-Frontend/vendor/laravel/framework/src/Illuminate/Pipeline/Pipeline.php(224): Illuminate\\Routing\\Pipeline->handleException(Object(Illuminate\\Http\\Request), Object(Illuminate\\Database\\Eloquent\\ModelNotFoundException))
#30 /Users/macbookshop/Desktop/Projects/Developments/DNA-Web/DNA-Frontend/vendor/laravel/framework/src/Illuminate/Foundation/Http/Middleware/PreventRequestForgery.php(104): Illuminate\\Pipeline\\Pipeline->{closure:{closure:Illuminate\\Pipeline\\Pipeline::carry():194}:195}(Object(Illuminate\\Http\\Request))
#31 /Users/macbookshop/Desktop/Projects/Developments/DNA-Web/DNA-Frontend/vendor/laravel/framework/src/Illuminate/Pipeline/Pipeline.php(219): Illuminate\\Foundation\\Http\\Middleware\\PreventRequestForgery->handle(Object(Illuminate\\Http\\Request), Object(Closure))
#32 /Users/macbookshop/Desktop/Projects/Developments/DNA-Web/DNA-Frontend/vendor/laravel/framework/src/Illuminate/View/Middleware/ShareErrorsFromSession.php(48): Illuminate\\Pipeline\\Pipeline->{closure:{closure:Illuminate\\Pipeline\\Pipeline::carry():194}:195}(Object(Illuminate\\Http\\Request))
#33 /Users/macbookshop/Desktop/Projects/Developments/DNA-Web/DNA-Frontend/vendor/laravel/framework/src/Illuminate/Pipeline/Pipeline.php(219): Illuminate\\View\\Middleware\\ShareErrorsFromSession->handle(Object(Illuminate\\Http\\Request), Object(Closure))
#34 /Users/macbookshop/Desktop/Projects/Developments/DNA-Web/DNA-Frontend/vendor/laravel/framework/src/Illuminate/Session/Middleware/StartSession.php(120): Illuminate\\Pipeline\\Pipeline->{closure:{closure:Illuminate\\Pipeline\\Pipeline::carry():194}:195}(Object(Illuminate\\Http\\Request))
#35 /Users/macbookshop/Desktop/Projects/Developments/DNA-Web/DNA-Frontend/vendor/laravel/framework/src/Illuminate/Session/Middleware/StartSession.php(63): Illuminate\\Session\\Middleware\\StartSession->handleStatefulRequest(Object(Illuminate\\Http\\Request), Object(Illuminate\\Session\\Store), Object(Closure))
#36 /Users/macbookshop/Desktop/Projects/Developments/DNA-Web/DNA-Frontend/vendor/laravel/framework/src/Illuminate/Pipeline/Pipeline.php(219): Illuminate\\Session\\Middleware\\StartSession->handle(Object(Illuminate\\Http\\Request), Object(Closure))
#37 /Users/macbookshop/Desktop/Projects/Developments/DNA-Web/DNA-Frontend/vendor/laravel/framework/src/Illuminate/Cookie/Middleware/AddQueuedCookiesToResponse.php(36): Illuminate\\Pipeline\\Pipeline->{closure:{closure:Illuminate\\Pipeline\\Pipeline::carry():194}:195}(Object(Illuminate\\Http\\Request))
#38 /Users/macbookshop/Desktop/Projects/Developments/DNA-Web/DNA-Frontend/vendor/laravel/framework/src/Illuminate/Pipeline/Pipeline.php(219): Illuminate\\Cookie\\Middleware\\AddQueuedCookiesToResponse->handle(Object(Illuminate\\Http\\Request), Object(Closure))
#39 /Users/macbookshop/Desktop/Projects/Developments/DNA-Web/DNA-Frontend/vendor/laravel/framework/src/Illuminate/Cookie/Middleware/EncryptCookies.php(74): Illuminate\\Pipeline\\Pipeline->{closure:{closure:Illuminate\\Pipeline\\Pipeline::carry():194}:195}(Object(Illuminate\\Http\\Request))
#40 /Users/macbookshop/Desktop/Projects/Developments/DNA-Web/DNA-Frontend/vendor/laravel/framework/src/Illuminate/Pipeline/Pipeline.php(219): Illuminate\\Cookie\\Middleware\\EncryptCookies->handle(Object(Illuminate\\Http\\Request), Object(Closure))
#41 /Users/macbookshop/Desktop/Projects/Developments/DNA-Web/DNA-Frontend/vendor/laravel/framework/src/Illuminate/Pipeline/Pipeline.php(137): Illuminate\\Pipeline\\Pipeline->{closure:{closure:Illuminate\\Pipeline\\Pipeline::carry():194}:195}(Object(Illuminate\\Http\\Request))
#42 /Users/macbookshop/Desktop/Projects/Developments/DNA-Web/DNA-Frontend/vendor/laravel/framework/src/Illuminate/Routing/Router.php(821): Illuminate\\Pipeline\\Pipeline->then(Object(Closure))
#43 /Users/macbookshop/Desktop/Projects/Developments/DNA-Web/DNA-Frontend/vendor/laravel/framework/src/Illuminate/Routing/Router.php(800): Illuminate\\Routing\\Router->runRouteWithinStack(Object(Illuminate\\Routing\\Route), Object(Illuminate\\Http\\Request))
#44 /Users/macbookshop/Desktop/Projects/Developments/DNA-Web/DNA-Frontend/vendor/laravel/framework/src/Illuminate/Routing/Router.php(764): Illuminate\\Routing\\Router->runRoute(Object(Illuminate\\Http\\Request), Object(Illuminate\\Routing\\Route))
#45 /Users/macbookshop/Desktop/Projects/Developments/DNA-Web/DNA-Frontend/vendor/laravel/framework/src/Illuminate/Routing/Router.php(753): Illuminate\\Routing\\Router->dispatchToRoute(Object(Illuminate\\Http\\Request))
#46 /Users/macbookshop/Desktop/Projects/Developments/DNA-Web/DNA-Frontend/vendor/laravel/framework/src/Illuminate/Foundation/Http/Kernel.php(200): Illuminate\\Routing\\Router->dispatch(Object(Illuminate\\Http\\Request))
#47 /Users/macbookshop/Desktop/Projects/Developments/DNA-Web/DNA-Frontend/vendor/laravel/framework/src/Illuminate/Pipeline/Pipeline.php(180): Illuminate\\Foundation\\Http\\Kernel->{closure:Illuminate\\Foundation\\Http\\Kernel::dispatchToRouter():197}(Object(Illuminate\\Http\\Request))
#48 /Users/macbookshop/Desktop/Projects/Developments/DNA-Web/DNA-Frontend/vendor/laravel/framework/src/Illuminate/Foundation/Http/Middleware/TransformsRequest.php(21): Illuminate\\Pipeline\\Pipeline->{closure:Illuminate\\Pipeline\\Pipeline::prepareDestination():178}(Object(Illuminate\\Http\\Request))
#49 /Users/macbookshop/Desktop/Projects/Developments/DNA-Web/DNA-Frontend/vendor/laravel/framework/src/Illuminate/Foundation/Http/Middleware/ConvertEmptyStringsToNull.php(31): Illuminate\\Foundation\\Http\\Middleware\\TransformsRequest->handle(Object(Illuminate\\Http\\Request), Object(Closure))
#50 /Users/macbookshop/Desktop/Projects/Developments/DNA-Web/DNA-Frontend/vendor/laravel/framework/src/Illuminate/Pipeline/Pipeline.php(219): Illuminate\\Foundation\\Http\\Middleware\\ConvertEmptyStringsToNull->handle(Object(Illuminate\\Http\\Request), Object(Closure))
#51 /Users/macbookshop/Desktop/Projects/Developments/DNA-Web/DNA-Frontend/vendor/laravel/framework/src/Illuminate/Foundation/Http/Middleware/TransformsRequest.php(21): Illuminate\\Pipeline\\Pipeline->{closure:{closure:Illuminate\\Pipeline\\Pipeline::carry():194}:195}(Object(Illuminate\\Http\\Request))
#52 /Users/macbookshop/Desktop/Projects/Developments/DNA-Web/DNA-Frontend/vendor/laravel/framework/src/Illuminate/Foundation/Http/Middleware/TrimStrings.php(51): Illuminate\\Foundation\\Http\\Middleware\\TransformsRequest->handle(Object(Illuminate\\Http\\Request), Object(Closure))
#53 /Users/macbookshop/Desktop/Projects/Developments/DNA-Web/DNA-Frontend/vendor/laravel/framework/src/Illuminate/Pipeline/Pipeline.php(219): Illuminate\\Foundation\\Http\\Middleware\\TrimStrings->handle(Object(Illuminate\\Http\\Request), Object(Closure))
#54 /Users/macbookshop/Desktop/Projects/Developments/DNA-Web/DNA-Frontend/vendor/laravel/framework/src/Illuminate/Http/Middleware/ValidatePostSize.php(27): Illuminate\\Pipeline\\Pipeline->{closure:{closure:Illuminate\\Pipeline\\Pipeline::carry():194}:195}(Object(Illuminate\\Http\\Request))
#55 /Users/macbookshop/Desktop/Projects/Developments/DNA-Web/DNA-Frontend/vendor/laravel/framework/src/Illuminate/Pipeline/Pipeline.php(219): Illuminate\\Http\\Middleware\\ValidatePostSize->handle(Object(Illuminate\\Http\\Request), Object(Closure))
#56 /Users/macbookshop/Desktop/Projects/Developments/DNA-Web/DNA-Frontend/vendor/laravel/framework/src/Illuminate/Foundation/Http/Middleware/PreventRequestsDuringMaintenance.php(109): Illuminate\\Pipeline\\Pipeline->{closure:{closure:Illuminate\\Pipeline\\Pipeline::carry():194}:195}(Object(Illuminate\\Http\\Request))
#57 /Users/macbookshop/Desktop/Projects/Developments/DNA-Web/DNA-Frontend/vendor/laravel/framework/src/Illuminate/Pipeline/Pipeline.php(219): Illuminate\\Foundation\\Http\\Middleware\\PreventRequestsDuringMaintenance->handle(Object(Illuminate\\Http\\Request), Object(Closure))
#58 /Users/macbookshop/Desktop/Projects/Developments/DNA-Web/DNA-Frontend/vendor/laravel/framework/src/Illuminate/Http/Middleware/HandleCors.php(61): Illuminate\\Pipeline\\Pipeline->{closure:{closure:Illuminate\\Pipeline\\Pipeline::carry():194}:195}(Object(Illuminate\\Http\\Request))
#59 /Users/macbookshop/Desktop/Projects/Developments/DNA-Web/DNA-Frontend/vendor/laravel/framework/src/Illuminate/Pipeline/Pipeline.php(219): Illuminate\\Http\\Middleware\\HandleCors->handle(Object(Illuminate\\Http\\Request), Object(Closure))
#60 /Users/macbookshop/Desktop/Projects/Developments/DNA-Web/DNA-Frontend/vendor/laravel/framework/src/Illuminate/Http/Middleware/TrustProxies.php(58): Illuminate\\Pipeline\\Pipeline->{closure:{closure:Illuminate\\Pipeline\\Pipeline::carry():194}:195}(Object(Illuminate\\Http\\Request))
#61 /Users/macbookshop/Desktop/Projects/Developments/DNA-Web/DNA-Frontend/vendor/laravel/framework/src/Illuminate/Pipeline/Pipeline.php(219): Illuminate\\Http\\Middleware\\TrustProxies->handle(Object(Illuminate\\Http\\Request), Object(Closure))
#62 /Users/macbookshop/Desktop/Projects/Developments/DNA-Web/DNA-Frontend/vendor/laravel/framework/src/Illuminate/Foundation/Http/Middleware/InvokeDeferredCallbacks.php(22): Illuminate\\Pipeline\\Pipeline->{closure:{closure:Illuminate\\Pipeline\\Pipeline::carry():194}:195}(Object(Illuminate\\Http\\Request))
#63 /Users/macbookshop/Desktop/Projects/Developments/DNA-Web/DNA-Frontend/vendor/laravel/framework/src/Illuminate/Pipeline/Pipeline.php(219): Illuminate\\Foundation\\Http\\Middleware\\InvokeDeferredCallbacks->handle(Object(Illuminate\\Http\\Request), Object(Closure))
#64 /Users/macbookshop/Desktop/Projects/Developments/DNA-Web/DNA-Frontend/vendor/laravel/framework/src/Illuminate/Http/Middleware/ValidatePathEncoding.php(28): Illuminate\\Pipeline\\Pipeline->{closure:{closure:Illuminate\\Pipeline\\Pipeline::carry():194}:195}(Object(Illuminate\\Http\\Request))
#65 /Users/macbookshop/Desktop/Projects/Developments/DNA-Web/DNA-Frontend/vendor/laravel/framework/src/Illuminate/Pipeline/Pipeline.php(219): Illuminate\\Http\\Middleware\\ValidatePathEncoding->handle(Object(Illuminate\\Http\\Request), Object(Closure))
#66 /Users/macbookshop/Desktop/Projects/Developments/DNA-Web/DNA-Frontend/vendor/laravel/framework/src/Illuminate/Pipeline/Pipeline.php(137): Illuminate\\Pipeline\\Pipeline->{closure:{closure:Illuminate\\Pipeline\\Pipeline::carry():194}:195}(Object(Illuminate\\Http\\Request))
#67 /Users/macbookshop/Desktop/Projects/Developments/DNA-Web/DNA-Frontend/vendor/laravel/framework/src/Illuminate/Foundation/Http/Kernel.php(175): Illuminate\\Pipeline\\Pipeline->then(Object(Closure))
#68 /Users/macbookshop/Desktop/Projects/Developments/DNA-Web/DNA-Frontend/vendor/laravel/framework/src/Illuminate/Foundation/Http/Kernel.php(144): Illuminate\\Foundation\\Http\\Kernel->sendRequestThroughRouter(Object(Illuminate\\Http\\Request))
#69 /Users/macbookshop/Desktop/Projects/Developments/DNA-Web/DNA-Frontend/vendor/laravel/framework/src/Illuminate/Foundation/Testing/Concerns/MakesHttpRequests.php(638): Illuminate\\Foundation\\Http\\Kernel->handle(Object(Illuminate\\Http\\Request))
#70 /Users/macbookshop/Desktop/Projects/Developments/DNA-Web/DNA-Frontend/vendor/laravel/framework/src/Illuminate/Foundation/Testing/Concerns/MakesHttpRequests.php(368): Illuminate\\Foundation\\Testing\\TestCase->call('GET', '/ku/result/d64b...', Array, Array, Array, Array)
#71 /Users/macbookshop/Desktop/Projects/Developments/DNA-Web/DNA-Frontend/tests/Feature/AnalysisTest.php(202): Illuminate\\Foundation\\Testing\\TestCase->get('/ku/result/d64b...')
#72 /Users/macbookshop/Desktop/Projects/Developments/DNA-Web/DNA-Frontend/vendor/phpunit/phpunit/src/Framework/TestCase.php(1318): Tests\\Feature\\AnalysisTest->test_an_expired_result_id_returns_a_translated_404()
#73 /Users/macbookshop/Desktop/Projects/Developments/DNA-Web/DNA-Frontend/vendor/phpunit/phpunit/src/Framework/TestCase.php(1355): PHPUnit\\Framework\\TestCase->invokeTestMethod('test_an_expired...', Array)
#74 /Users/macbookshop/Desktop/Projects/Developments/DNA-Web/DNA-Frontend/vendor/phpunit/phpunit/src/Framework/TestCase.php(521): PHPUnit\\Framework\\TestCase->runTest()
#75 /Users/macbookshop/Desktop/Projects/Developments/DNA-Web/DNA-Frontend/vendor/phpunit/phpunit/src/Framework/TestRunner/TestRunner.php(99): PHPUnit\\Framework\\TestCase->runBare()
#76 /Users/macbookshop/Desktop/Projects/Developments/DNA-Web/DNA-Frontend/vendor/phpunit/phpunit/src/Framework/TestCase.php(361): PHPUnit\\Framework\\TestRunner->run(Object(Tests\\Feature\\AnalysisTest))
#77 /Users/macbookshop/Desktop/Projects/Developments/DNA-Web/DNA-Frontend/vendor/phpunit/phpunit/src/Framework/TestSuite.php(374): PHPUnit\\Framework\\TestCase->run()
#78 /Users/macbookshop/Desktop/Projects/Developments/DNA-Web/DNA-Frontend/vendor/phpunit/phpunit/src/Framework/TestSuite.php(374): PHPUnit\\Framework\\TestSuite->run()
#79 /Users/macbookshop/Desktop/Projects/Developments/DNA-Web/DNA-Frontend/vendor/phpunit/phpunit/src/Framework/TestSuite.php(374): PHPUnit\\Framework\\TestSuite->run()
#80 /Users/macbookshop/Desktop/Projects/Developments/DNA-Web/DNA-Frontend/vendor/phpunit/phpunit/src/TextUI/TestRunner.php(64): PHPUnit\\Framework\\TestSuite->run()
#81 /Users/macbookshop/Desktop/Projects/Developments/DNA-Web/DNA-Frontend/vendor/phpunit/phpunit/src/TextUI/Application.php(229): PHPUnit\\TextUI\\TestRunner->run(Object(PHPUnit\\TextUI\\Configuration\\Configuration), Object(PHPUnit\\Runner\\ResultCache\\DefaultResultCache), Object(PHPUnit\\Framework\\TestSuite))
#82 /Users/macbookshop/Desktop/Projects/Developments/DNA-Web/DNA-Frontend/vendor/phpunit/phpunit/phpunit(104): PHPUnit\\TextUI\\Application->run(Array)
#83 {main}
"} 
[2026-08-11 18:29:51] testing.ERROR: Compiler backend unreachable {"request_id":"af43f456-5c4e-4067-832e-d7df47cd3e7b","message":"down"} 
[2026-08-11 18:29:51] testing.ERROR: Missing required parameter for [Route: analysis.index] [URI: {locale}] [Missing parameter: locale]. (View: /Users/macbookshop/Desktop/Projects/Developments/DNA-Web/DNA-Frontend/resources/views/layouts/app.blade.php) (View: /Users/macbookshop/Desktop/Projects/Developments/DNA-Web/DNA-Frontend/resources/views/layouts/app.blade.php) {"exception":"[object] (Illuminate\\View\\ViewException(code: 0): Missing required parameter for [Route: analysis.index] [URI: {locale}] [Missing parameter: locale]. (View: /Users/macbookshop/Desktop/Projects/Developments/DNA-Web/DNA-Frontend/resources/views/layouts/app.blade.php) (View: /Users/macbookshop/Desktop/Projects/Developments/DNA-Web/DNA-Frontend/resources/views/layouts/app.blade.php) at /Users/macbookshop/Desktop/Projects/Developments/DNA-Web/DNA-Frontend/vendor/laravel/framework/src/Illuminate/Routing/Exceptions/UrlGenerationException.php:35)
[stacktrace]
#0 /Users/macbookshop/Desktop/Projects/Developments/DNA-Web/DNA-Frontend/vendor/laravel/framework/src/Illuminate/View/Engines/PhpEngine.php(59): Illuminate\\View\\Engines\\CompilerEngine->handleViewException(Object(Illuminate\\View\\ViewException), 1)
#1 /Users/macbookshop/Desktop/Projects/Developments/DNA-Web/DNA-Frontend/vendor/laravel/framework/src/Illuminate/View/Engines/CompilerEngine.php(76): Illuminate\\View\\Engines\\PhpEngine->evaluatePath('/Users/macbooks...', Array)
#2 /Users/macbookshop/Desktop/Projects/Developments/DNA-Web/DNA-Frontend/vendor/laravel/framework/src/Illuminate/View/View.php(208): Illuminate\\View\\Engines\\CompilerEngine->get('/Users/macbooks...', Array)
#3 /Users/macbookshop/Desktop/Projects/Developments/DNA-Web/DNA-Frontend/vendor/laravel/framework/src/Illuminate/View/View.php(191): Illuminate\\View\\View->getContents()
#4 /Users/macbookshop/Desktop/Projects/Developments/DNA-Web/DNA-Frontend/vendor/laravel/framework/src/Illuminate/View/View.php(160): Illuminate\\View\\View->renderContents()
#5 /Users/macbookshop/Desktop/Projects/Developments/DNA-Web/DNA-Frontend/vendor/laravel/framework/src/Illuminate/Http/Response.php(82): Illuminate\\View\\View->render()
#6 /Users/macbookshop/Desktop/Projects/Developments/DNA-Web/DNA-Frontend/vendor/laravel/framework/src/Illuminate/Http/Response.php(40): Illuminate\\Http\\Response->setContent(Object(Illuminate\\View\\View))
#7 /Users/macbookshop/Desktop/Projects/Developments/DNA-Web/DNA-Frontend/vendor/laravel/framework/src/Illuminate/Routing/ResponseFactory.php(61): Illuminate\\Http\\Response->__construct(Object(Illuminate\\View\\View), 404, Array)
#8 /Users/macbookshop/Desktop/Projects/Developments/DNA-Web/DNA-Frontend/vendor/laravel/framework/src/Illuminate/Routing/ResponseFactory.php(91): Illuminate\\Routing\\ResponseFactory->make(Object(Illuminate\\View\\View), 404, Array)
#9 /Users/macbookshop/Desktop/Projects/Developments/DNA-Web/DNA-Frontend/vendor/laravel/framework/src/Illuminate/Foundation/Exceptions/Handler.php(1031): Illuminate\\Routing\\ResponseFactory->view('errors::404', Array, 404, Array)
#10 /Users/macbookshop/Desktop/Projects/Developments/DNA-Web/DNA-Frontend/vendor/laravel/framework/src/Illuminate/Foundation/Exceptions/Handler.php(950): Illuminate\\Foundation\\Exceptions\\Handler->renderHttpException(Object(Symfony\\Component\\HttpKernel\\Exception\\NotFoundHttpException))
#11 /Users/macbookshop/Desktop/Projects/Developments/DNA-Web/DNA-Frontend/vendor/laravel/framework/src/Illuminate/Foundation/Exceptions/Handler.php(833): Illuminate\\Foundation\\Exceptions\\Handler->prepareResponse(Object(Illuminate\\Http\\Request), Object(Symfony\\Component\\HttpKernel\\Exception\\NotFoundHttpException))
#12 /Users/macbookshop/Desktop/Projects/Developments/DNA-Web/DNA-Frontend/vendor/laravel/framework/src/Illuminate/Foundation/Exceptions/Handler.php(720): Illuminate\\Foundation\\Exceptions\\Handler->renderExceptionResponse(Object(Illuminate\\Http\\Request), Object(Symfony\\Component\\HttpKernel\\Exception\\NotFoundHttpException))
#13 /Users/macbookshop/Desktop/Projects/Developments/DNA-Web/DNA-Frontend/vendor/laravel/framework/src/Illuminate/Routing/Pipeline.php(51): Illuminate\\Foundation\\Exceptions\\Handler->render(Object(Illuminate\\Http\\Request), Object(Symfony\\Component\\HttpKernel\\Exception\\NotFoundHttpException))
#14 /Users/macbookshop/Desktop/Projects/Developments/DNA-Web/DNA-Frontend/vendor/laravel/framework/src/Illuminate/Pipeline/Pipeline.php(182): Illuminate\\Routing\\Pipeline->handleException(Object(Illuminate\\Http\\Request), Object(Symfony\\Component\\HttpKernel\\Exception\\NotFoundHttpException))
#15 /Users/macbookshop/Desktop/Projects/Developments/DNA-Web/DNA-Frontend/vendor/laravel/framework/src/Illuminate/Foundation/Http/Middleware/TransformsRequest.php(21): Illuminate\\Pipeline\\Pipeline->{closure:Illuminate\\Pipeline\\Pipeline::prepareDestination():178}(Object(Illuminate\\Http\\Request))
#16 /Users/macbookshop/Desktop/Projects/Developments/DNA-Web/DNA-Frontend/vendor/laravel/framework/src/Illuminate/Foundation/Http/Middleware/ConvertEmptyStringsToNull.php(31): Illuminate\\Foundation\\Http\\Middleware\\TransformsRequest->handle(Object(Illuminate\\Http\\Request), Object(Closure))
#17 /Users/macbookshop/Desktop/Projects/Developments/DNA-Web/DNA-Frontend/vendor/laravel/framework/src/Illuminate/Pipeline/Pipeline.php(219): Illuminate\\Foundation\\Http\\Middleware\\ConvertEmptyStringsToNull->handle(Object(Illuminate\\Http\\Request), Object(Closure))
#18 /Users/macbookshop/Desktop/Projects/Developments/DNA-Web/DNA-Frontend/vendor/laravel/framework/src/Illuminate/Foundation/Http/Middleware/TransformsRequest.php(21): Illuminate\\Pipeline\\Pipeline->{closure:{closure:Illuminate\\Pipeline\\Pipeline::carry():194}:195}(Object(Illuminate\\Http\\Request))
#19 /Users/macbookshop/Desktop/Projects/Developments/DNA-Web/DNA-Frontend/vendor/laravel/framework/src/Illuminate/Foundation/Http/Middleware/TrimStrings.php(51): Illuminate\\Foundation\\Http\\Middleware\\TransformsRequest->handle(Object(Illuminate\\Http\\Request), Object(Closure))
#20 /Users/macbookshop/Desktop/Projects/Developments/DNA-Web/DNA-Frontend/vendor/laravel/framework/src/Illuminate/Pipeline/Pipeline.php(219): Illuminate\\Foundation\\Http\\Middleware\\TrimStrings->handle(Object(Illuminate\\Http\\Request), Object(Closure))
#21 /Users/macbookshop/Desktop/Projects/Developments/DNA-Web/DNA-Frontend/vendor/laravel/framework/src/Illuminate/Http/Middleware/ValidatePostSize.php(27): Illuminate\\Pipeline\\Pipeline->{closure:{closure:Illuminate\\Pipeline\\Pipeline::carry():194}:195}(Object(Illuminate\\Http\\Request))
#22 /Users/macbookshop/Desktop/Projects/Developments/DNA-Web/DNA-Frontend/vendor/laravel/framework/src/Illuminate/Pipeline/Pipeline.php(219): Illuminate\\Http\\Middleware\\ValidatePostSize->handle(Object(Illuminate\\Http\\Request), Object(Closure))
#23 /Users/macbookshop/Desktop/Projects/Developments/DNA-Web/DNA-Frontend/vendor/laravel/framework/src/Illuminate/Foundation/Http/Middleware/PreventRequestsDuringMaintenance.php(109): Illuminate\\Pipeline\\Pipeline->{closure:{closure:Illuminate\\Pipeline\\Pipeline::carry():194}:195}(Object(Illuminate\\Http\\Request))
#24 /Users/macbookshop/Desktop/Projects/Developments/DNA-Web/DNA-Frontend/vendor/laravel/framework/src/Illuminate/Pipeline/Pipeline.php(219): Illuminate\\Foundation\\Http\\Middleware\\PreventRequestsDuringMaintenance->handle(Object(Illuminate\\Http\\Request), Object(Closure))
#25 /Users/macbookshop/Desktop/Projects/Developments/DNA-Web/DNA-Frontend/vendor/laravel/framework/src/Illuminate/Http/Middleware/HandleCors.php(61): Illuminate\\Pipeline\\Pipeline->{closure:{closure:Illuminate\\Pipeline\\Pipeline::carry():194}:195}(Object(Illuminate\\Http\\Request))
#26 /Users/macbookshop/Desktop/Projects/Developments/DNA-Web/DNA-Frontend/vendor/laravel/framework/src/Illuminate/Pipeline/Pipeline.php(219): Illuminate\\Http\\Middleware\\HandleCors->handle(Object(Illuminate\\Http\\Request), Object(Closure))
#27 /Users/macbookshop/Desktop/Projects/Developments/DNA-Web/DNA-Frontend/vendor/laravel/framework/src/Illuminate/Http/Middleware/TrustProxies.php(58): Illuminate\\Pipeline\\Pipeline->{closure:{closure:Illuminate\\Pipeline\\Pipeline::carry():194}:195}(Object(Illuminate\\Http\\Request))
#28 /Users/macbookshop/Desktop/Projects/Developments/DNA-Web/DNA-Frontend/vendor/laravel/framework/src/Illuminate/Pipeline/Pipeline.php(219): Illuminate\\Http\\Middleware\\TrustProxies->handle(Object(Illuminate\\Http\\Request), Object(Closure))
#29 /Users/macbookshop/Desktop/Projects/Developments/DNA-Web/DNA-Frontend/vendor/laravel/framework/src/Illuminate/Foundation/Http/Middleware/InvokeDeferredCallbacks.php(22): Illuminate\\Pipeline\\Pipeline->{closure:{closure:Illuminate\\Pipeline\\Pipeline::carry():194}:195}(Object(Illuminate\\Http\\Request))
#30 /Users/macbookshop/Desktop/Projects/Developments/DNA-Web/DNA-Frontend/vendor/laravel/framework/src/Illuminate/Pipeline/Pipeline.php(219): Illuminate\\Foundation\\Http\\Middleware\\InvokeDeferredCallbacks->handle(Object(Illuminate\\Http\\Request), Object(Closure))
#31 /Users/macbookshop/Desktop/Projects/Developments/DNA-Web/DNA-Frontend/vendor/laravel/framework/src/Illuminate/Http/Middleware/ValidatePathEncoding.php(28): Illuminate\\Pipeline\\Pipeline->{closure:{closure:Illuminate\\Pipeline\\Pipeline::carry():194}:195}(Object(Illuminate\\Http\\Request))
#32 /Users/macbookshop/Desktop/Projects/Developments/DNA-Web/DNA-Frontend/vendor/laravel/framework/src/Illuminate/Pipeline/Pipeline.php(219): Illuminate\\Http\\Middleware\\ValidatePathEncoding->handle(Object(Illuminate\\Http\\Request), Object(Closure))
#33 /Users/macbookshop/Desktop/Projects/Developments/DNA-Web/DNA-Frontend/vendor/laravel/framework/src/Illuminate/Pipeline/Pipeline.php(137): Illuminate\\Pipeline\\Pipeline->{closure:{closure:Illuminate\\Pipeline\\Pipeline::carry():194}:195}(Object(Illuminate\\Http\\Request))
#34 /Users/macbookshop/Desktop/Projects/Developments/DNA-Web/DNA-Frontend/vendor/laravel/framework/src/Illuminate/Foundation/Http/Kernel.php(175): Illuminate\\Pipeline\\Pipeline->then(Object(Closure))
#35 /Users/macbookshop/Desktop/Projects/Developments/DNA-Web/DNA-Frontend/vendor/laravel/framework/src/Illuminate/Foundation/Http/Kernel.php(144): Illuminate\\Foundation\\Http\\Kernel->sendRequestThroughRouter(Object(Illuminate\\Http\\Request))
#36 /Users/macbookshop/Desktop/Projects/Developments/DNA-Web/DNA-Frontend/vendor/laravel/framework/src/Illuminate/Foundation/Testing/Concerns/MakesHttpRequests.php(638): Illuminate\\Foundation\\Http\\Kernel->handle(Object(Illuminate\\Http\\Request))
#37 /Users/macbookshop/Desktop/Projects/Developments/DNA-Web/DNA-Frontend/vendor/laravel/framework/src/Illuminate/Foundation/Testing/Concerns/MakesHttpRequests.php(368): Illuminate\\Foundation\\Testing\\TestCase->call('GET', '/fr', Array, Array, Array, Array)
#38 /Users/macbookshop/Desktop/Projects/Developments/DNA-Web/DNA-Frontend/tests/Feature/LocaleTest.php(28): Illuminate\\Foundation\\Testing\\TestCase->get('/fr')
#39 /Users/macbookshop/Desktop/Projects/Developments/DNA-Web/DNA-Frontend/vendor/phpunit/phpunit/src/Framework/TestCase.php(1318): Tests\\Feature\\LocaleTest->test_unknown_language_segment_falls_back_instead_of_404()
#40 /Users/macbookshop/Desktop/Projects/Developments/DNA-Web/DNA-Frontend/vendor/phpunit/phpunit/src/Framework/TestCase.php(1355): PHPUnit\\Framework\\TestCase->invokeTestMethod('test_unknown_la...', Array)
#41 /Users/macbookshop/Desktop/Projects/Developments/DNA-Web/DNA-Frontend/vendor/phpunit/phpunit/src/Framework/TestCase.php(521): PHPUnit\\Framework\\TestCase->runTest()
#42 /Users/macbookshop/Desktop/Projects/Developments/DNA-Web/DNA-Frontend/vendor/phpunit/phpunit/src/Framework/TestRunner/TestRunner.php(99): PHPUnit\\Framework\\TestCase->runBare()
#43 /Users/macbookshop/Desktop/Projects/Developments/DNA-Web/DNA-Frontend/vendor/phpunit/phpunit/src/Framework/TestCase.php(361): PHPUnit\\Framework\\TestRunner->run(Object(Tests\\Feature\\LocaleTest))
#44 /Users/macbookshop/Desktop/Projects/Developments/DNA-Web/DNA-Frontend/vendor/phpunit/phpunit/src/Framework/TestSuite.php(374): PHPUnit\\Framework\\TestCase->run()
#45 /Users/macbookshop/Desktop/Projects/Developments/DNA-Web/DNA-Frontend/vendor/phpunit/phpunit/src/Framework/TestSuite.php(374): PHPUnit\\Framework\\TestSuite->run()
#46 /Users/macbookshop/Desktop/Projects/Developments/DNA-Web/DNA-Frontend/vendor/phpunit/phpunit/src/Framework/TestSuite.php(374): PHPUnit\\Framework\\TestSuite->run()
#47 /Users/macbookshop/Desktop/Projects/Developments/DNA-Web/DNA-Frontend/vendor/phpunit/phpunit/src/TextUI/TestRunner.php(64): PHPUnit\\Framework\\TestSuite->run()
#48 /Users/macbookshop/Desktop/Projects/Developments/DNA-Web/DNA-Frontend/vendor/phpunit/phpunit/src/TextUI/Application.php(229): PHPUnit\\TextUI\\TestRunner->run(Object(PHPUnit\\TextUI\\Configuration\\Configuration), Object(PHPUnit\\Runner\\ResultCache\\DefaultResultCache), Object(PHPUnit\\Framework\\TestSuite))
#49 /Users/macbookshop/Desktop/Projects/Developments/DNA-Web/DNA-Frontend/vendor/phpunit/phpunit/phpunit(104): PHPUnit\\TextUI\\Application->run(Array)
#50 {main}

[previous exception] [object] (Illuminate\\View\\ViewException(code: 0): Missing required parameter for [Route: analysis.index] [URI: {locale}] [Missing parameter: locale]. (View: /Users/macbookshop/Desktop/Projects/Developments/DNA-Web/DNA-Frontend/resources/views/layouts/app.blade.php) at /Users/macbookshop/Desktop/Projects/Developments/DNA-Web/DNA-Frontend/vendor/laravel/framework/src/Illuminate/Routing/Exceptions/UrlGenerationException.php:35)
[stacktrace]
#0 /Users/macbookshop/Desktop/Projects/Developments/DNA-Web/DNA-Frontend/vendor/laravel/framework/src/Illuminate/View/Engines/PhpEngine.php(59): Illuminate\\View\\Engines\\CompilerEngine->handleViewException(Object(Illuminate\\Routing\\Exceptions\\UrlGenerationException), 2)
#1 /Users/macbookshop/Desktop/Projects/Developments/DNA-Web/DNA-Frontend/vendor/laravel/framework/src/Illuminate/View/Engines/CompilerEngine.php(76): Illuminate\\View\\Engines\\PhpEngine->evaluatePath('/Users/macbooks...', Array)
#2 /Users/macbookshop/Desktop/Projects/Developments/DNA-Web/DNA-Frontend/vendor/laravel/framework/src/Illuminate/View/View.php(208): Illuminate\\View\\Engines\\CompilerEngine->get('/Users/macbooks...', Array)
#3 /Users/macbookshop/Desktop/Projects/Developments/DNA-Web/DNA-Frontend/vendor/laravel/framework/src/Illuminate/View/View.php(191): Illuminate\\View\\View->getContents()
#4 /Users/macbookshop/Desktop/Projects/Developments/DNA-Web/DNA-Frontend/vendor/laravel/framework/src/Illuminate/View/View.php(160): Illuminate\\View\\View->renderContents()
#5 /Users/macbookshop/Desktop/Projects/Developments/DNA-Web/DNA-Frontend/storage/framework/views/f058fb6fd3ae58a3027bb36a27ff1ec0.php(15): Illuminate\\View\\View->render()
#6 /Users/macbookshop/Desktop/Projects/Developments/DNA-Web/DNA-Frontend/vendor/laravel/framework/src/Illuminate/Filesystem/Filesystem.php(123): require('/Users/macbooks...')
#7 /Users/macbookshop/Desktop/Projects/Developments/DNA-Web/DNA-Frontend/vendor/laravel/framework/src/Illuminate/Filesystem/Filesystem.php(124): Illuminate\\Filesystem\\Filesystem::{closure:Illuminate\\Filesystem\\Filesystem::getRequire():120}()
#8 /Users/macbookshop/Desktop/Projects/Developments/DNA-Web/DNA-Frontend/vendor/laravel/framework/src/Illuminate/View/Engines/PhpEngine.php(57): Illuminate\\Filesystem\\Filesystem->getRequire('/Users/macbooks...', Array)
#9 /Users/macbookshop/Desktop/Projects/Developments/DNA-Web/DNA-Frontend/vendor/laravel/framework/src/Illuminate/View/Engines/CompilerEngine.php(76): Illuminate\\View\\Engines\\PhpEngine->evaluatePath('/Users/macbooks...', Array)
#10 /Users/macbookshop/Desktop/Projects/Developments/DNA-Web/DNA-Frontend/vendor/laravel/framework/src/Illuminate/View/View.php(208): Illuminate\\View\\Engines\\CompilerEngine->get('/Users/macbooks...', Array)
#11 /Users/macbookshop/Desktop/Projects/Developments/DNA-Web/DNA-Frontend/vendor/laravel/framework/src/Illuminate/View/View.php(191): Illuminate\\View\\View->getContents()
#12 /Users/macbookshop/Desktop/Projects/Developments/DNA-Web/DNA-Frontend/vendor/laravel/framework/src/Illuminate/View/View.php(160): Illuminate\\View\\View->renderContents()
#13 /Users/macbookshop/Desktop/Projects/Developments/DNA-Web/DNA-Frontend/vendor/laravel/framework/src/Illuminate/Http/Response.php(82): Illuminate\\View\\View->render()
#14 /Users/macbookshop/Desktop/Projects/Developments/DNA-Web/DNA-Frontend/vendor/laravel/framework/src/Illuminate/Http/Response.php(40): Illuminate\\Http\\Response->setContent(Object(Illuminate\\View\\View))
#15 /Users/macbookshop/Desktop/Projects/Developments/DNA-Web/DNA-Frontend/vendor/laravel/framework/src/Illuminate/Routing/ResponseFactory.php(61): Illuminate\\Http\\Response->__construct(Object(Illuminate\\View\\View), 404, Array)
#16 /Users/macbookshop/Desktop/Projects/Developments/DNA-Web/DNA-Frontend/vendor/laravel/framework/src/Illuminate/Routing/ResponseFactory.php(91): Illuminate\\Routing\\ResponseFactory->make(Object(Illuminate\\View\\View), 404, Array)
#17 /Users/macbookshop/Desktop/Projects/Developments/DNA-Web/DNA-Frontend/vendor/laravel/framework/src/Illuminate/Foundation/Exceptions/Handler.php(1031): Illuminate\\Routing\\ResponseFactory->view('errors::404', Array, 404, Array)
#18 /Users/macbookshop/Desktop/Projects/Developments/DNA-Web/DNA-Frontend/vendor/laravel/framework/src/Illuminate/Foundation/Exceptions/Handler.php(950): Illuminate\\Foundation\\Exceptions\\Handler->renderHttpException(Object(Symfony\\Component\\HttpKernel\\Exception\\NotFoundHttpException))
#19 /Users/macbookshop/Desktop/Projects/Developments/DNA-Web/DNA-Frontend/vendor/laravel/framework/src/Illuminate/Foundation/Exceptions/Handler.php(833): Illuminate\\Foundation\\Exceptions\\Handler->prepareResponse(Object(Illuminate\\Http\\Request), Object(Symfony\\Component\\HttpKernel\\Exception\\NotFoundHttpException))
#20 /Users/macbookshop/Desktop/Projects/Developments/DNA-Web/DNA-Frontend/vendor/laravel/framework/src/Illuminate/Foundation/Exceptions/Handler.php(720): Illuminate\\Foundation\\Exceptions\\Handler->renderExceptionResponse(Object(Illuminate\\Http\\Request), Object(Symfony\\Component\\HttpKernel\\Exception\\NotFoundHttpException))
#21 /Users/macbookshop/Desktop/Projects/Developments/DNA-Web/DNA-Frontend/vendor/laravel/framework/src/Illuminate/Routing/Pipeline.php(51): Illuminate\\Foundation\\Exceptions\\Handler->render(Object(Illuminate\\Http\\Request), Object(Symfony\\Component\\HttpKernel\\Exception\\NotFoundHttpException))
#22 /Users/macbookshop/Desktop/Projects/Developments/DNA-Web/DNA-Frontend/vendor/laravel/framework/src/Illuminate/Pipeline/Pipeline.php(182): Illuminate\\Routing\\Pipeline->handleException(Object(Illuminate\\Http\\Request), Object(Symfony\\Component\\HttpKernel\\Exception\\NotFoundHttpException))
#23 /Users/macbookshop/Desktop/Projects/Developments/DNA-Web/DNA-Frontend/vendor/laravel/framework/src/Illuminate/Foundation/Http/Middleware/TransformsRequest.php(21): Illuminate\\Pipeline\\Pipeline->{closure:Illuminate\\Pipeline\\Pipeline::prepareDestination():178}(Object(Illuminate\\Http\\Request))
#24 /Users/macbookshop/Desktop/Projects/Developments/DNA-Web/DNA-Frontend/vendor/laravel/framework/src/Illuminate/Foundation/Http/Middleware/ConvertEmptyStringsToNull.php(31): Illuminate\\Foundation\\Http\\Middleware\\TransformsRequest->handle(Object(Illuminate\\Http\\Request), Object(Closure))
#25 /Users/macbookshop/Desktop/Projects/Developments/DNA-Web/DNA-Frontend/vendor/laravel/framework/src/Illuminate/Pipeline/Pipeline.php(219): Illuminate\\Foundation\\Http\\Middleware\\ConvertEmptyStringsToNull->handle(Object(Illuminate\\Http\\Request), Object(Closure))
#26 /Users/macbookshop/Desktop/Projects/Developments/DNA-Web/DNA-Frontend/vendor/laravel/framework/src/Illuminate/Foundation/Http/Middleware/TransformsRequest.php(21): Illuminate\\Pipeline\\Pipeline->{closure:{closure:Illuminate\\Pipeline\\Pipeline::carry():194}:195}(Object(Illuminate\\Http\\Request))
#27 /Users/macbookshop/Desktop/Projects/Developments/DNA-Web/DNA-Frontend/vendor/laravel/framework/src/Illuminate/Foundation/Http/Middleware/TrimStrings.php(51): Illuminate\\Foundation\\Http\\Middleware\\TransformsRequest->handle(Object(Illuminate\\Http\\Request), Object(Closure))
#28 /Users/macbookshop/Desktop/Projects/Developments/DNA-Web/DNA-Frontend/vendor/laravel/framework/src/Illuminate/Pipeline/Pipeline.php(219): Illuminate\\Foundation\\Http\\Middleware\\TrimStrings->handle(Object(Illuminate\\Http\\Request), Object(Closure))
#29 /Users/macbookshop/Desktop/Projects/Developments/DNA-Web/DNA-Frontend/vendor/laravel/framework/src/Illuminate/Http/Middleware/ValidatePostSize.php(27): Illuminate\\Pipeline\\Pipeline->{closure:{closure:Illuminate\\Pipeline\\Pipeline::carry():194}:195}(Object(Illuminate\\Http\\Request))
#30 /Users/macbookshop/Desktop/Projects/Developments/DNA-Web/DNA-Frontend/vendor/laravel/framework/src/Illuminate/Pipeline/Pipeline.php(219): Illuminate\\Http\\Middleware\\ValidatePostSize->handle(Object(Illuminate\\Http\\Request), Object(Closure))
#31 /Users/macbookshop/Desktop/Projects/Developments/DNA-Web/DNA-Frontend/vendor/laravel/framework/src/Illuminate/Foundation/Http/Middleware/PreventRequestsDuringMaintenance.php(109): Illuminate\\Pipeline\\Pipeline->{closure:{closure:Illuminate\\Pipeline\\Pipeline::carry():194}:195}(Object(Illuminate\\Http\\Request))
#32 /Users/macbookshop/Desktop/Projects/Developments/DNA-Web/DNA-Frontend/vendor/laravel/framework/src/Illuminate/Pipeline/Pipeline.php(219): Illuminate\\Foundation\\Http\\Middleware\\PreventRequestsDuringMaintenance->handle(Object(Illuminate\\Http\\Request), Object(Closure))
#33 /Users/macbookshop/Desktop/Projects/Developments/DNA-Web/DNA-Frontend/vendor/laravel/framework/src/Illuminate/Http/Middleware/HandleCors.php(61): Illuminate\\Pipeline\\Pipeline->{closure:{closure:Illuminate\\Pipeline\\Pipeline::carry():194}:195}(Object(Illuminate\\Http\\Request))
#34 /Users/macbookshop/Desktop/Projects/Developments/DNA-Web/DNA-Frontend/vendor/laravel/framework/src/Illuminate/Pipeline/Pipeline.php(219): Illuminate\\Http\\Middleware\\HandleCors->handle(Object(Illuminate\\Http\\Request), Object(Closure))
#35 /Users/macbookshop/Desktop/Projects/Developments/DNA-Web/DNA-Frontend/vendor/laravel/framework/src/Illuminate/Http/Middleware/TrustProxies.php(58): Illuminate\\Pipeline\\Pipeline->{closure:{closure:Illuminate\\Pipeline\\Pipeline::carry():194}:195}(Object(Illuminate\\Http\\Request))
#36 /Users/macbookshop/Desktop/Projects/Developments/DNA-Web/DNA-Frontend/vendor/laravel/framework/src/Illuminate/Pipeline/Pipeline.php(219): Illuminate\\Http\\Middleware\\TrustProxies->handle(Object(Illuminate\\Http\\Request), Object(Closure))
#37 /Users/macbookshop/Desktop/Projects/Developments/DNA-Web/DNA-Frontend/vendor/laravel/framework/src/Illuminate/Foundation/Http/Middleware/InvokeDeferredCallbacks.php(22): Illuminate\\Pipeline\\Pipeline->{closure:{closure:Illuminate\\Pipeline\\Pipeline::carry():194}:195}(Object(Illuminate\\Http\\Request))
#38 /Users/macbookshop/Desktop/Projects/Developments/DNA-Web/DNA-Frontend/vendor/laravel/framework/src/Illuminate/Pipeline/Pipeline.php(219): Illuminate\\Foundation\\Http\\Middleware\\InvokeDeferredCallbacks->handle(Object(Illuminate\\Http\\Request), Object(Closure))
#39 /Users/macbookshop/Desktop/Projects/Developments/DNA-Web/DNA-Frontend/vendor/laravel/framework/src/Illuminate/Http/Middleware/ValidatePathEncoding.php(28): Illuminate\\Pipeline\\Pipeline->{closure:{closure:Illuminate\\Pipeline\\Pipeline::carry():194}:195}(Object(Illuminate\\Http\\Request))
#40 /Users/macbookshop/Desktop/Projects/Developments/DNA-Web/DNA-Frontend/vendor/laravel/framework/src/Illuminate/Pipeline/Pipeline.php(219): Illuminate\\Http\\Middleware\\ValidatePathEncoding->handle(Object(Illuminate\\Http\\Request), Object(Closure))
#41 /Users/macbookshop/Desktop/Projects/Developments/DNA-Web/DNA-Frontend/vendor/laravel/framework/src/Illuminate/Pipeline/Pipeline.php(137): Illuminate\\Pipeline\\Pipeline->{closure:{closure:Illuminate\\Pipeline\\Pipeline::carry():194}:195}(Object(Illuminate\\Http\\Request))
#42 /Users/macbookshop/Desktop/Projects/Developments/DNA-Web/DNA-Frontend/vendor/laravel/framework/src/Illuminate/Foundation/Http/Kernel.php(175): Illuminate\\Pipeline\\Pipeline->then(Object(Closure))
#43 /Users/macbookshop/Desktop/Projects/Developments/DNA-Web/DNA-Frontend/vendor/laravel/framework/src/Illuminate/Foundation/Http/Kernel.php(144): Illuminate\\Foundation\\Http\\Kernel->sendRequestThroughRouter(Object(Illuminate\\Http\\Request))
#44 /Users/macbookshop/Desktop/Projects/Developments/DNA-Web/DNA-Frontend/vendor/laravel/framework/src/Illuminate/Foundation/Testing/Concerns/MakesHttpRequests.php(638): Illuminate\\Foundation\\Http\\Kernel->handle(Object(Illuminate\\Http\\Request))
#45 /Users/macbookshop/Desktop/Projects/Developments/DNA-Web/DNA-Frontend/vendor/laravel/framework/src/Illuminate/Foundation/Testing/Concerns/MakesHttpRequests.php(368): Illuminate\\Foundation\\Testing\\TestCase->call('GET', '/fr', Array, Array, Array, Array)
#46 /Users/macbookshop/Desktop/Projects/Developments/DNA-Web/DNA-Frontend/tests/Feature/LocaleTest.php(28): Illuminate\\Foundation\\Testing\\TestCase->get('/fr')
#47 /Users/macbookshop/Desktop/Projects/Developments/DNA-Web/DNA-Frontend/vendor/phpunit/phpunit/src/Framework/TestCase.php(1318): Tests\\Feature\\LocaleTest->test_unknown_language_segment_falls_back_instead_of_404()
#48 /Users/macbookshop/Desktop/Projects/Developments/DNA-Web/DNA-Frontend/vendor/phpunit/phpunit/src/Framework/TestCase.php(1355): PHPUnit\\Framework\\TestCase->invokeTestMethod('test_unknown_la...', Array)
#49 /Users/macbookshop/Desktop/Projects/Developments/DNA-Web/DNA-Frontend/vendor/phpunit/phpunit/src/Framework/TestCase.php(521): PHPUnit\\Framework\\TestCase->runTest()
#50 /Users/macbookshop/Desktop/Projects/Developments/DNA-Web/DNA-Frontend/vendor/phpunit/phpunit/src/Framework/TestRunner/TestRunner.php(99): PHPUnit\\Framework\\TestCase->runBare()
#51 /Users/macbookshop/Desktop/Projects/Developments/DNA-Web/DNA-Frontend/vendor/phpunit/phpunit/src/Framework/TestCase.php(361): PHPUnit\\Framework\\TestRunner->run(Object(Tests\\Feature\\LocaleTest))
#52 /Users/macbookshop/Desktop/Projects/Developments/DNA-Web/DNA-Frontend/vendor/phpunit/phpunit/src/Framework/TestSuite.php(374): PHPUnit\\Framework\\TestCase->run()
#53 /Users/macbookshop/Desktop/Projects/Developments/DNA-Web/DNA-Frontend/vendor/phpunit/phpunit/src/Framework/TestSuite.php(374): PHPUnit\\Framework\\TestSuite->run()
#54 /Users/macbookshop/Desktop/Projects/Developments/DNA-Web/DNA-Frontend/vendor/phpunit/phpunit/src/Framework/TestSuite.php(374): PHPUnit\\Framework\\TestSuite->run()
#55 /Users/macbookshop/Desktop/Projects/Developments/DNA-Web/DNA-Frontend/vendor/phpunit/phpunit/src/TextUI/TestRunner.php(64): PHPUnit\\Framework\\TestSuite->run()
#56 /Users/macbookshop/Desktop/Projects/Developments/DNA-Web/DNA-Frontend/vendor/phpunit/phpunit/src/TextUI/Application.php(229): PHPUnit\\TextUI\\TestRunner->run(Object(PHPUnit\\TextUI\\Configuration\\Configuration), Object(PHPUnit\\Runner\\ResultCache\\DefaultResultCache), Object(PHPUnit\\Framework\\TestSuite))
#57 /Users/macbookshop/Desktop/Projects/Developments/DNA-Web/DNA-Frontend/vendor/phpunit/phpunit/phpunit(104): PHPUnit\\TextUI\\Application->run(Array)
#58 {main}

[previous exception] [object] (Illuminate\\Routing\\Exceptions\\UrlGenerationException(code: 0): Missing required parameter for [Route: analysis.index] [URI: {locale}] [Missing parameter: locale]. at /Users/macbookshop/Desktop/Projects/Developments/DNA-Web/DNA-Frontend/vendor/laravel/framework/src/Illuminate/Routing/Exceptions/UrlGenerationException.php:35)
[stacktrace]
#0 /Users/macbookshop/Desktop/Projects/Developments/DNA-Web/DNA-Frontend/vendor/laravel/framework/src/Illuminate/Routing/RouteUrlGenerator.php(95): Illuminate\\Routing\\Exceptions\\UrlGenerationException::forMissingParameters(Object(Illuminate\\Routing\\Route), Array)
#1 /Users/macbookshop/Desktop/Projects/Developments/DNA-Web/DNA-Frontend/vendor/laravel/framework/src/Illuminate/Routing/UrlGenerator.php(557): Illuminate\\Routing\\RouteUrlGenerator->to(Object(Illuminate\\Routing\\Route), Array, true)
#2 /Users/macbookshop/Desktop/Projects/Developments/DNA-Web/DNA-Frontend/vendor/laravel/framework/src/Illuminate/Routing/UrlGenerator.php(534): Illuminate\\Routing\\UrlGenerator->toRoute(Object(Illuminate\\Routing\\Route), Array, true)
#3 /Users/macbookshop/Desktop/Projects/Developments/DNA-Web/DNA-Frontend/vendor/laravel/framework/src/Illuminate/Foundation/helpers.php(870): Illuminate\\Routing\\UrlGenerator->route('analysis.index', Array, true)
#4 /Users/macbookshop/Desktop/Projects/Developments/DNA-Web/DNA-Frontend/storage/framework/views/5412c5794b9520f727cb3f5abab9bc6b.php(34): route('analysis.index')
#5 /Users/macbookshop/Desktop/Projects/Developments/DNA-Web/DNA-Frontend/vendor/laravel/framework/src/Illuminate/Filesystem/Filesystem.php(123): require('/Users/macbooks...')
#6 /Users/macbookshop/Desktop/Projects/Developments/DNA-Web/DNA-Frontend/vendor/laravel/framework/src/Illuminate/Filesystem/Filesystem.php(124): Illuminate\\Filesystem\\Filesystem::{closure:Illuminate\\Filesystem\\Filesystem::getRequire():120}()
#7 /Users/macbookshop/Desktop/Projects/Developments/DNA-Web/DNA-Frontend/vendor/laravel/framework/src/Illuminate/View/Engines/PhpEngine.php(57): Illuminate\\Filesystem\\Filesystem->getRequire('/Users/macbooks...', Array)
#8 /Users/macbookshop/Desktop/Projects/Developments/DNA-Web/DNA-Frontend/vendor/laravel/framework/src/Illuminate/View/Engines/CompilerEngine.php(76): Illuminate\\View\\Engines\\PhpEngine->evaluatePath('/Users/macbooks...', Array)
#9 /Users/macbookshop/Desktop/Projects/Developments/DNA-Web/DNA-Frontend/vendor/laravel/framework/src/Illuminate/View/View.php(208): Illuminate\\View\\Engines\\CompilerEngine->get('/Users/macbooks...', Array)
#10 /Users/macbookshop/Desktop/Projects/Developments/DNA-Web/DNA-Frontend/vendor/laravel/framework/src/Illuminate/View/View.php(191): Illuminate\\View\\View->getContents()
#11 /Users/macbookshop/Desktop/Projects/Developments/DNA-Web/DNA-Frontend/vendor/laravel/framework/src/Illuminate/View/View.php(160): Illuminate\\View\\View->renderContents()
#12 /Users/macbookshop/Desktop/Projects/Developments/DNA-Web/DNA-Frontend/storage/framework/views/f058fb6fd3ae58a3027bb36a27ff1ec0.php(15): Illuminate\\View\\View->render()
#13 /Users/macbookshop/Desktop/Projects/Developments/DNA-Web/DNA-Frontend/vendor/laravel/framework/src/Illuminate/Filesystem/Filesystem.php(123): require('/Users/macbooks...')
#14 /Users/macbookshop/Desktop/Projects/Developments/DNA-Web/DNA-Frontend/vendor/laravel/framework/src/Illuminate/Filesystem/Filesystem.php(124): Illuminate\\Filesystem\\Filesystem::{closure:Illuminate\\Filesystem\\Filesystem::getRequire():120}()
#15 /Users/macbookshop/Desktop/Projects/Developments/DNA-Web/DNA-Frontend/vendor/laravel/framework/src/Illuminate/View/Engines/PhpEngine.php(57): Illuminate\\Filesystem\\Filesystem->getRequire('/Users/macbooks...', Array)
#16 /Users/macbookshop/Desktop/Projects/Developments/DNA-Web/DNA-Frontend/vendor/laravel/framework/src/Illuminate/View/Engines/CompilerEngine.php(76): Illuminate\\View\\Engines\\PhpEngine->evaluatePath('/Users/macbooks...', Array)
#17 /Users/macbookshop/Desktop/Projects/Developments/DNA-Web/DNA-Frontend/vendor/laravel/framework/src/Illuminate/View/View.php(208): Illuminate\\View\\Engines\\CompilerEngine->get('/Users/macbooks...', Array)
#18 /Users/macbookshop/Desktop/Projects/Developments/DNA-Web/DNA-Frontend/vendor/laravel/framework/src/Illuminate/View/View.php(191): Illuminate\\View\\View->getContents()
#19 /Users/macbookshop/Desktop/Projects/Developments/DNA-Web/DNA-Frontend/vendor/laravel/framework/src/Illuminate/View/View.php(160): Illuminate\\View\\View->renderContents()
#20 /Users/macbookshop/Desktop/Projects/Developments/DNA-Web/DNA-Frontend/vendor/laravel/framework/src/Illuminate/Http/Response.php(82): Illuminate\\View\\View->render()
#21 /Users/macbookshop/Desktop/Projects/Developments/DNA-Web/DNA-Frontend/vendor/laravel/framework/src/Illuminate/Http/Response.php(40): Illuminate\\Http\\Response->setContent(Object(Illuminate\\View\\View))
#22 /Users/macbookshop/Desktop/Projects/Developments/DNA-Web/DNA-Frontend/vendor/laravel/framework/src/Illuminate/Routing/ResponseFactory.php(61): Illuminate\\Http\\Response->__construct(Object(Illuminate\\View\\View), 404, Array)
#23 /Users/macbookshop/Desktop/Projects/Developments/DNA-Web/DNA-Frontend/vendor/laravel/framework/src/Illuminate/Routing/ResponseFactory.php(91): Illuminate\\Routing\\ResponseFactory->make(Object(Illuminate\\View\\View), 404, Array)
#24 /Users/macbookshop/Desktop/Projects/Developments/DNA-Web/DNA-Frontend/vendor/laravel/framework/src/Illuminate/Foundation/Exceptions/Handler.php(1031): Illuminate\\Routing\\ResponseFactory->view('errors::404', Array, 404, Array)
#25 /Users/macbookshop/Desktop/Projects/Developments/DNA-Web/DNA-Frontend/vendor/laravel/framework/src/Illuminate/Foundation/Exceptions/Handler.php(950): Illuminate\\Foundation\\Exceptions\\Handler->renderHttpException(Object(Symfony\\Component\\HttpKernel\\Exception\\NotFoundHttpException))
#26 /Users/macbookshop/Desktop/Projects/Developments/DNA-Web/DNA-Frontend/vendor/laravel/framework/src/Illuminate/Foundation/Exceptions/Handler.php(833): Illuminate\\Foundation\\Exceptions\\Handler->prepareResponse(Object(Illuminate\\Http\\Request), Object(Symfony\\Component\\HttpKernel\\Exception\\NotFoundHttpException))
#27 /Users/macbookshop/Desktop/Projects/Developments/DNA-Web/DNA-Frontend/vendor/laravel/framework/src/Illuminate/Foundation/Exceptions/Handler.php(720): Illuminate\\Foundation\\Exceptions\\Handler->renderExceptionResponse(Object(Illuminate\\Http\\Request), Object(Symfony\\Component\\HttpKernel\\Exception\\NotFoundHttpException))
#28 /Users/macbookshop/Desktop/Projects/Developments/DNA-Web/DNA-Frontend/vendor/laravel/framework/src/Illuminate/Routing/Pipeline.php(51): Illuminate\\Foundation\\Exceptions\\Handler->render(Object(Illuminate\\Http\\Request), Object(Symfony\\Component\\HttpKernel\\Exception\\NotFoundHttpException))
#29 /Users/macbookshop/Desktop/Projects/Developments/DNA-Web/DNA-Frontend/vendor/laravel/framework/src/Illuminate/Pipeline/Pipeline.php(182): Illuminate\\Routing\\Pipeline->handleException(Object(Illuminate\\Http\\Request), Object(Symfony\\Component\\HttpKernel\\Exception\\NotFoundHttpException))
#30 /Users/macbookshop/Desktop/Projects/Developments/DNA-Web/DNA-Frontend/vendor/laravel/framework/src/Illuminate/Foundation/Http/Middleware/TransformsRequest.php(21): Illuminate\\Pipeline\\Pipeline->{closure:Illuminate\\Pipeline\\Pipeline::prepareDestination():178}(Object(Illuminate\\Http\\Request))
#31 /Users/macbookshop/Desktop/Projects/Developments/DNA-Web/DNA-Frontend/vendor/laravel/framework/src/Illuminate/Foundation/Http/Middleware/ConvertEmptyStringsToNull.php(31): Illuminate\\Foundation\\Http\\Middleware\\TransformsRequest->handle(Object(Illuminate\\Http\\Request), Object(Closure))
#32 /Users/macbookshop/Desktop/Projects/Developments/DNA-Web/DNA-Frontend/vendor/laravel/framework/src/Illuminate/Pipeline/Pipeline.php(219): Illuminate\\Foundation\\Http\\Middleware\\ConvertEmptyStringsToNull->handle(Object(Illuminate\\Http\\Request), Object(Closure))
#33 /Users/macbookshop/Desktop/Projects/Developments/DNA-Web/DNA-Frontend/vendor/laravel/framework/src/Illuminate/Foundation/Http/Middleware/TransformsRequest.php(21): Illuminate\\Pipeline\\Pipeline->{closure:{closure:Illuminate\\Pipeline\\Pipeline::carry():194}:195}(Object(Illuminate\\Http\\Request))
#34 /Users/macbookshop/Desktop/Projects/Developments/DNA-Web/DNA-Frontend/vendor/laravel/framework/src/Illuminate/Foundation/Http/Middleware/TrimStrings.php(51): Illuminate\\Foundation\\Http\\Middleware\\TransformsRequest->handle(Object(Illuminate\\Http\\Request), Object(Closure))
#35 /Users/macbookshop/Desktop/Projects/Developments/DNA-Web/DNA-Frontend/vendor/laravel/framework/src/Illuminate/Pipeline/Pipeline.php(219): Illuminate\\Foundation\\Http\\Middleware\\TrimStrings->handle(Object(Illuminate\\Http\\Request), Object(Closure))
#36 /Users/macbookshop/Desktop/Projects/Developments/DNA-Web/DNA-Frontend/vendor/laravel/framework/src/Illuminate/Http/Middleware/ValidatePostSize.php(27): Illuminate\\Pipeline\\Pipeline->{closure:{closure:Illuminate\\Pipeline\\Pipeline::carry():194}:195}(Object(Illuminate\\Http\\Request))
#37 /Users/macbookshop/Desktop/Projects/Developments/DNA-Web/DNA-Frontend/vendor/laravel/framework/src/Illuminate/Pipeline/Pipeline.php(219): Illuminate\\Http\\Middleware\\ValidatePostSize->handle(Object(Illuminate\\Http\\Request), Object(Closure))
#38 /Users/macbookshop/Desktop/Projects/Developments/DNA-Web/DNA-Frontend/vendor/laravel/framework/src/Illuminate/Foundation/Http/Middleware/PreventRequestsDuringMaintenance.php(109): Illuminate\\Pipeline\\Pipeline->{closure:{closure:Illuminate\\Pipeline\\Pipeline::carry():194}:195}(Object(Illuminate\\Http\\Request))
#39 /Users/macbookshop/Desktop/Projects/Developments/DNA-Web/DNA-Frontend/vendor/laravel/framework/src/Illuminate/Pipeline/Pipeline.php(219): Illuminate\\Foundation\\Http\\Middleware\\PreventRequestsDuringMaintenance->handle(Object(Illuminate\\Http\\Request), Object(Closure))
#40 /Users/macbookshop/Desktop/Projects/Developments/DNA-Web/DNA-Frontend/vendor/laravel/framework/src/Illuminate/Http/Middleware/HandleCors.php(61): Illuminate\\Pipeline\\Pipeline->{closure:{closure:Illuminate\\Pipeline\\Pipeline::carry():194}:195}(Object(Illuminate\\Http\\Request))
#41 /Users/macbookshop/Desktop/Projects/Developments/DNA-Web/DNA-Frontend/vendor/laravel/framework/src/Illuminate/Pipeline/Pipeline.php(219): Illuminate\\Http\\Middleware\\HandleCors->handle(Object(Illuminate\\Http\\Request), Object(Closure))
#42 /Users/macbookshop/Desktop/Projects/Developments/DNA-Web/DNA-Frontend/vendor/laravel/framework/src/Illuminate/Http/Middleware/TrustProxies.php(58): Illuminate\\Pipeline\\Pipeline->{closure:{closure:Illuminate\\Pipeline\\Pipeline::carry():194}:195}(Object(Illuminate\\Http\\Request))
#43 /Users/macbookshop/Desktop/Projects/Developments/DNA-Web/DNA-Frontend/vendor/laravel/framework/src/Illuminate/Pipeline/Pipeline.php(219): Illuminate\\Http\\Middleware\\TrustProxies->handle(Object(Illuminate\\Http\\Request), Object(Closure))
#44 /Users/macbookshop/Desktop/Projects/Developments/DNA-Web/DNA-Frontend/vendor/laravel/framework/src/Illuminate/Foundation/Http/Middleware/InvokeDeferredCallbacks.php(22): Illuminate\\Pipeline\\Pipeline->{closure:{closure:Illuminate\\Pipeline\\Pipeline::carry():194}:195}(Object(Illuminate\\Http\\Request))
#45 /Users/macbookshop/Desktop/Projects/Developments/DNA-Web/DNA-Frontend/vendor/laravel/framework/src/Illuminate/Pipeline/Pipeline.php(219): Illuminate\\Foundation\\Http\\Middleware\\InvokeDeferredCallbacks->handle(Object(Illuminate\\Http\\Request), Object(Closure))
#46 /Users/macbookshop/Desktop/Projects/Developments/DNA-Web/DNA-Frontend/vendor/laravel/framework/src/Illuminate/Http/Middleware/ValidatePathEncoding.php(28): Illuminate\\Pipeline\\Pipeline->{closure:{closure:Illuminate\\Pipeline\\Pipeline::carry():194}:195}(Object(Illuminate\\Http\\Request))
#47 /Users/macbookshop/Desktop/Projects/Developments/DNA-Web/DNA-Frontend/vendor/laravel/framework/src/Illuminate/Pipeline/Pipeline.php(219): Illuminate\\Http\\Middleware\\ValidatePathEncoding->handle(Object(Illuminate\\Http\\Request), Object(Closure))
#48 /Users/macbookshop/Desktop/Projects/Developments/DNA-Web/DNA-Frontend/vendor/laravel/framework/src/Illuminate/Pipeline/Pipeline.php(137): Illuminate\\Pipeline\\Pipeline->{closure:{closure:Illuminate\\Pipeline\\Pipeline::carry():194}:195}(Object(Illuminate\\Http\\Request))
#49 /Users/macbookshop/Desktop/Projects/Developments/DNA-Web/DNA-Frontend/vendor/laravel/framework/src/Illuminate/Foundation/Http/Kernel.php(175): Illuminate\\Pipeline\\Pipeline->then(Object(Closure))
#50 /Users/macbookshop/Desktop/Projects/Developments/DNA-Web/DNA-Frontend/vendor/laravel/framework/src/Illuminate/Foundation/Http/Kernel.php(144): Illuminate\\Foundation\\Http\\Kernel->sendRequestThroughRouter(Object(Illuminate\\Http\\Request))
#51 /Users/macbookshop/Desktop/Projects/Developments/DNA-Web/DNA-Frontend/vendor/laravel/framework/src/Illuminate/Foundation/Testing/Concerns/MakesHttpRequests.php(638): Illuminate\\Foundation\\Http\\Kernel->handle(Object(Illuminate\\Http\\Request))
#52 /Users/macbookshop/Desktop/Projects/Developments/DNA-Web/DNA-Frontend/vendor/laravel/framework/src/Illuminate/Foundation/Testing/Concerns/MakesHttpRequests.php(368): Illuminate\\Foundation\\Testing\\TestCase->call('GET', '/fr', Array, Array, Array, Array)
#53 /Users/macbookshop/Desktop/Projects/Developments/DNA-Web/DNA-Frontend/tests/Feature/LocaleTest.php(28): Illuminate\\Foundation\\Testing\\TestCase->get('/fr')
#54 /Users/macbookshop/Desktop/Projects/Developments/DNA-Web/DNA-Frontend/vendor/phpunit/phpunit/src/Framework/TestCase.php(1318): Tests\\Feature\\LocaleTest->test_unknown_language_segment_falls_back_instead_of_404()
#55 /Users/macbookshop/Desktop/Projects/Developments/DNA-Web/DNA-Frontend/vendor/phpunit/phpunit/src/Framework/TestCase.php(1355): PHPUnit\\Framework\\TestCase->invokeTestMethod('test_unknown_la...', Array)
#56 /Users/macbookshop/Desktop/Projects/Developments/DNA-Web/DNA-Frontend/vendor/phpunit/phpunit/src/Framework/TestCase.php(521): PHPUnit\\Framework\\TestCase->runTest()
#57 /Users/macbookshop/Desktop/Projects/Developments/DNA-Web/DNA-Frontend/vendor/phpunit/phpunit/src/Framework/TestRunner/TestRunner.php(99): PHPUnit\\Framework\\TestCase->runBare()
#58 /Users/macbookshop/Desktop/Projects/Developments/DNA-Web/DNA-Frontend/vendor/phpunit/phpunit/src/Framework/TestCase.php(361): PHPUnit\\Framework\\TestRunner->run(Object(Tests\\Feature\\LocaleTest))
#59 /Users/macbookshop/Desktop/Projects/Developments/DNA-Web/DNA-Frontend/vendor/phpunit/phpunit/src/Framework/TestSuite.php(374): PHPUnit\\Framework\\TestCase->run()
#60 /Users/macbookshop/Desktop/Projects/Developments/DNA-Web/DNA-Frontend/vendor/phpunit/phpunit/src/Framework/TestSuite.php(374): PHPUnit\\Framework\\TestSuite->run()
#61 /Users/macbookshop/Desktop/Projects/Developments/DNA-Web/DNA-Frontend/vendor/phpunit/phpunit/src/Framework/TestSuite.php(374): PHPUnit\\Framework\\TestSuite->run()
#62 /Users/macbookshop/Desktop/Projects/Developments/DNA-Web/DNA-Frontend/vendor/phpunit/phpunit/src/TextUI/TestRunner.php(64): PHPUnit\\Framework\\TestSuite->run()
#63 /Users/macbookshop/Desktop/Projects/Developments/DNA-Web/DNA-Frontend/vendor/phpunit/phpunit/src/TextUI/Application.php(229): PHPUnit\\TextUI\\TestRunner->run(Object(PHPUnit\\TextUI\\Configuration\\Configuration), Object(PHPUnit\\Runner\\ResultCache\\DefaultResultCache), Object(PHPUnit\\Framework\\TestSuite))
#64 /Users/macbookshop/Desktop/Projects/Developments/DNA-Web/DNA-Frontend/vendor/phpunit/phpunit/phpunit(104): PHPUnit\\TextUI\\Application->run(Array)
#65 {main}
"} 
[2026-08-11 18:29:51] testing.ERROR: Simulation backend unreachable {"request_id":"7b1933e0-4413-4d9e-99a3-ac3af0c59704","message":"down"} 
[2026-08-11 18:30:21] testing.ERROR: Missing required parameter for [Route: analysis.index] [URI: {locale}] [Missing parameter: locale]. (View: /Users/macbookshop/Desktop/Projects/Developments/DNA-Web/DNA-Frontend/resources/views/layouts/app.blade.php) (View: /Users/macbookshop/Desktop/Projects/Developments/DNA-Web/DNA-Frontend/resources/views/layouts/app.blade.php) {"exception":"[object] (Illuminate\\View\\ViewException(code: 0): Missing required parameter for [Route: analysis.index] [URI: {locale}] [Missing parameter: locale]. (View: /Users/macbookshop/Desktop/Projects/Developments/DNA-Web/DNA-Frontend/resources/views/layouts/app.blade.php) (View: /Users/macbookshop/Desktop/Projects/Developments/DNA-Web/DNA-Frontend/resources/views/layouts/app.blade.php) at /Users/macbookshop/Desktop/Projects/Developments/DNA-Web/DNA-Frontend/vendor/laravel/framework/src/Illuminate/Routing/Exceptions/UrlGenerationException.php:35)
[stacktrace]
#0 /Users/macbookshop/Desktop/Projects/Developments/DNA-Web/DNA-Frontend/vendor/laravel/framework/src/Illuminate/View/Engines/PhpEngine.php(59): Illuminate\\View\\Engines\\CompilerEngine->handleViewException(Object(Illuminate\\View\\ViewException), 1)
#1 /Users/macbookshop/Desktop/Projects/Developments/DNA-Web/DNA-Frontend/vendor/laravel/framework/src/Illuminate/View/Engines/CompilerEngine.php(76): Illuminate\\View\\Engines\\PhpEngine->evaluatePath('/Users/macbooks...', Array)
#2 /Users/macbookshop/Desktop/Projects/Developments/DNA-Web/DNA-Frontend/vendor/laravel/framework/src/Illuminate/View/View.php(208): Illuminate\\View\\Engines\\CompilerEngine->get('/Users/macbooks...', Array)
#3 /Users/macbookshop/Desktop/Projects/Developments/DNA-Web/DNA-Frontend/vendor/laravel/framework/src/Illuminate/View/View.php(191): Illuminate\\View\\View->getContents()
#4 /Users/macbookshop/Desktop/Projects/Developments/DNA-Web/DNA-Frontend/vendor/laravel/framework/src/Illuminate/View/View.php(160): Illuminate\\View\\View->renderContents()
#5 /Users/macbookshop/Desktop/Projects/Developments/DNA-Web/DNA-Frontend/vendor/laravel/framework/src/Illuminate/Http/Response.php(82): Illuminate\\View\\View->render()
#6 /Users/macbookshop/Desktop/Projects/Developments/DNA-Web/DNA-Frontend/vendor/laravel/framework/src/Illuminate/Http/Response.php(40): Illuminate\\Http\\Response->setContent(Object(Illuminate\\View\\View))
#7 /Users/macbookshop/Desktop/Projects/Developments/DNA-Web/DNA-Frontend/vendor/laravel/framework/src/Illuminate/Routing/ResponseFactory.php(61): Illuminate\\Http\\Response->__construct(Object(Illuminate\\View\\View), 404, Array)
#8 /Users/macbookshop/Desktop/Projects/Developments/DNA-Web/DNA-Frontend/vendor/laravel/framework/src/Illuminate/Routing/ResponseFactory.php(91): Illuminate\\Routing\\ResponseFactory->make(Object(Illuminate\\View\\View), 404, Array)
#9 /Users/macbookshop/Desktop/Projects/Developments/DNA-Web/DNA-Frontend/vendor/laravel/framework/src/Illuminate/Foundation/Exceptions/Handler.php(1031): Illuminate\\Routing\\ResponseFactory->view('errors::404', Array, 404, Array)
#10 /Users/macbookshop/Desktop/Projects/Developments/DNA-Web/DNA-Frontend/vendor/laravel/framework/src/Illuminate/Foundation/Exceptions/Handler.php(950): Illuminate\\Foundation\\Exceptions\\Handler->renderHttpException(Object(Symfony\\Component\\HttpKernel\\Exception\\NotFoundHttpException))
#11 /Users/macbookshop/Desktop/Projects/Developments/DNA-Web/DNA-Frontend/vendor/laravel/framework/src/Illuminate/Foundation/Exceptions/Handler.php(833): Illuminate\\Foundation\\Exceptions\\Handler->prepareResponse(Object(Illuminate\\Http\\Request), Object(Symfony\\Component\\HttpKernel\\Exception\\NotFoundHttpException))
#12 /Users/macbookshop/Desktop/Projects/Developments/DNA-Web/DNA-Frontend/vendor/laravel/framework/src/Illuminate/Foundation/Exceptions/Handler.php(720): Illuminate\\Foundation\\Exceptions\\Handler->renderExceptionResponse(Object(Illuminate\\Http\\Request), Object(Symfony\\Component\\HttpKernel\\Exception\\NotFoundHttpException))
#13 /Users/macbookshop/Desktop/Projects/Developments/DNA-Web/DNA-Frontend/vendor/laravel/framework/src/Illuminate/Routing/Pipeline.php(51): Illuminate\\Foundation\\Exceptions\\Handler->render(Object(Illuminate\\Http\\Request), Object(Symfony\\Component\\HttpKernel\\Exception\\NotFoundHttpException))
#14 /Users/macbookshop/Desktop/Projects/Developments/DNA-Web/DNA-Frontend/vendor/laravel/framework/src/Illuminate/Pipeline/Pipeline.php(224): Illuminate\\Routing\\Pipeline->handleException(Object(Illuminate\\Http\\Request), Object(Illuminate\\Database\\Eloquent\\ModelNotFoundException))
#15 /Users/macbookshop/Desktop/Projects/Developments/DNA-Web/DNA-Frontend/vendor/laravel/framework/src/Illuminate/Foundation/Http/Middleware/PreventRequestForgery.php(104): Illuminate\\Pipeline\\Pipeline->{closure:{closure:Illuminate\\Pipeline\\Pipeline::carry():194}:195}(Object(Illuminate\\Http\\Request))
#16 /Users/macbookshop/Desktop/Projects/Developments/DNA-Web/DNA-Frontend/vendor/laravel/framework/src/Illuminate/Pipeline/Pipeline.php(219): Illuminate\\Foundation\\Http\\Middleware\\PreventRequestForgery->handle(Object(Illuminate\\Http\\Request), Object(Closure))
#17 /Users/macbookshop/Desktop/Projects/Developments/DNA-Web/DNA-Frontend/vendor/laravel/framework/src/Illuminate/View/Middleware/ShareErrorsFromSession.php(48): Illuminate\\Pipeline\\Pipeline->{closure:{closure:Illuminate\\Pipeline\\Pipeline::carry():194}:195}(Object(Illuminate\\Http\\Request))
#18 /Users/macbookshop/Desktop/Projects/Developments/DNA-Web/DNA-Frontend/vendor/laravel/framework/src/Illuminate/Pipeline/Pipeline.php(219): Illuminate\\View\\Middleware\\ShareErrorsFromSession->handle(Object(Illuminate\\Http\\Request), Object(Closure))
#19 /Users/macbookshop/Desktop/Projects/Developments/DNA-Web/DNA-Frontend/vendor/laravel/framework/src/Illuminate/Session/Middleware/StartSession.php(120): Illuminate\\Pipeline\\Pipeline->{closure:{closure:Illuminate\\Pipeline\\Pipeline::carry():194}:195}(Object(Illuminate\\Http\\Request))
#20 /Users/macbookshop/Desktop/Projects/Developments/DNA-Web/DNA-Frontend/vendor/laravel/framework/src/Illuminate/Session/Middleware/StartSession.php(63): Illuminate\\Session\\Middleware\\StartSession->handleStatefulRequest(Object(Illuminate\\Http\\Request), Object(Illuminate\\Session\\Store), Object(Closure))
#21 /Users/macbookshop/Desktop/Projects/Developments/DNA-Web/DNA-Frontend/vendor/laravel/framework/src/Illuminate/Pipeline/Pipeline.php(219): Illuminate\\Session\\Middleware\\StartSession->handle(Object(Illuminate\\Http\\Request), Object(Closure))
#22 /Users/macbookshop/Desktop/Projects/Developments/DNA-Web/DNA-Frontend/vendor/laravel/framework/src/Illuminate/Cookie/Middleware/AddQueuedCookiesToResponse.php(36): Illuminate\\Pipeline\\Pipeline->{closure:{closure:Illuminate\\Pipeline\\Pipeline::carry():194}:195}(Object(Illuminate\\Http\\Request))
#23 /Users/macbookshop/Desktop/Projects/Developments/DNA-Web/DNA-Frontend/vendor/laravel/framework/src/Illuminate/Pipeline/Pipeline.php(219): Illuminate\\Cookie\\Middleware\\AddQueuedCookiesToResponse->handle(Object(Illuminate\\Http\\Request), Object(Closure))
#24 /Users/macbookshop/Desktop/Projects/Developments/DNA-Web/DNA-Frontend/vendor/laravel/framework/src/Illuminate/Cookie/Middleware/EncryptCookies.php(74): Illuminate\\Pipeline\\Pipeline->{closure:{closure:Illuminate\\Pipeline\\Pipeline::carry():194}:195}(Object(Illuminate\\Http\\Request))
#25 /Users/macbookshop/Desktop/Projects/Developments/DNA-Web/DNA-Frontend/vendor/laravel/framework/src/Illuminate/Pipeline/Pipeline.php(219): Illuminate\\Cookie\\Middleware\\EncryptCookies->handle(Object(Illuminate\\Http\\Request), Object(Closure))
#26 /Users/macbookshop/Desktop/Projects/Developments/DNA-Web/DNA-Frontend/vendor/laravel/framework/src/Illuminate/Pipeline/Pipeline.php(137): Illuminate\\Pipeline\\Pipeline->{closure:{closure:Illuminate\\Pipeline\\Pipeline::carry():194}:195}(Object(Illuminate\\Http\\Request))
#27 /Users/macbookshop/Desktop/Projects/Developments/DNA-Web/DNA-Frontend/vendor/laravel/framework/src/Illuminate/Routing/Router.php(821): Illuminate\\Pipeline\\Pipeline->then(Object(Closure))
#28 /Users/macbookshop/Desktop/Projects/Developments/DNA-Web/DNA-Frontend/vendor/laravel/framework/src/Illuminate/Routing/Router.php(800): Illuminate\\Routing\\Router->runRouteWithinStack(Object(Illuminate\\Routing\\Route), Object(Illuminate\\Http\\Request))
#29 /Users/macbookshop/Desktop/Projects/Developments/DNA-Web/DNA-Frontend/vendor/laravel/framework/src/Illuminate/Routing/Router.php(764): Illuminate\\Routing\\Router->runRoute(Object(Illuminate\\Http\\Request), Object(Illuminate\\Routing\\Route))
#30 /Users/macbookshop/Desktop/Projects/Developments/DNA-Web/DNA-Frontend/vendor/laravel/framework/src/Illuminate/Routing/Router.php(753): Illuminate\\Routing\\Router->dispatchToRoute(Object(Illuminate\\Http\\Request))
#31 /Users/macbookshop/Desktop/Projects/Developments/DNA-Web/DNA-Frontend/vendor/laravel/framework/src/Illuminate/Foundation/Http/Kernel.php(200): Illuminate\\Routing\\Router->dispatch(Object(Illuminate\\Http\\Request))
#32 /Users/macbookshop/Desktop/Projects/Developments/DNA-Web/DNA-Frontend/vendor/laravel/framework/src/Illuminate/Pipeline/Pipeline.php(180): Illuminate\\Foundation\\Http\\Kernel->{closure:Illuminate\\Foundation\\Http\\Kernel::dispatchToRouter():197}(Object(Illuminate\\Http\\Request))
#33 /Users/macbookshop/Desktop/Projects/Developments/DNA-Web/DNA-Frontend/vendor/laravel/framework/src/Illuminate/Foundation/Http/Middleware/TransformsRequest.php(21): Illuminate\\Pipeline\\Pipeline->{closure:Illuminate\\Pipeline\\Pipeline::prepareDestination():178}(Object(Illuminate\\Http\\Request))
#34 /Users/macbookshop/Desktop/Projects/Developments/DNA-Web/DNA-Frontend/vendor/laravel/framework/src/Illuminate/Foundation/Http/Middleware/ConvertEmptyStringsToNull.php(31): Illuminate\\Foundation\\Http\\Middleware\\TransformsRequest->handle(Object(Illuminate\\Http\\Request), Object(Closure))
#35 /Users/macbookshop/Desktop/Projects/Developments/DNA-Web/DNA-Frontend/vendor/laravel/framework/src/Illuminate/Pipeline/Pipeline.php(219): Illuminate\\Foundation\\Http\\Middleware\\ConvertEmptyStringsToNull->handle(Object(Illuminate\\Http\\Request), Object(Closure))
#36 /Users/macbookshop/Desktop/Projects/Developments/DNA-Web/DNA-Frontend/vendor/laravel/framework/src/Illuminate/Foundation/Http/Middleware/TransformsRequest.php(21): Illuminate\\Pipeline\\Pipeline->{closure:{closure:Illuminate\\Pipeline\\Pipeline::carry():194}:195}(Object(Illuminate\\Http\\Request))
#37 /Users/macbookshop/Desktop/Projects/Developments/DNA-Web/DNA-Frontend/vendor/laravel/framework/src/Illuminate/Foundation/Http/Middleware/TrimStrings.php(51): Illuminate\\Foundation\\Http\\Middleware\\TransformsRequest->handle(Object(Illuminate\\Http\\Request), Object(Closure))
#38 /Users/macbookshop/Desktop/Projects/Developments/DNA-Web/DNA-Frontend/vendor/laravel/framework/src/Illuminate/Pipeline/Pipeline.php(219): Illuminate\\Foundation\\Http\\Middleware\\TrimStrings->handle(Object(Illuminate\\Http\\Request), Object(Closure))
#39 /Users/macbookshop/Desktop/Projects/Developments/DNA-Web/DNA-Frontend/vendor/laravel/framework/src/Illuminate/Http/Middleware/ValidatePostSize.php(27): Illuminate\\Pipeline\\Pipeline->{closure:{closure:Illuminate\\Pipeline\\Pipeline::carry():194}:195}(Object(Illuminate\\Http\\Request))
#40 /Users/macbookshop/Desktop/Projects/Developments/DNA-Web/DNA-Frontend/vendor/laravel/framework/src/Illuminate/Pipeline/Pipeline.php(219): Illuminate\\Http\\Middleware\\ValidatePostSize->handle(Object(Illuminate\\Http\\Request), Object(Closure))
#41 /Users/macbookshop/Desktop/Projects/Developments/DNA-Web/DNA-Frontend/vendor/laravel/framework/src/Illuminate/Foundation/Http/Middleware/PreventRequestsDuringMaintenance.php(109): Illuminate\\Pipeline\\Pipeline->{closure:{closure:Illuminate\\Pipeline\\Pipeline::carry():194}:195}(Object(Illuminate\\Http\\Request))
#42 /Users/macbookshop/Desktop/Projects/Developments/DNA-Web/DNA-Frontend/vendor/laravel/framework/src/Illuminate/Pipeline/Pipeline.php(219): Illuminate\\Foundation\\Http\\Middleware\\PreventRequestsDuringMaintenance->handle(Object(Illuminate\\Http\\Request), Object(Closure))
#43 /Users/macbookshop/Desktop/Projects/Developments/DNA-Web/DNA-Frontend/vendor/laravel/framework/src/Illuminate/Http/Middleware/HandleCors.php(61): Illuminate\\Pipeline\\Pipeline->{closure:{closure:Illuminate\\Pipeline\\Pipeline::carry():194}:195}(Object(Illuminate\\Http\\Request))
#44 /Users/macbookshop/Desktop/Projects/Developments/DNA-Web/DNA-Frontend/vendor/laravel/framework/src/Illuminate/Pipeline/Pipeline.php(219): Illuminate\\Http\\Middleware\\HandleCors->handle(Object(Illuminate\\Http\\Request), Object(Closure))
#45 /Users/macbookshop/Desktop/Projects/Developments/DNA-Web/DNA-Frontend/vendor/laravel/framework/src/Illuminate/Http/Middleware/TrustProxies.php(58): Illuminate\\Pipeline\\Pipeline->{closure:{closure:Illuminate\\Pipeline\\Pipeline::carry():194}:195}(Object(Illuminate\\Http\\Request))
#46 /Users/macbookshop/Desktop/Projects/Developments/DNA-Web/DNA-Frontend/vendor/laravel/framework/src/Illuminate/Pipeline/Pipeline.php(219): Illuminate\\Http\\Middleware\\TrustProxies->handle(Object(Illuminate\\Http\\Request), Object(Closure))
#47 /Users/macbookshop/Desktop/Projects/Developments/DNA-Web/DNA-Frontend/vendor/laravel/framework/src/Illuminate/Foundation/Http/Middleware/InvokeDeferredCallbacks.php(22): Illuminate\\Pipeline\\Pipeline->{closure:{closure:Illuminate\\Pipeline\\Pipeline::carry():194}:195}(Object(Illuminate\\Http\\Request))
#48 /Users/macbookshop/Desktop/Projects/Developments/DNA-Web/DNA-Frontend/vendor/laravel/framework/src/Illuminate/Pipeline/Pipeline.php(219): Illuminate\\Foundation\\Http\\Middleware\\InvokeDeferredCallbacks->handle(Object(Illuminate\\Http\\Request), Object(Closure))
#49 /Users/macbookshop/Desktop/Projects/Developments/DNA-Web/DNA-Frontend/vendor/laravel/framework/src/Illuminate/Http/Middleware/ValidatePathEncoding.php(28): Illuminate\\Pipeline\\Pipeline->{closure:{closure:Illuminate\\Pipeline\\Pipeline::carry():194}:195}(Object(Illuminate\\Http\\Request))
#50 /Users/macbookshop/Desktop/Projects/Developments/DNA-Web/DNA-Frontend/vendor/laravel/framework/src/Illuminate/Pipeline/Pipeline.php(219): Illuminate\\Http\\Middleware\\ValidatePathEncoding->handle(Object(Illuminate\\Http\\Request), Object(Closure))
#51 /Users/macbookshop/Desktop/Projects/Developments/DNA-Web/DNA-Frontend/vendor/laravel/framework/src/Illuminate/Pipeline/Pipeline.php(137): Illuminate\\Pipeline\\Pipeline->{closure:{closure:Illuminate\\Pipeline\\Pipeline::carry():194}:195}(Object(Illuminate\\Http\\Request))
#52 /Users/macbookshop/Desktop/Projects/Developments/DNA-Web/DNA-Frontend/vendor/laravel/framework/src/Illuminate/Foundation/Http/Kernel.php(175): Illuminate\\Pipeline\\Pipeline->then(Object(Closure))
#53 /Users/macbookshop/Desktop/Projects/Developments/DNA-Web/DNA-Frontend/vendor/laravel/framework/src/Illuminate/Foundation/Http/Kernel.php(144): Illuminate\\Foundation\\Http\\Kernel->sendRequestThroughRouter(Object(Illuminate\\Http\\Request))
#54 /Users/macbookshop/Desktop/Projects/Developments/DNA-Web/DNA-Frontend/vendor/laravel/framework/src/Illuminate/Foundation/Testing/Concerns/MakesHttpRequests.php(638): Illuminate\\Foundation\\Http\\Kernel->handle(Object(Illuminate\\Http\\Request))
#55 /Users/macbookshop/Desktop/Projects/Developments/DNA-Web/DNA-Frontend/vendor/laravel/framework/src/Illuminate/Foundation/Testing/Concerns/MakesHttpRequests.php(368): Illuminate\\Foundation\\Testing\\TestCase->call('GET', '/ku/result/64cc...', Array, Array, Array, Array)
#56 /Users/macbookshop/Desktop/Projects/Developments/DNA-Web/DNA-Frontend/tests/Feature/AnalysisTest.php(202): Illuminate\\Foundation\\Testing\\TestCase->get('/ku/result/64cc...')
#57 /Users/macbookshop/Desktop/Projects/Developments/DNA-Web/DNA-Frontend/vendor/phpunit/phpunit/src/Framework/TestCase.php(1318): Tests\\Feature\\AnalysisTest->test_an_expired_result_id_returns_a_translated_404()
#58 /Users/macbookshop/Desktop/Projects/Developments/DNA-Web/DNA-Frontend/vendor/phpunit/phpunit/src/Framework/TestCase.php(1355): PHPUnit\\Framework\\TestCase->invokeTestMethod('test_an_expired...', Array)
#59 /Users/macbookshop/Desktop/Projects/Developments/DNA-Web/DNA-Frontend/vendor/phpunit/phpunit/src/Framework/TestCase.php(521): PHPUnit\\Framework\\TestCase->runTest()
#60 /Users/macbookshop/Desktop/Projects/Developments/DNA-Web/DNA-Frontend/vendor/phpunit/phpunit/src/Framework/TestRunner/TestRunner.php(99): PHPUnit\\Framework\\TestCase->runBare()
#61 /Users/macbookshop/Desktop/Projects/Developments/DNA-Web/DNA-Frontend/vendor/phpunit/phpunit/src/Framework/TestCase.php(361): PHPUnit\\Framework\\TestRunner->run(Object(Tests\\Feature\\AnalysisTest))
#62 /Users/macbookshop/Desktop/Projects/Developments/DNA-Web/DNA-Frontend/vendor/phpunit/phpunit/src/Framework/TestSuite.php(374): PHPUnit\\Framework\\TestCase->run()
#63 /Users/macbookshop/Desktop/Projects/Developments/DNA-Web/DNA-Frontend/vendor/phpunit/phpunit/src/Framework/TestSuite.php(374): PHPUnit\\Framework\\TestSuite->run()
#64 /Users/macbookshop/Desktop/Projects/Developments/DNA-Web/DNA-Frontend/vendor/phpunit/phpunit/src/Framework/TestSuite.php(374): PHPUnit\\Framework\\TestSuite->run()
#65 /Users/macbookshop/Desktop/Projects/Developments/DNA-Web/DNA-Frontend/vendor/phpunit/phpunit/src/TextUI/TestRunner.php(64): PHPUnit\\Framework\\TestSuite->run()
#66 /Users/macbookshop/Desktop/Projects/Developments/DNA-Web/DNA-Frontend/vendor/phpunit/phpunit/src/TextUI/Application.php(229): PHPUnit\\TextUI\\TestRunner->run(Object(PHPUnit\\TextUI\\Configuration\\Configuration), Object(PHPUnit\\Runner\\ResultCache\\DefaultResultCache), Object(PHPUnit\\Framework\\TestSuite))
#67 /Users/macbookshop/Desktop/Projects/Developments/DNA-Web/DNA-Frontend/vendor/phpunit/phpunit/phpunit(104): PHPUnit\\TextUI\\Application->run(Array)
#68 {main}

[previous exception] [object] (Illuminate\\View\\ViewException(code: 0): Missing required parameter for [Route: analysis.index] [URI: {locale}] [Missing parameter: locale]. (View: /Users/macbookshop/Desktop/Projects/Developments/DNA-Web/DNA-Frontend/resources/views/layouts/app.blade.php) at /Users/macbookshop/Desktop/Projects/Developments/DNA-Web/DNA-Frontend/vendor/laravel/framework/src/Illuminate/Routing/Exceptions/UrlGenerationException.php:35)
[stacktrace]
#0 /Users/macbookshop/Desktop/Projects/Developments/DNA-Web/DNA-Frontend/vendor/laravel/framework/src/Illuminate/View/Engines/PhpEngine.php(59): Illuminate\\View\\Engines\\CompilerEngine->handleViewException(Object(Illuminate\\Routing\\Exceptions\\UrlGenerationException), 2)
#1 /Users/macbookshop/Desktop/Projects/Developments/DNA-Web/DNA-Frontend/vendor/laravel/framework/src/Illuminate/View/Engines/CompilerEngine.php(76): Illuminate\\View\\Engines\\PhpEngine->evaluatePath('/Users/macbooks...', Array)
#2 /Users/macbookshop/Desktop/Projects/Developments/DNA-Web/DNA-Frontend/vendor/laravel/framework/src/Illuminate/View/View.php(208): Illuminate\\View\\Engines\\CompilerEngine->get('/Users/macbooks...', Array)
#3 /Users/macbookshop/Desktop/Projects/Developments/DNA-Web/DNA-Frontend/vendor/laravel/framework/src/Illuminate/View/View.php(191): Illuminate\\View\\View->getContents()
#4 /Users/macbookshop/Desktop/Projects/Developments/DNA-Web/DNA-Frontend/vendor/laravel/framework/src/Illuminate/View/View.php(160): Illuminate\\View\\View->renderContents()
#5 /Users/macbookshop/Desktop/Projects/Developments/DNA-Web/DNA-Frontend/storage/framework/views/f058fb6fd3ae58a3027bb36a27ff1ec0.php(15): Illuminate\\View\\View->render()
#6 /Users/macbookshop/Desktop/Projects/Developments/DNA-Web/DNA-Frontend/vendor/laravel/framework/src/Illuminate/Filesystem/Filesystem.php(123): require('/Users/macbooks...')
#7 /Users/macbookshop/Desktop/Projects/Developments/DNA-Web/DNA-Frontend/vendor/laravel/framework/src/Illuminate/Filesystem/Filesystem.php(124): Illuminate\\Filesystem\\Filesystem::{closure:Illuminate\\Filesystem\\Filesystem::getRequire():120}()
#8 /Users/macbookshop/Desktop/Projects/Developments/DNA-Web/DNA-Frontend/vendor/laravel/framework/src/Illuminate/View/Engines/PhpEngine.php(57): Illuminate\\Filesystem\\Filesystem->getRequire('/Users/macbooks...', Array)
#9 /Users/macbookshop/Desktop/Projects/Developments/DNA-Web/DNA-Frontend/vendor/laravel/framework/src/Illuminate/View/Engines/CompilerEngine.php(76): Illuminate\\View\\Engines\\PhpEngine->evaluatePath('/Users/macbooks...', Array)
#10 /Users/macbookshop/Desktop/Projects/Developments/DNA-Web/DNA-Frontend/vendor/laravel/framework/src/Illuminate/View/View.php(208): Illuminate\\View\\Engines\\CompilerEngine->get('/Users/macbooks...', Array)
#11 /Users/macbookshop/Desktop/Projects/Developments/DNA-Web/DNA-Frontend/vendor/laravel/framework/src/Illuminate/View/View.php(191): Illuminate\\View\\View->getContents()
#12 /Users/macbookshop/Desktop/Projects/Developments/DNA-Web/DNA-Frontend/vendor/laravel/framework/src/Illuminate/View/View.php(160): Illuminate\\View\\View->renderContents()
#13 /Users/macbookshop/Desktop/Projects/Developments/DNA-Web/DNA-Frontend/vendor/laravel/framework/src/Illuminate/Http/Response.php(82): Illuminate\\View\\View->render()
#14 /Users/macbookshop/Desktop/Projects/Developments/DNA-Web/DNA-Frontend/vendor/laravel/framework/src/Illuminate/Http/Response.php(40): Illuminate\\Http\\Response->setContent(Object(Illuminate\\View\\View))
#15 /Users/macbookshop/Desktop/Projects/Developments/DNA-Web/DNA-Frontend/vendor/laravel/framework/src/Illuminate/Routing/ResponseFactory.php(61): Illuminate\\Http\\Response->__construct(Object(Illuminate\\View\\View), 404, Array)
#16 /Users/macbookshop/Desktop/Projects/Developments/DNA-Web/DNA-Frontend/vendor/laravel/framework/src/Illuminate/Routing/ResponseFactory.php(91): Illuminate\\Routing\\ResponseFactory->make(Object(Illuminate\\View\\View), 404, Array)
#17 /Users/macbookshop/Desktop/Projects/Developments/DNA-Web/DNA-Frontend/vendor/laravel/framework/src/Illuminate/Foundation/Exceptions/Handler.php(1031): Illuminate\\Routing\\ResponseFactory->view('errors::404', Array, 404, Array)
#18 /Users/macbookshop/Desktop/Projects/Developments/DNA-Web/DNA-Frontend/vendor/laravel/framework/src/Illuminate/Foundation/Exceptions/Handler.php(950): Illuminate\\Foundation\\Exceptions\\Handler->renderHttpException(Object(Symfony\\Component\\HttpKernel\\Exception\\NotFoundHttpException))
#19 /Users/macbookshop/Desktop/Projects/Developments/DNA-Web/DNA-Frontend/vendor/laravel/framework/src/Illuminate/Foundation/Exceptions/Handler.php(833): Illuminate\\Foundation\\Exceptions\\Handler->prepareResponse(Object(Illuminate\\Http\\Request), Object(Symfony\\Component\\HttpKernel\\Exception\\NotFoundHttpException))
#20 /Users/macbookshop/Desktop/Projects/Developments/DNA-Web/DNA-Frontend/vendor/laravel/framework/src/Illuminate/Foundation/Exceptions/Handler.php(720): Illuminate\\Foundation\\Exceptions\\Handler->renderExceptionResponse(Object(Illuminate\\Http\\Request), Object(Symfony\\Component\\HttpKernel\\Exception\\NotFoundHttpException))
#21 /Users/macbookshop/Desktop/Projects/Developments/DNA-Web/DNA-Frontend/vendor/laravel/framework/src/Illuminate/Routing/Pipeline.php(51): Illuminate\\Foundation\\Exceptions\\Handler->render(Object(Illuminate\\Http\\Request), Object(Symfony\\Component\\HttpKernel\\Exception\\NotFoundHttpException))
#22 /Users/macbookshop/Desktop/Projects/Developments/DNA-Web/DNA-Frontend/vendor/laravel/framework/src/Illuminate/Pipeline/Pipeline.php(224): Illuminate\\Routing\\Pipeline->handleException(Object(Illuminate\\Http\\Request), Object(Illuminate\\Database\\Eloquent\\ModelNotFoundException))
#23 /Users/macbookshop/Desktop/Projects/Developments/DNA-Web/DNA-Frontend/vendor/laravel/framework/src/Illuminate/Foundation/Http/Middleware/PreventRequestForgery.php(104): Illuminate\\Pipeline\\Pipeline->{closure:{closure:Illuminate\\Pipeline\\Pipeline::carry():194}:195}(Object(Illuminate\\Http\\Request))
#24 /Users/macbookshop/Desktop/Projects/Developments/DNA-Web/DNA-Frontend/vendor/laravel/framework/src/Illuminate/Pipeline/Pipeline.php(219): Illuminate\\Foundation\\Http\\Middleware\\PreventRequestForgery->handle(Object(Illuminate\\Http\\Request), Object(Closure))
#25 /Users/macbookshop/Desktop/Projects/Developments/DNA-Web/DNA-Frontend/vendor/laravel/framework/src/Illuminate/View/Middleware/ShareErrorsFromSession.php(48): Illuminate\\Pipeline\\Pipeline->{closure:{closure:Illuminate\\Pipeline\\Pipeline::carry():194}:195}(Object(Illuminate\\Http\\Request))
#26 /Users/macbookshop/Desktop/Projects/Developments/DNA-Web/DNA-Frontend/vendor/laravel/framework/src/Illuminate/Pipeline/Pipeline.php(219): Illuminate\\View\\Middleware\\ShareErrorsFromSession->handle(Object(Illuminate\\Http\\Request), Object(Closure))
#27 /Users/macbookshop/Desktop/Projects/Developments/DNA-Web/DNA-Frontend/vendor/laravel/framework/src/Illuminate/Session/Middleware/StartSession.php(120): Illuminate\\Pipeline\\Pipeline->{closure:{closure:Illuminate\\Pipeline\\Pipeline::carry():194}:195}(Object(Illuminate\\Http\\Request))
#28 /Users/macbookshop/Desktop/Projects/Developments/DNA-Web/DNA-Frontend/vendor/laravel/framework/src/Illuminate/Session/Middleware/StartSession.php(63): Illuminate\\Session\\Middleware\\StartSession->handleStatefulRequest(Object(Illuminate\\Http\\Request), Object(Illuminate\\Session\\Store), Object(Closure))
#29 /Users/macbookshop/Desktop/Projects/Developments/DNA-Web/DNA-Frontend/vendor/laravel/framework/src/Illuminate/Pipeline/Pipeline.php(219): Illuminate\\Session\\Middleware\\StartSession->handle(Object(Illuminate\\Http\\Request), Object(Closure))
#30 /Users/macbookshop/Desktop/Projects/Developments/DNA-Web/DNA-Frontend/vendor/laravel/framework/src/Illuminate/Cookie/Middleware/AddQueuedCookiesToResponse.php(36): Illuminate\\Pipeline\\Pipeline->{closure:{closure:Illuminate\\Pipeline\\Pipeline::carry():194}:195}(Object(Illuminate\\Http\\Request))
#31 /Users/macbookshop/Desktop/Projects/Developments/DNA-Web/DNA-Frontend/vendor/laravel/framework/src/Illuminate/Pipeline/Pipeline.php(219): Illuminate\\Cookie\\Middleware\\AddQueuedCookiesToResponse->handle(Object(Illuminate\\Http\\Request), Object(Closure))
#32 /Users/macbookshop/Desktop/Projects/Developments/DNA-Web/DNA-Frontend/vendor/laravel/framework/src/Illuminate/Cookie/Middleware/EncryptCookies.php(74): Illuminate\\Pipeline\\Pipeline->{closure:{closure:Illuminate\\Pipeline\\Pipeline::carry():194}:195}(Object(Illuminate\\Http\\Request))
#33 /Users/macbookshop/Desktop/Projects/Developments/DNA-Web/DNA-Frontend/vendor/laravel/framework/src/Illuminate/Pipeline/Pipeline.php(219): Illuminate\\Cookie\\Middleware\\EncryptCookies->handle(Object(Illuminate\\Http\\Request), Object(Closure))
#34 /Users/macbookshop/Desktop/Projects/Developments/DNA-Web/DNA-Frontend/vendor/laravel/framework/src/Illuminate/Pipeline/Pipeline.php(137): Illuminate\\Pipeline\\Pipeline->{closure:{closure:Illuminate\\Pipeline\\Pipeline::carry():194}:195}(Object(Illuminate\\Http\\Request))
#35 /Users/macbookshop/Desktop/Projects/Developments/DNA-Web/DNA-Frontend/vendor/laravel/framework/src/Illuminate/Routing/Router.php(821): Illuminate\\Pipeline\\Pipeline->then(Object(Closure))
#36 /Users/macbookshop/Desktop/Projects/Developments/DNA-Web/DNA-Frontend/vendor/laravel/framework/src/Illuminate/Routing/Router.php(800): Illuminate\\Routing\\Router->runRouteWithinStack(Object(Illuminate\\Routing\\Route), Object(Illuminate\\Http\\Request))
#37 /Users/macbookshop/Desktop/Projects/Developments/DNA-Web/DNA-Frontend/vendor/laravel/framework/src/Illuminate/Routing/Router.php(764): Illuminate\\Routing\\Router->runRoute(Object(Illuminate\\Http\\Request), Object(Illuminate\\Routing\\Route))
#38 /Users/macbookshop/Desktop/Projects/Developments/DNA-Web/DNA-Frontend/vendor/laravel/framework/src/Illuminate/Routing/Router.php(753): Illuminate\\Routing\\Router->dispatchToRoute(Object(Illuminate\\Http\\Request))
#39 /Users/macbookshop/Desktop/Projects/Developments/DNA-Web/DNA-Frontend/vendor/laravel/framework/src/Illuminate/Foundation/Http/Kernel.php(200): Illuminate\\Routing\\Router->dispatch(Object(Illuminate\\Http\\Request))
#40 /Users/macbookshop/Desktop/Projects/Developments/DNA-Web/DNA-Frontend/vendor/laravel/framework/src/Illuminate/Pipeline/Pipeline.php(180): Illuminate\\Foundation\\Http\\Kernel->{closure:Illuminate\\Foundation\\Http\\Kernel::dispatchToRouter():197}(Object(Illuminate\\Http\\Request))
#41 /Users/macbookshop/Desktop/Projects/Developments/DNA-Web/DNA-Frontend/vendor/laravel/framework/src/Illuminate/Foundation/Http/Middleware/TransformsRequest.php(21): Illuminate\\Pipeline\\Pipeline->{closure:Illuminate\\Pipeline\\Pipeline::prepareDestination():178}(Object(Illuminate\\Http\\Request))
#42 /Users/macbookshop/Desktop/Projects/Developments/DNA-Web/DNA-Frontend/vendor/laravel/framework/src/Illuminate/Foundation/Http/Middleware/ConvertEmptyStringsToNull.php(31): Illuminate\\Foundation\\Http\\Middleware\\TransformsRequest->handle(Object(Illuminate\\Http\\Request), Object(Closure))
#43 /Users/macbookshop/Desktop/Projects/Developments/DNA-Web/DNA-Frontend/vendor/laravel/framework/src/Illuminate/Pipeline/Pipeline.php(219): Illuminate\\Foundation\\Http\\Middleware\\ConvertEmptyStringsToNull->handle(Object(Illuminate\\Http\\Request), Object(Closure))
#44 /Users/macbookshop/Desktop/Projects/Developments/DNA-Web/DNA-Frontend/vendor/laravel/framework/src/Illuminate/Foundation/Http/Middleware/TransformsRequest.php(21): Illuminate\\Pipeline\\Pipeline->{closure:{closure:Illuminate\\Pipeline\\Pipeline::carry():194}:195}(Object(Illuminate\\Http\\Request))
#45 /Users/macbookshop/Desktop/Projects/Developments/DNA-Web/DNA-Frontend/vendor/laravel/framework/src/Illuminate/Foundation/Http/Middleware/TrimStrings.php(51): Illuminate\\Foundation\\Http\\Middleware\\TransformsRequest->handle(Object(Illuminate\\Http\\Request), Object(Closure))
#46 /Users/macbookshop/Desktop/Projects/Developments/DNA-Web/DNA-Frontend/vendor/laravel/framework/src/Illuminate/Pipeline/Pipeline.php(219): Illuminate\\Foundation\\Http\\Middleware\\TrimStrings->handle(Object(Illuminate\\Http\\Request), Object(Closure))
#47 /Users/macbookshop/Desktop/Projects/Developments/DNA-Web/DNA-Frontend/vendor/laravel/framework/src/Illuminate/Http/Middleware/ValidatePostSize.php(27): Illuminate\\Pipeline\\Pipeline->{closure:{closure:Illuminate\\Pipeline\\Pipeline::carry():194}:195}(Object(Illuminate\\Http\\Request))
#48 /Users/macbookshop/Desktop/Projects/Developments/DNA-Web/DNA-Frontend/vendor/laravel/framework/src/Illuminate/Pipeline/Pipeline.php(219): Illuminate\\Http\\Middleware\\ValidatePostSize->handle(Object(Illuminate\\Http\\Request), Object(Closure))
#49 /Users/macbookshop/Desktop/Projects/Developments/DNA-Web/DNA-Frontend/vendor/laravel/framework/src/Illuminate/Foundation/Http/Middleware/PreventRequestsDuringMaintenance.php(109): Illuminate\\Pipeline\\Pipeline->{closure:{closure:Illuminate\\Pipeline\\Pipeline::carry():194}:195}(Object(Illuminate\\Http\\Request))
#50 /Users/macbookshop/Desktop/Projects/Developments/DNA-Web/DNA-Frontend/vendor/laravel/framework/src/Illuminate/Pipeline/Pipeline.php(219): Illuminate\\Foundation\\Http\\Middleware\\PreventRequestsDuringMaintenance->handle(Object(Illuminate\\Http\\Request), Object(Closure))
#51 /Users/macbookshop/Desktop/Projects/Developments/DNA-Web/DNA-Frontend/vendor/laravel/framework/src/Illuminate/Http/Middleware/HandleCors.php(61): Illuminate\\Pipeline\\Pipeline->{closure:{closure:Illuminate\\Pipeline\\Pipeline::carry():194}:195}(Object(Illuminate\\Http\\Request))
#52 /Users/macbookshop/Desktop/Projects/Developments/DNA-Web/DNA-Frontend/vendor/laravel/framework/src/Illuminate/Pipeline/Pipeline.php(219): Illuminate\\Http\\Middleware\\HandleCors->handle(Object(Illuminate\\Http\\Request), Object(Closure))
#53 /Users/macbookshop/Desktop/Projects/Developments/DNA-Web/DNA-Frontend/vendor/laravel/framework/src/Illuminate/Http/Middleware/TrustProxies.php(58): Illuminate\\Pipeline\\Pipeline->{closure:{closure:Illuminate\\Pipeline\\Pipeline::carry():194}:195}(Object(Illuminate\\Http\\Request))
#54 /Users/macbookshop/Desktop/Projects/Developments/DNA-Web/DNA-Frontend/vendor/laravel/framework/src/Illuminate/Pipeline/Pipeline.php(219): Illuminate\\Http\\Middleware\\TrustProxies->handle(Object(Illuminate\\Http\\Request), Object(Closure))
#55 /Users/macbookshop/Desktop/Projects/Developments/DNA-Web/DNA-Frontend/vendor/laravel/framework/src/Illuminate/Foundation/Http/Middleware/InvokeDeferredCallbacks.php(22): Illuminate\\Pipeline\\Pipeline->{closure:{closure:Illuminate\\Pipeline\\Pipeline::carry():194}:195}(Object(Illuminate\\Http\\Request))
#56 /Users/macbookshop/Desktop/Projects/Developments/DNA-Web/DNA-Frontend/vendor/laravel/framework/src/Illuminate/Pipeline/Pipeline.php(219): Illuminate\\Foundation\\Http\\Middleware\\InvokeDeferredCallbacks->handle(Object(Illuminate\\Http\\Request), Object(Closure))
#57 /Users/macbookshop/Desktop/Projects/Developments/DNA-Web/DNA-Frontend/vendor/laravel/framework/src/Illuminate/Http/Middleware/ValidatePathEncoding.php(28): Illuminate\\Pipeline\\Pipeline->{closure:{closure:Illuminate\\Pipeline\\Pipeline::carry():194}:195}(Object(Illuminate\\Http\\Request))
#58 /Users/macbookshop/Desktop/Projects/Developments/DNA-Web/DNA-Frontend/vendor/laravel/framework/src/Illuminate/Pipeline/Pipeline.php(219): Illuminate\\Http\\Middleware\\ValidatePathEncoding->handle(Object(Illuminate\\Http\\Request), Object(Closure))
#59 /Users/macbookshop/Desktop/Projects/Developments/DNA-Web/DNA-Frontend/vendor/laravel/framework/src/Illuminate/Pipeline/Pipeline.php(137): Illuminate\\Pipeline\\Pipeline->{closure:{closure:Illuminate\\Pipeline\\Pipeline::carry():194}:195}(Object(Illuminate\\Http\\Request))
#60 /Users/macbookshop/Desktop/Projects/Developments/DNA-Web/DNA-Frontend/vendor/laravel/framework/src/Illuminate/Foundation/Http/Kernel.php(175): Illuminate\\Pipeline\\Pipeline->then(Object(Closure))
#61 /Users/macbookshop/Desktop/Projects/Developments/DNA-Web/DNA-Frontend/vendor/laravel/framework/src/Illuminate/Foundation/Http/Kernel.php(144): Illuminate\\Foundation\\Http\\Kernel->sendRequestThroughRouter(Object(Illuminate\\Http\\Request))
#62 /Users/macbookshop/Desktop/Projects/Developments/DNA-Web/DNA-Frontend/vendor/laravel/framework/src/Illuminate/Foundation/Testing/Concerns/MakesHttpRequests.php(638): Illuminate\\Foundation\\Http\\Kernel->handle(Object(Illuminate\\Http\\Request))
#63 /Users/macbookshop/Desktop/Projects/Developments/DNA-Web/DNA-Frontend/vendor/laravel/framework/src/Illuminate/Foundation/Testing/Concerns/MakesHttpRequests.php(368): Illuminate\\Foundation\\Testing\\TestCase->call('GET', '/ku/result/64cc...', Array, Array, Array, Array)
#64 /Users/macbookshop/Desktop/Projects/Developments/DNA-Web/DNA-Frontend/tests/Feature/AnalysisTest.php(202): Illuminate\\Foundation\\Testing\\TestCase->get('/ku/result/64cc...')
#65 /Users/macbookshop/Desktop/Projects/Developments/DNA-Web/DNA-Frontend/vendor/phpunit/phpunit/src/Framework/TestCase.php(1318): Tests\\Feature\\AnalysisTest->test_an_expired_result_id_returns_a_translated_404()
#66 /Users/macbookshop/Desktop/Projects/Developments/DNA-Web/DNA-Frontend/vendor/phpunit/phpunit/src/Framework/TestCase.php(1355): PHPUnit\\Framework\\TestCase->invokeTestMethod('test_an_expired...', Array)
#67 /Users/macbookshop/Desktop/Projects/Developments/DNA-Web/DNA-Frontend/vendor/phpunit/phpunit/src/Framework/TestCase.php(521): PHPUnit\\Framework\\TestCase->runTest()
#68 /Users/macbookshop/Desktop/Projects/Developments/DNA-Web/DNA-Frontend/vendor/phpunit/phpunit/src/Framework/TestRunner/TestRunner.php(99): PHPUnit\\Framework\\TestCase->runBare()
#69 /Users/macbookshop/Desktop/Projects/Developments/DNA-Web/DNA-Frontend/vendor/phpunit/phpunit/src/Framework/TestCase.php(361): PHPUnit\\Framework\\TestRunner->run(Object(Tests\\Feature\\AnalysisTest))
#70 /Users/macbookshop/Desktop/Projects/Developments/DNA-Web/DNA-Frontend/vendor/phpunit/phpunit/src/Framework/TestSuite.php(374): PHPUnit\\Framework\\TestCase->run()
#71 /Users/macbookshop/Desktop/Projects/Developments/DNA-Web/DNA-Frontend/vendor/phpunit/phpunit/src/Framework/TestSuite.php(374): PHPUnit\\Framework\\TestSuite->run()
#72 /Users/macbookshop/Desktop/Projects/Developments/DNA-Web/DNA-Frontend/vendor/phpunit/phpunit/src/Framework/TestSuite.php(374): PHPUnit\\Framework\\TestSuite->run()
#73 /Users/macbookshop/Desktop/Projects/Developments/DNA-Web/DNA-Frontend/vendor/phpunit/phpunit/src/TextUI/TestRunner.php(64): PHPUnit\\Framework\\TestSuite->run()
#74 /Users/macbookshop/Desktop/Projects/Developments/DNA-Web/DNA-Frontend/vendor/phpunit/phpunit/src/TextUI/Application.php(229): PHPUnit\\TextUI\\TestRunner->run(Object(PHPUnit\\TextUI\\Configuration\\Configuration), Object(PHPUnit\\Runner\\ResultCache\\DefaultResultCache), Object(PHPUnit\\Framework\\TestSuite))
#75 /Users/macbookshop/Desktop/Projects/Developments/DNA-Web/DNA-Frontend/vendor/phpunit/phpunit/phpunit(104): PHPUnit\\TextUI\\Application->run(Array)
#76 {main}

[previous exception] [object] (Illuminate\\Routing\\Exceptions\\UrlGenerationException(code: 0): Missing required parameter for [Route: analysis.index] [URI: {locale}] [Missing parameter: locale]. at /Users/macbookshop/Desktop/Projects/Developments/DNA-Web/DNA-Frontend/vendor/laravel/framework/src/Illuminate/Routing/Exceptions/UrlGenerationException.php:35)
[stacktrace]
#0 /Users/macbookshop/Desktop/Projects/Developments/DNA-Web/DNA-Frontend/vendor/laravel/framework/src/Illuminate/Routing/RouteUrlGenerator.php(95): Illuminate\\Routing\\Exceptions\\UrlGenerationException::forMissingParameters(Object(Illuminate\\Routing\\Route), Array)
#1 /Users/macbookshop/Desktop/Projects/Developments/DNA-Web/DNA-Frontend/vendor/laravel/framework/src/Illuminate/Routing/UrlGenerator.php(557): Illuminate\\Routing\\RouteUrlGenerator->to(Object(Illuminate\\Routing\\Route), Array, true)
#2 /Users/macbookshop/Desktop/Projects/Developments/DNA-Web/DNA-Frontend/vendor/laravel/framework/src/Illuminate/Routing/UrlGenerator.php(534): Illuminate\\Routing\\UrlGenerator->toRoute(Object(Illuminate\\Routing\\Route), Array, true)
#3 /Users/macbookshop/Desktop/Projects/Developments/DNA-Web/DNA-Frontend/vendor/laravel/framework/src/Illuminate/Foundation/helpers.php(870): Illuminate\\Routing\\UrlGenerator->route('analysis.index', Array, true)
#4 /Users/macbookshop/Desktop/Projects/Developments/DNA-Web/DNA-Frontend/storage/framework/views/5412c5794b9520f727cb3f5abab9bc6b.php(34): route('analysis.index')
#5 /Users/macbookshop/Desktop/Projects/Developments/DNA-Web/DNA-Frontend/vendor/laravel/framework/src/Illuminate/Filesystem/Filesystem.php(123): require('/Users/macbooks...')
#6 /Users/macbookshop/Desktop/Projects/Developments/DNA-Web/DNA-Frontend/vendor/laravel/framework/src/Illuminate/Filesystem/Filesystem.php(124): Illuminate\\Filesystem\\Filesystem::{closure:Illuminate\\Filesystem\\Filesystem::getRequire():120}()
#7 /Users/macbookshop/Desktop/Projects/Developments/DNA-Web/DNA-Frontend/vendor/laravel/framework/src/Illuminate/View/Engines/PhpEngine.php(57): Illuminate\\Filesystem\\Filesystem->getRequire('/Users/macbooks...', Array)
#8 /Users/macbookshop/Desktop/Projects/Developments/DNA-Web/DNA-Frontend/vendor/laravel/framework/src/Illuminate/View/Engines/CompilerEngine.php(76): Illuminate\\View\\Engines\\PhpEngine->evaluatePath('/Users/macbooks...', Array)
#9 /Users/macbookshop/Desktop/Projects/Developments/DNA-Web/DNA-Frontend/vendor/laravel/framework/src/Illuminate/View/View.php(208): Illuminate\\View\\Engines\\CompilerEngine->get('/Users/macbooks...', Array)
#10 /Users/macbookshop/Desktop/Projects/Developments/DNA-Web/DNA-Frontend/vendor/laravel/framework/src/Illuminate/View/View.php(191): Illuminate\\View\\View->getContents()
#11 /Users/macbookshop/Desktop/Projects/Developments/DNA-Web/DNA-Frontend/vendor/laravel/framework/src/Illuminate/View/View.php(160): Illuminate\\View\\View->renderContents()
#12 /Users/macbookshop/Desktop/Projects/Developments/DNA-Web/DNA-Frontend/storage/framework/views/f058fb6fd3ae58a3027bb36a27ff1ec0.php(15): Illuminate\\View\\View->render()
#13 /Users/macbookshop/Desktop/Projects/Developments/DNA-Web/DNA-Frontend/vendor/laravel/framework/src/Illuminate/Filesystem/Filesystem.php(123): require('/Users/macbooks...')
#14 /Users/macbookshop/Desktop/Projects/Developments/DNA-Web/DNA-Frontend/vendor/laravel/framework/src/Illuminate/Filesystem/Filesystem.php(124): Illuminate\\Filesystem\\Filesystem::{closure:Illuminate\\Filesystem\\Filesystem::getRequire():120}()
#15 /Users/macbookshop/Desktop/Projects/Developments/DNA-Web/DNA-Frontend/vendor/laravel/framework/src/Illuminate/View/Engines/PhpEngine.php(57): Illuminate\\Filesystem\\Filesystem->getRequire('/Users/macbooks...', Array)
#16 /Users/macbookshop/Desktop/Projects/Developments/DNA-Web/DNA-Frontend/vendor/laravel/framework/src/Illuminate/View/Engines/CompilerEngine.php(76): Illuminate\\View\\Engines\\PhpEngine->evaluatePath('/Users/macbooks...', Array)
#17 /Users/macbookshop/Desktop/Projects/Developments/DNA-Web/DNA-Frontend/vendor/laravel/framework/src/Illuminate/View/View.php(208): Illuminate\\View\\Engines\\CompilerEngine->get('/Users/macbooks...', Array)
#18 /Users/macbookshop/Desktop/Projects/Developments/DNA-Web/DNA-Frontend/vendor/laravel/framework/src/Illuminate/View/View.php(191): Illuminate\\View\\View->getContents()
#19 /Users/macbookshop/Desktop/Projects/Developments/DNA-Web/DNA-Frontend/vendor/laravel/framework/src/Illuminate/View/View.php(160): Illuminate\\View\\View->renderContents()
#20 /Users/macbookshop/Desktop/Projects/Developments/DNA-Web/DNA-Frontend/vendor/laravel/framework/src/Illuminate/Http/Response.php(82): Illuminate\\View\\View->render()
#21 /Users/macbookshop/Desktop/Projects/Developments/DNA-Web/DNA-Frontend/vendor/laravel/framework/src/Illuminate/Http/Response.php(40): Illuminate\\Http\\Response->setContent(Object(Illuminate\\View\\View))
#22 /Users/macbookshop/Desktop/Projects/Developments/DNA-Web/DNA-Frontend/vendor/laravel/framework/src/Illuminate/Routing/ResponseFactory.php(61): Illuminate\\Http\\Response->__construct(Object(Illuminate\\View\\View), 404, Array)
#23 /Users/macbookshop/Desktop/Projects/Developments/DNA-Web/DNA-Frontend/vendor/laravel/framework/src/Illuminate/Routing/ResponseFactory.php(91): Illuminate\\Routing\\ResponseFactory->make(Object(Illuminate\\View\\View), 404, Array)
#24 /Users/macbookshop/Desktop/Projects/Developments/DNA-Web/DNA-Frontend/vendor/laravel/framework/src/Illuminate/Foundation/Exceptions/Handler.php(1031): Illuminate\\Routing\\ResponseFactory->view('errors::404', Array, 404, Array)
#25 /Users/macbookshop/Desktop/Projects/Developments/DNA-Web/DNA-Frontend/vendor/laravel/framework/src/Illuminate/Foundation/Exceptions/Handler.php(950): Illuminate\\Foundation\\Exceptions\\Handler->renderHttpException(Object(Symfony\\Component\\HttpKernel\\Exception\\NotFoundHttpException))
#26 /Users/macbookshop/Desktop/Projects/Developments/DNA-Web/DNA-Frontend/vendor/laravel/framework/src/Illuminate/Foundation/Exceptions/Handler.php(833): Illuminate\\Foundation\\Exceptions\\Handler->prepareResponse(Object(Illuminate\\Http\\Request), Object(Symfony\\Component\\HttpKernel\\Exception\\NotFoundHttpException))
#27 /Users/macbookshop/Desktop/Projects/Developments/DNA-Web/DNA-Frontend/vendor/laravel/framework/src/Illuminate/Foundation/Exceptions/Handler.php(720): Illuminate\\Foundation\\Exceptions\\Handler->renderExceptionResponse(Object(Illuminate\\Http\\Request), Object(Symfony\\Component\\HttpKernel\\Exception\\NotFoundHttpException))
#28 /Users/macbookshop/Desktop/Projects/Developments/DNA-Web/DNA-Frontend/vendor/laravel/framework/src/Illuminate/Routing/Pipeline.php(51): Illuminate\\Foundation\\Exceptions\\Handler->render(Object(Illuminate\\Http\\Request), Object(Symfony\\Component\\HttpKernel\\Exception\\NotFoundHttpException))
#29 /Users/macbookshop/Desktop/Projects/Developments/DNA-Web/DNA-Frontend/vendor/laravel/framework/src/Illuminate/Pipeline/Pipeline.php(224): Illuminate\\Routing\\Pipeline->handleException(Object(Illuminate\\Http\\Request), Object(Illuminate\\Database\\Eloquent\\ModelNotFoundException))
#30 /Users/macbookshop/Desktop/Projects/Developments/DNA-Web/DNA-Frontend/vendor/laravel/framework/src/Illuminate/Foundation/Http/Middleware/PreventRequestForgery.php(104): Illuminate\\Pipeline\\Pipeline->{closure:{closure:Illuminate\\Pipeline\\Pipeline::carry():194}:195}(Object(Illuminate\\Http\\Request))
#31 /Users/macbookshop/Desktop/Projects/Developments/DNA-Web/DNA-Frontend/vendor/laravel/framework/src/Illuminate/Pipeline/Pipeline.php(219): Illuminate\\Foundation\\Http\\Middleware\\PreventRequestForgery->handle(Object(Illuminate\\Http\\Request), Object(Closure))
#32 /Users/macbookshop/Desktop/Projects/Developments/DNA-Web/DNA-Frontend/vendor/laravel/framework/src/Illuminate/View/Middleware/ShareErrorsFromSession.php(48): Illuminate\\Pipeline\\Pipeline->{closure:{closure:Illuminate\\Pipeline\\Pipeline::carry():194}:195}(Object(Illuminate\\Http\\Request))
#33 /Users/macbookshop/Desktop/Projects/Developments/DNA-Web/DNA-Frontend/vendor/laravel/framework/src/Illuminate/Pipeline/Pipeline.php(219): Illuminate\\View\\Middleware\\ShareErrorsFromSession->handle(Object(Illuminate\\Http\\Request), Object(Closure))
#34 /Users/macbookshop/Desktop/Projects/Developments/DNA-Web/DNA-Frontend/vendor/laravel/framework/src/Illuminate/Session/Middleware/StartSession.php(120): Illuminate\\Pipeline\\Pipeline->{closure:{closure:Illuminate\\Pipeline\\Pipeline::carry():194}:195}(Object(Illuminate\\Http\\Request))
#35 /Users/macbookshop/Desktop/Projects/Developments/DNA-Web/DNA-Frontend/vendor/laravel/framework/src/Illuminate/Session/Middleware/StartSession.php(63): Illuminate\\Session\\Middleware\\StartSession->handleStatefulRequest(Object(Illuminate\\Http\\Request), Object(Illuminate\\Session\\Store), Object(Closure))
#36 /Users/macbookshop/Desktop/Projects/Developments/DNA-Web/DNA-Frontend/vendor/laravel/framework/src/Illuminate/Pipeline/Pipeline.php(219): Illuminate\\Session\\Middleware\\StartSession->handle(Object(Illuminate\\Http\\Request), Object(Closure))
#37 /Users/macbookshop/Desktop/Projects/Developments/DNA-Web/DNA-Frontend/vendor/laravel/framework/src/Illuminate/Cookie/Middleware/AddQueuedCookiesToResponse.php(36): Illuminate\\Pipeline\\Pipeline->{closure:{closure:Illuminate\\Pipeline\\Pipeline::carry():194}:195}(Object(Illuminate\\Http\\Request))
#38 /Users/macbookshop/Desktop/Projects/Developments/DNA-Web/DNA-Frontend/vendor/laravel/framework/src/Illuminate/Pipeline/Pipeline.php(219): Illuminate\\Cookie\\Middleware\\AddQueuedCookiesToResponse->handle(Object(Illuminate\\Http\\Request), Object(Closure))
#39 /Users/macbookshop/Desktop/Projects/Developments/DNA-Web/DNA-Frontend/vendor/laravel/framework/src/Illuminate/Cookie/Middleware/EncryptCookies.php(74): Illuminate\\Pipeline\\Pipeline->{closure:{closure:Illuminate\\Pipeline\\Pipeline::carry():194}:195}(Object(Illuminate\\Http\\Request))
#40 /Users/macbookshop/Desktop/Projects/Developments/DNA-Web/DNA-Frontend/vendor/laravel/framework/src/Illuminate/Pipeline/Pipeline.php(219): Illuminate\\Cookie\\Middleware\\EncryptCookies->handle(Object(Illuminate\\Http\\Request), Object(Closure))
#41 /Users/macbookshop/Desktop/Projects/Developments/DNA-Web/DNA-Frontend/vendor/laravel/framework/src/Illuminate/Pipeline/Pipeline.php(137): Illuminate\\Pipeline\\Pipeline->{closure:{closure:Illuminate\\Pipeline\\Pipeline::carry():194}:195}(Object(Illuminate\\Http\\Request))
#42 /Users/macbookshop/Desktop/Projects/Developments/DNA-Web/DNA-Frontend/vendor/laravel/framework/src/Illuminate/Routing/Router.php(821): Illuminate\\Pipeline\\Pipeline->then(Object(Closure))
#43 /Users/macbookshop/Desktop/Projects/Developments/DNA-Web/DNA-Frontend/vendor/laravel/framework/src/Illuminate/Routing/Router.php(800): Illuminate\\Routing\\Router->runRouteWithinStack(Object(Illuminate\\Routing\\Route), Object(Illuminate\\Http\\Request))
#44 /Users/macbookshop/Desktop/Projects/Developments/DNA-Web/DNA-Frontend/vendor/laravel/framework/src/Illuminate/Routing/Router.php(764): Illuminate\\Routing\\Router->runRoute(Object(Illuminate\\Http\\Request), Object(Illuminate\\Routing\\Route))
#45 /Users/macbookshop/Desktop/Projects/Developments/DNA-Web/DNA-Frontend/vendor/laravel/framework/src/Illuminate/Routing/Router.php(753): Illuminate\\Routing\\Router->dispatchToRoute(Object(Illuminate\\Http\\Request))
#46 /Users/macbookshop/Desktop/Projects/Developments/DNA-Web/DNA-Frontend/vendor/laravel/framework/src/Illuminate/Foundation/Http/Kernel.php(200): Illuminate\\Routing\\Router->dispatch(Object(Illuminate\\Http\\Request))
#47 /Users/macbookshop/Desktop/Projects/Developments/DNA-Web/DNA-Frontend/vendor/laravel/framework/src/Illuminate/Pipeline/Pipeline.php(180): Illuminate\\Foundation\\Http\\Kernel->{closure:Illuminate\\Foundation\\Http\\Kernel::dispatchToRouter():197}(Object(Illuminate\\Http\\Request))
#48 /Users/macbookshop/Desktop/Projects/Developments/DNA-Web/DNA-Frontend/vendor/laravel/framework/src/Illuminate/Foundation/Http/Middleware/TransformsRequest.php(21): Illuminate\\Pipeline\\Pipeline->{closure:Illuminate\\Pipeline\\Pipeline::prepareDestination():178}(Object(Illuminate\\Http\\Request))
#49 /Users/macbookshop/Desktop/Projects/Developments/DNA-Web/DNA-Frontend/vendor/laravel/framework/src/Illuminate/Foundation/Http/Middleware/ConvertEmptyStringsToNull.php(31): Illuminate\\Foundation\\Http\\Middleware\\TransformsRequest->handle(Object(Illuminate\\Http\\Request), Object(Closure))
#50 /Users/macbookshop/Desktop/Projects/Developments/DNA-Web/DNA-Frontend/vendor/laravel/framework/src/Illuminate/Pipeline/Pipeline.php(219): Illuminate\\Foundation\\Http\\Middleware\\ConvertEmptyStringsToNull->handle(Object(Illuminate\\Http\\Request), Object(Closure))
#51 /Users/macbookshop/Desktop/Projects/Developments/DNA-Web/DNA-Frontend/vendor/laravel/framework/src/Illuminate/Foundation/Http/Middleware/TransformsRequest.php(21): Illuminate\\Pipeline\\Pipeline->{closure:{closure:Illuminate\\Pipeline\\Pipeline::carry():194}:195}(Object(Illuminate\\Http\\Request))
#52 /Users/macbookshop/Desktop/Projects/Developments/DNA-Web/DNA-Frontend/vendor/laravel/framework/src/Illuminate/Foundation/Http/Middleware/TrimStrings.php(51): Illuminate\\Foundation\\Http\\Middleware\\TransformsRequest->handle(Object(Illuminate\\Http\\Request), Object(Closure))
#53 /Users/macbookshop/Desktop/Projects/Developments/DNA-Web/DNA-Frontend/vendor/laravel/framework/src/Illuminate/Pipeline/Pipeline.php(219): Illuminate\\Foundation\\Http\\Middleware\\TrimStrings->handle(Object(Illuminate\\Http\\Request), Object(Closure))
#54 /Users/macbookshop/Desktop/Projects/Developments/DNA-Web/DNA-Frontend/vendor/laravel/framework/src/Illuminate/Http/Middleware/ValidatePostSize.php(27): Illuminate\\Pipeline\\Pipeline->{closure:{closure:Illuminate\\Pipeline\\Pipeline::carry():194}:195}(Object(Illuminate\\Http\\Request))
#55 /Users/macbookshop/Desktop/Projects/Developments/DNA-Web/DNA-Frontend/vendor/laravel/framework/src/Illuminate/Pipeline/Pipeline.php(219): Illuminate\\Http\\Middleware\\ValidatePostSize->handle(Object(Illuminate\\Http\\Request), Object(Closure))
#56 /Users/macbookshop/Desktop/Projects/Developments/DNA-Web/DNA-Frontend/vendor/laravel/framework/src/Illuminate/Foundation/Http/Middleware/PreventRequestsDuringMaintenance.php(109): Illuminate\\Pipeline\\Pipeline->{closure:{closure:Illuminate\\Pipeline\\Pipeline::carry():194}:195}(Object(Illuminate\\Http\\Request))
#57 /Users/macbookshop/Desktop/Projects/Developments/DNA-Web/DNA-Frontend/vendor/laravel/framework/src/Illuminate/Pipeline/Pipeline.php(219): Illuminate\\Foundation\\Http\\Middleware\\PreventRequestsDuringMaintenance->handle(Object(Illuminate\\Http\\Request), Object(Closure))
#58 /Users/macbookshop/Desktop/Projects/Developments/DNA-Web/DNA-Frontend/vendor/laravel/framework/src/Illuminate/Http/Middleware/HandleCors.php(61): Illuminate\\Pipeline\\Pipeline->{closure:{closure:Illuminate\\Pipeline\\Pipeline::carry():194}:195}(Object(Illuminate\\Http\\Request))
#59 /Users/macbookshop/Desktop/Projects/Developments/DNA-Web/DNA-Frontend/vendor/laravel/framework/src/Illuminate/Pipeline/Pipeline.php(219): Illuminate\\Http\\Middleware\\HandleCors->handle(Object(Illuminate\\Http\\Request), Object(Closure))
#60 /Users/macbookshop/Desktop/Projects/Developments/DNA-Web/DNA-Frontend/vendor/laravel/framework/src/Illuminate/Http/Middleware/TrustProxies.php(58): Illuminate\\Pipeline\\Pipeline->{closure:{closure:Illuminate\\Pipeline\\Pipeline::carry():194}:195}(Object(Illuminate\\Http\\Request))
#61 /Users/macbookshop/Desktop/Projects/Developments/DNA-Web/DNA-Frontend/vendor/laravel/framework/src/Illuminate/Pipeline/Pipeline.php(219): Illuminate\\Http\\Middleware\\TrustProxies->handle(Object(Illuminate\\Http\\Request), Object(Closure))
#62 /Users/macbookshop/Desktop/Projects/Developments/DNA-Web/DNA-Frontend/vendor/laravel/framework/src/Illuminate/Foundation/Http/Middleware/InvokeDeferredCallbacks.php(22): Illuminate\\Pipeline\\Pipeline->{closure:{closure:Illuminate\\Pipeline\\Pipeline::carry():194}:195}(Object(Illuminate\\Http\\Request))
#63 /Users/macbookshop/Desktop/Projects/Developments/DNA-Web/DNA-Frontend/vendor/laravel/framework/src/Illuminate/Pipeline/Pipeline.php(219): Illuminate\\Foundation\\Http\\Middleware\\InvokeDeferredCallbacks->handle(Object(Illuminate\\Http\\Request), Object(Closure))
#64 /Users/macbookshop/Desktop/Projects/Developments/DNA-Web/DNA-Frontend/vendor/laravel/framework/src/Illuminate/Http/Middleware/ValidatePathEncoding.php(28): Illuminate\\Pipeline\\Pipeline->{closure:{closure:Illuminate\\Pipeline\\Pipeline::carry():194}:195}(Object(Illuminate\\Http\\Request))
#65 /Users/macbookshop/Desktop/Projects/Developments/DNA-Web/DNA-Frontend/vendor/laravel/framework/src/Illuminate/Pipeline/Pipeline.php(219): Illuminate\\Http\\Middleware\\ValidatePathEncoding->handle(Object(Illuminate\\Http\\Request), Object(Closure))
#66 /Users/macbookshop/Desktop/Projects/Developments/DNA-Web/DNA-Frontend/vendor/laravel/framework/src/Illuminate/Pipeline/Pipeline.php(137): Illuminate\\Pipeline\\Pipeline->{closure:{closure:Illuminate\\Pipeline\\Pipeline::carry():194}:195}(Object(Illuminate\\Http\\Request))
#67 /Users/macbookshop/Desktop/Projects/Developments/DNA-Web/DNA-Frontend/vendor/laravel/framework/src/Illuminate/Foundation/Http/Kernel.php(175): Illuminate\\Pipeline\\Pipeline->then(Object(Closure))
#68 /Users/macbookshop/Desktop/Projects/Developments/DNA-Web/DNA-Frontend/vendor/laravel/framework/src/Illuminate/Foundation/Http/Kernel.php(144): Illuminate\\Foundation\\Http\\Kernel->sendRequestThroughRouter(Object(Illuminate\\Http\\Request))
#69 /Users/macbookshop/Desktop/Projects/Developments/DNA-Web/DNA-Frontend/vendor/laravel/framework/src/Illuminate/Foundation/Testing/Concerns/MakesHttpRequests.php(638): Illuminate\\Foundation\\Http\\Kernel->handle(Object(Illuminate\\Http\\Request))
#70 /Users/macbookshop/Desktop/Projects/Developments/DNA-Web/DNA-Frontend/vendor/laravel/framework/src/Illuminate/Foundation/Testing/Concerns/MakesHttpRequests.php(368): Illuminate\\Foundation\\Testing\\TestCase->call('GET', '/ku/result/64cc...', Array, Array, Array, Array)
#71 /Users/macbookshop/Desktop/Projects/Developments/DNA-Web/DNA-Frontend/tests/Feature/AnalysisTest.php(202): Illuminate\\Foundation\\Testing\\TestCase->get('/ku/result/64cc...')
#72 /Users/macbookshop/Desktop/Projects/Developments/DNA-Web/DNA-Frontend/vendor/phpunit/phpunit/src/Framework/TestCase.php(1318): Tests\\Feature\\AnalysisTest->test_an_expired_result_id_returns_a_translated_404()
#73 /Users/macbookshop/Desktop/Projects/Developments/DNA-Web/DNA-Frontend/vendor/phpunit/phpunit/src/Framework/TestCase.php(1355): PHPUnit\\Framework\\TestCase->invokeTestMethod('test_an_expired...', Array)
#74 /Users/macbookshop/Desktop/Projects/Developments/DNA-Web/DNA-Frontend/vendor/phpunit/phpunit/src/Framework/TestCase.php(521): PHPUnit\\Framework\\TestCase->runTest()
#75 /Users/macbookshop/Desktop/Projects/Developments/DNA-Web/DNA-Frontend/vendor/phpunit/phpunit/src/Framework/TestRunner/TestRunner.php(99): PHPUnit\\Framework\\TestCase->runBare()
#76 /Users/macbookshop/Desktop/Projects/Developments/DNA-Web/DNA-Frontend/vendor/phpunit/phpunit/src/Framework/TestCase.php(361): PHPUnit\\Framework\\TestRunner->run(Object(Tests\\Feature\\AnalysisTest))
#77 /Users/macbookshop/Desktop/Projects/Developments/DNA-Web/DNA-Frontend/vendor/phpunit/phpunit/src/Framework/TestSuite.php(374): PHPUnit\\Framework\\TestCase->run()
#78 /Users/macbookshop/Desktop/Projects/Developments/DNA-Web/DNA-Frontend/vendor/phpunit/phpunit/src/Framework/TestSuite.php(374): PHPUnit\\Framework\\TestSuite->run()
#79 /Users/macbookshop/Desktop/Projects/Developments/DNA-Web/DNA-Frontend/vendor/phpunit/phpunit/src/Framework/TestSuite.php(374): PHPUnit\\Framework\\TestSuite->run()
#80 /Users/macbookshop/Desktop/Projects/Developments/DNA-Web/DNA-Frontend/vendor/phpunit/phpunit/src/TextUI/TestRunner.php(64): PHPUnit\\Framework\\TestSuite->run()
#81 /Users/macbookshop/Desktop/Projects/Developments/DNA-Web/DNA-Frontend/vendor/phpunit/phpunit/src/TextUI/Application.php(229): PHPUnit\\TextUI\\TestRunner->run(Object(PHPUnit\\TextUI\\Configuration\\Configuration), Object(PHPUnit\\Runner\\ResultCache\\DefaultResultCache), Object(PHPUnit\\Framework\\TestSuite))
#82 /Users/macbookshop/Desktop/Projects/Developments/DNA-Web/DNA-Frontend/vendor/phpunit/phpunit/phpunit(104): PHPUnit\\TextUI\\Application->run(Array)
#83 {main}
"} 
[2026-08-11 18:30:22] testing.ERROR: Compiler backend unreachable {"request_id":"60e965f7-b656-4ef5-87ea-93c82c4d1039","message":"down"} 
[2026-08-11 18:30:22] testing.ERROR: Missing required parameter for [Route: analysis.index] [URI: {locale}] [Missing parameter: locale]. (View: /Users/macbookshop/Desktop/Projects/Developments/DNA-Web/DNA-Frontend/resources/views/layouts/app.blade.php) (View: /Users/macbookshop/Desktop/Projects/Developments/DNA-Web/DNA-Frontend/resources/views/layouts/app.blade.php) {"exception":"[object] (Illuminate\\View\\ViewException(code: 0): Missing required parameter for [Route: analysis.index] [URI: {locale}] [Missing parameter: locale]. (View: /Users/macbookshop/Desktop/Projects/Developments/DNA-Web/DNA-Frontend/resources/views/layouts/app.blade.php) (View: /Users/macbookshop/Desktop/Projects/Developments/DNA-Web/DNA-Frontend/resources/views/layouts/app.blade.php) at /Users/macbookshop/Desktop/Projects/Developments/DNA-Web/DNA-Frontend/vendor/laravel/framework/src/Illuminate/Routing/Exceptions/UrlGenerationException.php:35)
[stacktrace]
#0 /Users/macbookshop/Desktop/Projects/Developments/DNA-Web/DNA-Frontend/vendor/laravel/framework/src/Illuminate/View/Engines/PhpEngine.php(59): Illuminate\\View\\Engines\\CompilerEngine->handleViewException(Object(Illuminate\\View\\ViewException), 1)
#1 /Users/macbookshop/Desktop/Projects/Developments/DNA-Web/DNA-Frontend/vendor/laravel/framework/src/Illuminate/View/Engines/CompilerEngine.php(76): Illuminate\\View\\Engines\\PhpEngine->evaluatePath('/Users/macbooks...', Array)
#2 /Users/macbookshop/Desktop/Projects/Developments/DNA-Web/DNA-Frontend/vendor/laravel/framework/src/Illuminate/View/View.php(208): Illuminate\\View\\Engines\\CompilerEngine->get('/Users/macbooks...', Array)
#3 /Users/macbookshop/Desktop/Projects/Developments/DNA-Web/DNA-Frontend/vendor/laravel/framework/src/Illuminate/View/View.php(191): Illuminate\\View\\View->getContents()
#4 /Users/macbookshop/Desktop/Projects/Developments/DNA-Web/DNA-Frontend/vendor/laravel/framework/src/Illuminate/View/View.php(160): Illuminate\\View\\View->renderContents()
#5 /Users/macbookshop/Desktop/Projects/Developments/DNA-Web/DNA-Frontend/vendor/laravel/framework/src/Illuminate/Http/Response.php(82): Illuminate\\View\\View->render()
#6 /Users/macbookshop/Desktop/Projects/Developments/DNA-Web/DNA-Frontend/vendor/laravel/framework/src/Illuminate/Http/Response.php(40): Illuminate\\Http\\Response->setContent(Object(Illuminate\\View\\View))
#7 /Users/macbookshop/Desktop/Projects/Developments/DNA-Web/DNA-Frontend/vendor/laravel/framework/src/Illuminate/Routing/ResponseFactory.php(61): Illuminate\\Http\\Response->__construct(Object(Illuminate\\View\\View), 404, Array)
#8 /Users/macbookshop/Desktop/Projects/Developments/DNA-Web/DNA-Frontend/vendor/laravel/framework/src/Illuminate/Routing/ResponseFactory.php(91): Illuminate\\Routing\\ResponseFactory->make(Object(Illuminate\\View\\View), 404, Array)
#9 /Users/macbookshop/Desktop/Projects/Developments/DNA-Web/DNA-Frontend/vendor/laravel/framework/src/Illuminate/Foundation/Exceptions/Handler.php(1031): Illuminate\\Routing\\ResponseFactory->view('errors::404', Array, 404, Array)
#10 /Users/macbookshop/Desktop/Projects/Developments/DNA-Web/DNA-Frontend/vendor/laravel/framework/src/Illuminate/Foundation/Exceptions/Handler.php(950): Illuminate\\Foundation\\Exceptions\\Handler->renderHttpException(Object(Symfony\\Component\\HttpKernel\\Exception\\NotFoundHttpException))
#11 /Users/macbookshop/Desktop/Projects/Developments/DNA-Web/DNA-Frontend/vendor/laravel/framework/src/Illuminate/Foundation/Exceptions/Handler.php(833): Illuminate\\Foundation\\Exceptions\\Handler->prepareResponse(Object(Illuminate\\Http\\Request), Object(Symfony\\Component\\HttpKernel\\Exception\\NotFoundHttpException))
#12 /Users/macbookshop/Desktop/Projects/Developments/DNA-Web/DNA-Frontend/vendor/laravel/framework/src/Illuminate/Foundation/Exceptions/Handler.php(720): Illuminate\\Foundation\\Exceptions\\Handler->renderExceptionResponse(Object(Illuminate\\Http\\Request), Object(Symfony\\Component\\HttpKernel\\Exception\\NotFoundHttpException))
#13 /Users/macbookshop/Desktop/Projects/Developments/DNA-Web/DNA-Frontend/vendor/laravel/framework/src/Illuminate/Routing/Pipeline.php(51): Illuminate\\Foundation\\Exceptions\\Handler->render(Object(Illuminate\\Http\\Request), Object(Symfony\\Component\\HttpKernel\\Exception\\NotFoundHttpException))
#14 /Users/macbookshop/Desktop/Projects/Developments/DNA-Web/DNA-Frontend/vendor/laravel/framework/src/Illuminate/Pipeline/Pipeline.php(182): Illuminate\\Routing\\Pipeline->handleException(Object(Illuminate\\Http\\Request), Object(Symfony\\Component\\HttpKernel\\Exception\\NotFoundHttpException))
#15 /Users/macbookshop/Desktop/Projects/Developments/DNA-Web/DNA-Frontend/vendor/laravel/framework/src/Illuminate/Foundation/Http/Middleware/TransformsRequest.php(21): Illuminate\\Pipeline\\Pipeline->{closure:Illuminate\\Pipeline\\Pipeline::prepareDestination():178}(Object(Illuminate\\Http\\Request))
#16 /Users/macbookshop/Desktop/Projects/Developments/DNA-Web/DNA-Frontend/vendor/laravel/framework/src/Illuminate/Foundation/Http/Middleware/ConvertEmptyStringsToNull.php(31): Illuminate\\Foundation\\Http\\Middleware\\TransformsRequest->handle(Object(Illuminate\\Http\\Request), Object(Closure))
#17 /Users/macbookshop/Desktop/Projects/Developments/DNA-Web/DNA-Frontend/vendor/laravel/framework/src/Illuminate/Pipeline/Pipeline.php(219): Illuminate\\Foundation\\Http\\Middleware\\ConvertEmptyStringsToNull->handle(Object(Illuminate\\Http\\Request), Object(Closure))
#18 /Users/macbookshop/Desktop/Projects/Developments/DNA-Web/DNA-Frontend/vendor/laravel/framework/src/Illuminate/Foundation/Http/Middleware/TransformsRequest.php(21): Illuminate\\Pipeline\\Pipeline->{closure:{closure:Illuminate\\Pipeline\\Pipeline::carry():194}:195}(Object(Illuminate\\Http\\Request))
#19 /Users/macbookshop/Desktop/Projects/Developments/DNA-Web/DNA-Frontend/vendor/laravel/framework/src/Illuminate/Foundation/Http/Middleware/TrimStrings.php(51): Illuminate\\Foundation\\Http\\Middleware\\TransformsRequest->handle(Object(Illuminate\\Http\\Request), Object(Closure))
#20 /Users/macbookshop/Desktop/Projects/Developments/DNA-Web/DNA-Frontend/vendor/laravel/framework/src/Illuminate/Pipeline/Pipeline.php(219): Illuminate\\Foundation\\Http\\Middleware\\TrimStrings->handle(Object(Illuminate\\Http\\Request), Object(Closure))
#21 /Users/macbookshop/Desktop/Projects/Developments/DNA-Web/DNA-Frontend/vendor/laravel/framework/src/Illuminate/Http/Middleware/ValidatePostSize.php(27): Illuminate\\Pipeline\\Pipeline->{closure:{closure:Illuminate\\Pipeline\\Pipeline::carry():194}:195}(Object(Illuminate\\Http\\Request))
#22 /Users/macbookshop/Desktop/Projects/Developments/DNA-Web/DNA-Frontend/vendor/laravel/framework/src/Illuminate/Pipeline/Pipeline.php(219): Illuminate\\Http\\Middleware\\ValidatePostSize->handle(Object(Illuminate\\Http\\Request), Object(Closure))
#23 /Users/macbookshop/Desktop/Projects/Developments/DNA-Web/DNA-Frontend/vendor/laravel/framework/src/Illuminate/Foundation/Http/Middleware/PreventRequestsDuringMaintenance.php(109): Illuminate\\Pipeline\\Pipeline->{closure:{closure:Illuminate\\Pipeline\\Pipeline::carry():194}:195}(Object(Illuminate\\Http\\Request))
#24 /Users/macbookshop/Desktop/Projects/Developments/DNA-Web/DNA-Frontend/vendor/laravel/framework/src/Illuminate/Pipeline/Pipeline.php(219): Illuminate\\Foundation\\Http\\Middleware\\PreventRequestsDuringMaintenance->handle(Object(Illuminate\\Http\\Request), Object(Closure))
#25 /Users/macbookshop/Desktop/Projects/Developments/DNA-Web/DNA-Frontend/vendor/laravel/framework/src/Illuminate/Http/Middleware/HandleCors.php(61): Illuminate\\Pipeline\\Pipeline->{closure:{closure:Illuminate\\Pipeline\\Pipeline::carry():194}:195}(Object(Illuminate\\Http\\Request))
#26 /Users/macbookshop/Desktop/Projects/Developments/DNA-Web/DNA-Frontend/vendor/laravel/framework/src/Illuminate/Pipeline/Pipeline.php(219): Illuminate\\Http\\Middleware\\HandleCors->handle(Object(Illuminate\\Http\\Request), Object(Closure))
#27 /Users/macbookshop/Desktop/Projects/Developments/DNA-Web/DNA-Frontend/vendor/laravel/framework/src/Illuminate/Http/Middleware/TrustProxies.php(58): Illuminate\\Pipeline\\Pipeline->{closure:{closure:Illuminate\\Pipeline\\Pipeline::carry():194}:195}(Object(Illuminate\\Http\\Request))
#28 /Users/macbookshop/Desktop/Projects/Developments/DNA-Web/DNA-Frontend/vendor/laravel/framework/src/Illuminate/Pipeline/Pipeline.php(219): Illuminate\\Http\\Middleware\\TrustProxies->handle(Object(Illuminate\\Http\\Request), Object(Closure))
#29 /Users/macbookshop/Desktop/Projects/Developments/DNA-Web/DNA-Frontend/vendor/laravel/framework/src/Illuminate/Foundation/Http/Middleware/InvokeDeferredCallbacks.php(22): Illuminate\\Pipeline\\Pipeline->{closure:{closure:Illuminate\\Pipeline\\Pipeline::carry():194}:195}(Object(Illuminate\\Http\\Request))
#30 /Users/macbookshop/Desktop/Projects/Developments/DNA-Web/DNA-Frontend/vendor/laravel/framework/src/Illuminate/Pipeline/Pipeline.php(219): Illuminate\\Foundation\\Http\\Middleware\\InvokeDeferredCallbacks->handle(Object(Illuminate\\Http\\Request), Object(Closure))
#31 /Users/macbookshop/Desktop/Projects/Developments/DNA-Web/DNA-Frontend/vendor/laravel/framework/src/Illuminate/Http/Middleware/ValidatePathEncoding.php(28): Illuminate\\Pipeline\\Pipeline->{closure:{closure:Illuminate\\Pipeline\\Pipeline::carry():194}:195}(Object(Illuminate\\Http\\Request))
#32 /Users/macbookshop/Desktop/Projects/Developments/DNA-Web/DNA-Frontend/vendor/laravel/framework/src/Illuminate/Pipeline/Pipeline.php(219): Illuminate\\Http\\Middleware\\ValidatePathEncoding->handle(Object(Illuminate\\Http\\Request), Object(Closure))
#33 /Users/macbookshop/Desktop/Projects/Developments/DNA-Web/DNA-Frontend/vendor/laravel/framework/src/Illuminate/Pipeline/Pipeline.php(137): Illuminate\\Pipeline\\Pipeline->{closure:{closure:Illuminate\\Pipeline\\Pipeline::carry():194}:195}(Object(Illuminate\\Http\\Request))
#34 /Users/macbookshop/Desktop/Projects/Developments/DNA-Web/DNA-Frontend/vendor/laravel/framework/src/Illuminate/Foundation/Http/Kernel.php(175): Illuminate\\Pipeline\\Pipeline->then(Object(Closure))
#35 /Users/macbookshop/Desktop/Projects/Developments/DNA-Web/DNA-Frontend/vendor/laravel/framework/src/Illuminate/Foundation/Http/Kernel.php(144): Illuminate\\Foundation\\Http\\Kernel->sendRequestThroughRouter(Object(Illuminate\\Http\\Request))
#36 /Users/macbookshop/Desktop/Projects/Developments/DNA-Web/DNA-Frontend/vendor/laravel/framework/src/Illuminate/Foundation/Testing/Concerns/MakesHttpRequests.php(638): Illuminate\\Foundation\\Http\\Kernel->handle(Object(Illuminate\\Http\\Request))
#37 /Users/macbookshop/Desktop/Projects/Developments/DNA-Web/DNA-Frontend/vendor/laravel/framework/src/Illuminate/Foundation/Testing/Concerns/MakesHttpRequests.php(368): Illuminate\\Foundation\\Testing\\TestCase->call('GET', '/fr', Array, Array, Array, Array)
#38 /Users/macbookshop/Desktop/Projects/Developments/DNA-Web/DNA-Frontend/tests/Feature/LocaleTest.php(28): Illuminate\\Foundation\\Testing\\TestCase->get('/fr')
#39 /Users/macbookshop/Desktop/Projects/Developments/DNA-Web/DNA-Frontend/vendor/phpunit/phpunit/src/Framework/TestCase.php(1318): Tests\\Feature\\LocaleTest->test_unknown_language_segment_falls_back_instead_of_404()
#40 /Users/macbookshop/Desktop/Projects/Developments/DNA-Web/DNA-Frontend/vendor/phpunit/phpunit/src/Framework/TestCase.php(1355): PHPUnit\\Framework\\TestCase->invokeTestMethod('test_unknown_la...', Array)
#41 /Users/macbookshop/Desktop/Projects/Developments/DNA-Web/DNA-Frontend/vendor/phpunit/phpunit/src/Framework/TestCase.php(521): PHPUnit\\Framework\\TestCase->runTest()
#42 /Users/macbookshop/Desktop/Projects/Developments/DNA-Web/DNA-Frontend/vendor/phpunit/phpunit/src/Framework/TestRunner/TestRunner.php(99): PHPUnit\\Framework\\TestCase->runBare()
#43 /Users/macbookshop/Desktop/Projects/Developments/DNA-Web/DNA-Frontend/vendor/phpunit/phpunit/src/Framework/TestCase.php(361): PHPUnit\\Framework\\TestRunner->run(Object(Tests\\Feature\\LocaleTest))
#44 /Users/macbookshop/Desktop/Projects/Developments/DNA-Web/DNA-Frontend/vendor/phpunit/phpunit/src/Framework/TestSuite.php(374): PHPUnit\\Framework\\TestCase->run()
#45 /Users/macbookshop/Desktop/Projects/Developments/DNA-Web/DNA-Frontend/vendor/phpunit/phpunit/src/Framework/TestSuite.php(374): PHPUnit\\Framework\\TestSuite->run()
#46 /Users/macbookshop/Desktop/Projects/Developments/DNA-Web/DNA-Frontend/vendor/phpunit/phpunit/src/Framework/TestSuite.php(374): PHPUnit\\Framework\\TestSuite->run()
#47 /Users/macbookshop/Desktop/Projects/Developments/DNA-Web/DNA-Frontend/vendor/phpunit/phpunit/src/TextUI/TestRunner.php(64): PHPUnit\\Framework\\TestSuite->run()
#48 /Users/macbookshop/Desktop/Projects/Developments/DNA-Web/DNA-Frontend/vendor/phpunit/phpunit/src/TextUI/Application.php(229): PHPUnit\\TextUI\\TestRunner->run(Object(PHPUnit\\TextUI\\Configuration\\Configuration), Object(PHPUnit\\Runner\\ResultCache\\DefaultResultCache), Object(PHPUnit\\Framework\\TestSuite))
#49 /Users/macbookshop/Desktop/Projects/Developments/DNA-Web/DNA-Frontend/vendor/phpunit/phpunit/phpunit(104): PHPUnit\\TextUI\\Application->run(Array)
#50 {main}

[previous exception] [object] (Illuminate\\View\\ViewException(code: 0): Missing required parameter for [Route: analysis.index] [URI: {locale}] [Missing parameter: locale]. (View: /Users/macbookshop/Desktop/Projects/Developments/DNA-Web/DNA-Frontend/resources/views/layouts/app.blade.php) at /Users/macbookshop/Desktop/Projects/Developments/DNA-Web/DNA-Frontend/vendor/laravel/framework/src/Illuminate/Routing/Exceptions/UrlGenerationException.php:35)
[stacktrace]
#0 /Users/macbookshop/Desktop/Projects/Developments/DNA-Web/DNA-Frontend/vendor/laravel/framework/src/Illuminate/View/Engines/PhpEngine.php(59): Illuminate\\View\\Engines\\CompilerEngine->handleViewException(Object(Illuminate\\Routing\\Exceptions\\UrlGenerationException), 2)
#1 /Users/macbookshop/Desktop/Projects/Developments/DNA-Web/DNA-Frontend/vendor/laravel/framework/src/Illuminate/View/Engines/CompilerEngine.php(76): Illuminate\\View\\Engines\\PhpEngine->evaluatePath('/Users/macbooks...', Array)
#2 /Users/macbookshop/Desktop/Projects/Developments/DNA-Web/DNA-Frontend/vendor/laravel/framework/src/Illuminate/View/View.php(208): Illuminate\\View\\Engines\\CompilerEngine->get('/Users/macbooks...', Array)
#3 /Users/macbookshop/Desktop/Projects/Developments/DNA-Web/DNA-Frontend/vendor/laravel/framework/src/Illuminate/View/View.php(191): Illuminate\\View\\View->getContents()
#4 /Users/macbookshop/Desktop/Projects/Developments/DNA-Web/DNA-Frontend/vendor/laravel/framework/src/Illuminate/View/View.php(160): Illuminate\\View\\View->renderContents()
#5 /Users/macbookshop/Desktop/Projects/Developments/DNA-Web/DNA-Frontend/storage/framework/views/f058fb6fd3ae58a3027bb36a27ff1ec0.php(15): Illuminate\\View\\View->render()
#6 /Users/macbookshop/Desktop/Projects/Developments/DNA-Web/DNA-Frontend/vendor/laravel/framework/src/Illuminate/Filesystem/Filesystem.php(123): require('/Users/macbooks...')
#7 /Users/macbookshop/Desktop/Projects/Developments/DNA-Web/DNA-Frontend/vendor/laravel/framework/src/Illuminate/Filesystem/Filesystem.php(124): Illuminate\\Filesystem\\Filesystem::{closure:Illuminate\\Filesystem\\Filesystem::getRequire():120}()
#8 /Users/macbookshop/Desktop/Projects/Developments/DNA-Web/DNA-Frontend/vendor/laravel/framework/src/Illuminate/View/Engines/PhpEngine.php(57): Illuminate\\Filesystem\\Filesystem->getRequire('/Users/macbooks...', Array)
#9 /Users/macbookshop/Desktop/Projects/Developments/DNA-Web/DNA-Frontend/vendor/laravel/framework/src/Illuminate/View/Engines/CompilerEngine.php(76): Illuminate\\View\\Engines\\PhpEngine->evaluatePath('/Users/macbooks...', Array)
#10 /Users/macbookshop/Desktop/Projects/Developments/DNA-Web/DNA-Frontend/vendor/laravel/framework/src/Illuminate/View/View.php(208): Illuminate\\View\\Engines\\CompilerEngine->get('/Users/macbooks...', Array)
#11 /Users/macbookshop/Desktop/Projects/Developments/DNA-Web/DNA-Frontend/vendor/laravel/framework/src/Illuminate/View/View.php(191): Illuminate\\View\\View->getContents()
#12 /Users/macbookshop/Desktop/Projects/Developments/DNA-Web/DNA-Frontend/vendor/laravel/framework/src/Illuminate/View/View.php(160): Illuminate\\View\\View->renderContents()
#13 /Users/macbookshop/Desktop/Projects/Developments/DNA-Web/DNA-Frontend/vendor/laravel/framework/src/Illuminate/Http/Response.php(82): Illuminate\\View\\View->render()
#14 /Users/macbookshop/Desktop/Projects/Developments/DNA-Web/DNA-Frontend/vendor/laravel/framework/src/Illuminate/Http/Response.php(40): Illuminate\\Http\\Response->setContent(Object(Illuminate\\View\\View))
#15 /Users/macbookshop/Desktop/Projects/Developments/DNA-Web/DNA-Frontend/vendor/laravel/framework/src/Illuminate/Routing/ResponseFactory.php(61): Illuminate\\Http\\Response->__construct(Object(Illuminate\\View\\View), 404, Array)
#16 /Users/macbookshop/Desktop/Projects/Developments/DNA-Web/DNA-Frontend/vendor/laravel/framework/src/Illuminate/Routing/ResponseFactory.php(91): Illuminate\\Routing\\ResponseFactory->make(Object(Illuminate\\View\\View), 404, Array)
#17 /Users/macbookshop/Desktop/Projects/Developments/DNA-Web/DNA-Frontend/vendor/laravel/framework/src/Illuminate/Foundation/Exceptions/Handler.php(1031): Illuminate\\Routing\\ResponseFactory->view('errors::404', Array, 404, Array)
#18 /Users/macbookshop/Desktop/Projects/Developments/DNA-Web/DNA-Frontend/vendor/laravel/framework/src/Illuminate/Foundation/Exceptions/Handler.php(950): Illuminate\\Foundation\\Exceptions\\Handler->renderHttpException(Object(Symfony\\Component\\HttpKernel\\Exception\\NotFoundHttpException))
#19 /Users/macbookshop/Desktop/Projects/Developments/DNA-Web/DNA-Frontend/vendor/laravel/framework/src/Illuminate/Foundation/Exceptions/Handler.php(833): Illuminate\\Foundation\\Exceptions\\Handler->prepareResponse(Object(Illuminate\\Http\\Request), Object(Symfony\\Component\\HttpKernel\\Exception\\NotFoundHttpException))
#20 /Users/macbookshop/Desktop/Projects/Developments/DNA-Web/DNA-Frontend/vendor/laravel/framework/src/Illuminate/Foundation/Exceptions/Handler.php(720): Illuminate\\Foundation\\Exceptions\\Handler->renderExceptionResponse(Object(Illuminate\\Http\\Request), Object(Symfony\\Component\\HttpKernel\\Exception\\NotFoundHttpException))
#21 /Users/macbookshop/Desktop/Projects/Developments/DNA-Web/DNA-Frontend/vendor/laravel/framework/src/Illuminate/Routing/Pipeline.php(51): Illuminate\\Foundation\\Exceptions\\Handler->render(Object(Illuminate\\Http\\Request), Object(Symfony\\Component\\HttpKernel\\Exception\\NotFoundHttpException))
#22 /Users/macbookshop/Desktop/Projects/Developments/DNA-Web/DNA-Frontend/vendor/laravel/framework/src/Illuminate/Pipeline/Pipeline.php(182): Illuminate\\Routing\\Pipeline->handleException(Object(Illuminate\\Http\\Request), Object(Symfony\\Component\\HttpKernel\\Exception\\NotFoundHttpException))
#23 /Users/macbookshop/Desktop/Projects/Developments/DNA-Web/DNA-Frontend/vendor/laravel/framework/src/Illuminate/Foundation/Http/Middleware/TransformsRequest.php(21): Illuminate\\Pipeline\\Pipeline->{closure:Illuminate\\Pipeline\\Pipeline::prepareDestination():178}(Object(Illuminate\\Http\\Request))
#24 /Users/macbookshop/Desktop/Projects/Developments/DNA-Web/DNA-Frontend/vendor/laravel/framework/src/Illuminate/Foundation/Http/Middleware/ConvertEmptyStringsToNull.php(31): Illuminate\\Foundation\\Http\\Middleware\\TransformsRequest->handle(Object(Illuminate\\Http\\Request), Object(Closure))
#25 /Users/macbookshop/Desktop/Projects/Developments/DNA-Web/DNA-Frontend/vendor/laravel/framework/src/Illuminate/Pipeline/Pipeline.php(219): Illuminate\\Foundation\\Http\\Middleware\\ConvertEmptyStringsToNull->handle(Object(Illuminate\\Http\\Request), Object(Closure))
#26 /Users/macbookshop/Desktop/Projects/Developments/DNA-Web/DNA-Frontend/vendor/laravel/framework/src/Illuminate/Foundation/Http/Middleware/TransformsRequest.php(21): Illuminate\\Pipeline\\Pipeline->{closure:{closure:Illuminate\\Pipeline\\Pipeline::carry():194}:195}(Object(Illuminate\\Http\\Request))
#27 /Users/macbookshop/Desktop/Projects/Developments/DNA-Web/DNA-Frontend/vendor/laravel/framework/src/Illuminate/Foundation/Http/Middleware/TrimStrings.php(51): Illuminate\\Foundation\\Http\\Middleware\\TransformsRequest->handle(Object(Illuminate\\Http\\Request), Object(Closure))
#28 /Users/macbookshop/Desktop/Projects/Developments/DNA-Web/DNA-Frontend/vendor/laravel/framework/src/Illuminate/Pipeline/Pipeline.php(219): Illuminate\\Foundation\\Http\\Middleware\\TrimStrings->handle(Object(Illuminate\\Http\\Request), Object(Closure))
#29 /Users/macbookshop/Desktop/Projects/Developments/DNA-Web/DNA-Frontend/vendor/laravel/framework/src/Illuminate/Http/Middleware/ValidatePostSize.php(27): Illuminate\\Pipeline\\Pipeline->{closure:{closure:Illuminate\\Pipeline\\Pipeline::carry():194}:195}(Object(Illuminate\\Http\\Request))
#30 /Users/macbookshop/Desktop/Projects/Developments/DNA-Web/DNA-Frontend/vendor/laravel/framework/src/Illuminate/Pipeline/Pipeline.php(219): Illuminate\\Http\\Middleware\\ValidatePostSize->handle(Object(Illuminate\\Http\\Request), Object(Closure))
#31 /Users/macbookshop/Desktop/Projects/Developments/DNA-Web/DNA-Frontend/vendor/laravel/framework/src/Illuminate/Foundation/Http/Middleware/PreventRequestsDuringMaintenance.php(109): Illuminate\\Pipeline\\Pipeline->{closure:{closure:Illuminate\\Pipeline\\Pipeline::carry():194}:195}(Object(Illuminate\\Http\\Request))
#32 /Users/macbookshop/Desktop/Projects/Developments/DNA-Web/DNA-Frontend/vendor/laravel/framework/src/Illuminate/Pipeline/Pipeline.php(219): Illuminate\\Foundation\\Http\\Middleware\\PreventRequestsDuringMaintenance->handle(Object(Illuminate\\Http\\Request), Object(Closure))
#33 /Users/macbookshop/Desktop/Projects/Developments/DNA-Web/DNA-Frontend/vendor/laravel/framework/src/Illuminate/Http/Middleware/HandleCors.php(61): Illuminate\\Pipeline\\Pipeline->{closure:{closure:Illuminate\\Pipeline\\Pipeline::carry():194}:195}(Object(Illuminate\\Http\\Request))
#34 /Users/macbookshop/Desktop/Projects/Developments/DNA-Web/DNA-Frontend/vendor/laravel/framework/src/Illuminate/Pipeline/Pipeline.php(219): Illuminate\\Http\\Middleware\\HandleCors->handle(Object(Illuminate\\Http\\Request), Object(Closure))
#35 /Users/macbookshop/Desktop/Projects/Developments/DNA-Web/DNA-Frontend/vendor/laravel/framework/src/Illuminate/Http/Middleware/TrustProxies.php(58): Illuminate\\Pipeline\\Pipeline->{closure:{closure:Illuminate\\Pipeline\\Pipeline::carry():194}:195}(Object(Illuminate\\Http\\Request))
#36 /Users/macbookshop/Desktop/Projects/Developments/DNA-Web/DNA-Frontend/vendor/laravel/framework/src/Illuminate/Pipeline/Pipeline.php(219): Illuminate\\Http\\Middleware\\TrustProxies->handle(Object(Illuminate\\Http\\Request), Object(Closure))
#37 /Users/macbookshop/Desktop/Projects/Developments/DNA-Web/DNA-Frontend/vendor/laravel/framework/src/Illuminate/Foundation/Http/Middleware/InvokeDeferredCallbacks.php(22): Illuminate\\Pipeline\\Pipeline->{closure:{closure:Illuminate\\Pipeline\\Pipeline::carry():194}:195}(Object(Illuminate\\Http\\Request))
#38 /Users/macbookshop/Desktop/Projects/Developments/DNA-Web/DNA-Frontend/vendor/laravel/framework/src/Illuminate/Pipeline/Pipeline.php(219): Illuminate\\Foundation\\Http\\Middleware\\InvokeDeferredCallbacks->handle(Object(Illuminate\\Http\\Request), Object(Closure))
#39 /Users/macbookshop/Desktop/Projects/Developments/DNA-Web/DNA-Frontend/vendor/laravel/framework/src/Illuminate/Http/Middleware/ValidatePathEncoding.php(28): Illuminate\\Pipeline\\Pipeline->{closure:{closure:Illuminate\\Pipeline\\Pipeline::carry():194}:195}(Object(Illuminate\\Http\\Request))
#40 /Users/macbookshop/Desktop/Projects/Developments/DNA-Web/DNA-Frontend/vendor/laravel/framework/src/Illuminate/Pipeline/Pipeline.php(219): Illuminate\\Http\\Middleware\\ValidatePathEncoding->handle(Object(Illuminate\\Http\\Request), Object(Closure))
#41 /Users/macbookshop/Desktop/Projects/Developments/DNA-Web/DNA-Frontend/vendor/laravel/framework/src/Illuminate/Pipeline/Pipeline.php(137): Illuminate\\Pipeline\\Pipeline->{closure:{closure:Illuminate\\Pipeline\\Pipeline::carry():194}:195}(Object(Illuminate\\Http\\Request))
#42 /Users/macbookshop/Desktop/Projects/Developments/DNA-Web/DNA-Frontend/vendor/laravel/framework/src/Illuminate/Foundation/Http/Kernel.php(175): Illuminate\\Pipeline\\Pipeline->then(Object(Closure))
#43 /Users/macbookshop/Desktop/Projects/Developments/DNA-Web/DNA-Frontend/vendor/laravel/framework/src/Illuminate/Foundation/Http/Kernel.php(144): Illuminate\\Foundation\\Http\\Kernel->sendRequestThroughRouter(Object(Illuminate\\Http\\Request))
#44 /Users/macbookshop/Desktop/Projects/Developments/DNA-Web/DNA-Frontend/vendor/laravel/framework/src/Illuminate/Foundation/Testing/Concerns/MakesHttpRequests.php(638): Illuminate\\Foundation\\Http\\Kernel->handle(Object(Illuminate\\Http\\Request))
#45 /Users/macbookshop/Desktop/Projects/Developments/DNA-Web/DNA-Frontend/vendor/laravel/framework/src/Illuminate/Foundation/Testing/Concerns/MakesHttpRequests.php(368): Illuminate\\Foundation\\Testing\\TestCase->call('GET', '/fr', Array, Array, Array, Array)
#46 /Users/macbookshop/Desktop/Projects/Developments/DNA-Web/DNA-Frontend/tests/Feature/LocaleTest.php(28): Illuminate\\Foundation\\Testing\\TestCase->get('/fr')
#47 /Users/macbookshop/Desktop/Projects/Developments/DNA-Web/DNA-Frontend/vendor/phpunit/phpunit/src/Framework/TestCase.php(1318): Tests\\Feature\\LocaleTest->test_unknown_language_segment_falls_back_instead_of_404()
#48 /Users/macbookshop/Desktop/Projects/Developments/DNA-Web/DNA-Frontend/vendor/phpunit/phpunit/src/Framework/TestCase.php(1355): PHPUnit\\Framework\\TestCase->invokeTestMethod('test_unknown_la...', Array)
#49 /Users/macbookshop/Desktop/Projects/Developments/DNA-Web/DNA-Frontend/vendor/phpunit/phpunit/src/Framework/TestCase.php(521): PHPUnit\\Framework\\TestCase->runTest()
#50 /Users/macbookshop/Desktop/Projects/Developments/DNA-Web/DNA-Frontend/vendor/phpunit/phpunit/src/Framework/TestRunner/TestRunner.php(99): PHPUnit\\Framework\\TestCase->runBare()
#51 /Users/macbookshop/Desktop/Projects/Developments/DNA-Web/DNA-Frontend/vendor/phpunit/phpunit/src/Framework/TestCase.php(361): PHPUnit\\Framework\\TestRunner->run(Object(Tests\\Feature\\LocaleTest))
#52 /Users/macbookshop/Desktop/Projects/Developments/DNA-Web/DNA-Frontend/vendor/phpunit/phpunit/src/Framework/TestSuite.php(374): PHPUnit\\Framework\\TestCase->run()
#53 /Users/macbookshop/Desktop/Projects/Developments/DNA-Web/DNA-Frontend/vendor/phpunit/phpunit/src/Framework/TestSuite.php(374): PHPUnit\\Framework\\TestSuite->run()
#54 /Users/macbookshop/Desktop/Projects/Developments/DNA-Web/DNA-Frontend/vendor/phpunit/phpunit/src/Framework/TestSuite.php(374): PHPUnit\\Framework\\TestSuite->run()
#55 /Users/macbookshop/Desktop/Projects/Developments/DNA-Web/DNA-Frontend/vendor/phpunit/phpunit/src/TextUI/TestRunner.php(64): PHPUnit\\Framework\\TestSuite->run()
#56 /Users/macbookshop/Desktop/Projects/Developments/DNA-Web/DNA-Frontend/vendor/phpunit/phpunit/src/TextUI/Application.php(229): PHPUnit\\TextUI\\TestRunner->run(Object(PHPUnit\\TextUI\\Configuration\\Configuration), Object(PHPUnit\\Runner\\ResultCache\\DefaultResultCache), Object(PHPUnit\\Framework\\TestSuite))
#57 /Users/macbookshop/Desktop/Projects/Developments/DNA-Web/DNA-Frontend/vendor/phpunit/phpunit/phpunit(104): PHPUnit\\TextUI\\Application->run(Array)
#58 {main}

[previous exception] [object] (Illuminate\\Routing\\Exceptions\\UrlGenerationException(code: 0): Missing required parameter for [Route: analysis.index] [URI: {locale}] [Missing parameter: locale]. at /Users/macbookshop/Desktop/Projects/Developments/DNA-Web/DNA-Frontend/vendor/laravel/framework/src/Illuminate/Routing/Exceptions/UrlGenerationException.php:35)
[stacktrace]
#0 /Users/macbookshop/Desktop/Projects/Developments/DNA-Web/DNA-Frontend/vendor/laravel/framework/src/Illuminate/Routing/RouteUrlGenerator.php(95): Illuminate\\Routing\\Exceptions\\UrlGenerationException::forMissingParameters(Object(Illuminate\\Routing\\Route), Array)
#1 /Users/macbookshop/Desktop/Projects/Developments/DNA-Web/DNA-Frontend/vendor/laravel/framework/src/Illuminate/Routing/UrlGenerator.php(557): Illuminate\\Routing\\RouteUrlGenerator->to(Object(Illuminate\\Routing\\Route), Array, true)
#2 /Users/macbookshop/Desktop/Projects/Developments/DNA-Web/DNA-Frontend/vendor/laravel/framework/src/Illuminate/Routing/UrlGenerator.php(534): Illuminate\\Routing\\UrlGenerator->toRoute(Object(Illuminate\\Routing\\Route), Array, true)
#3 /Users/macbookshop/Desktop/Projects/Developments/DNA-Web/DNA-Frontend/vendor/laravel/framework/src/Illuminate/Foundation/helpers.php(870): Illuminate\\Routing\\UrlGenerator->route('analysis.index', Array, true)
#4 /Users/macbookshop/Desktop/Projects/Developments/DNA-Web/DNA-Frontend/storage/framework/views/5412c5794b9520f727cb3f5abab9bc6b.php(34): route('analysis.index')
#5 /Users/macbookshop/Desktop/Projects/Developments/DNA-Web/DNA-Frontend/vendor/laravel/framework/src/Illuminate/Filesystem/Filesystem.php(123): require('/Users/macbooks...')
#6 /Users/macbookshop/Desktop/Projects/Developments/DNA-Web/DNA-Frontend/vendor/laravel/framework/src/Illuminate/Filesystem/Filesystem.php(124): Illuminate\\Filesystem\\Filesystem::{closure:Illuminate\\Filesystem\\Filesystem::getRequire():120}()
#7 /Users/macbookshop/Desktop/Projects/Developments/DNA-Web/DNA-Frontend/vendor/laravel/framework/src/Illuminate/View/Engines/PhpEngine.php(57): Illuminate\\Filesystem\\Filesystem->getRequire('/Users/macbooks...', Array)
#8 /Users/macbookshop/Desktop/Projects/Developments/DNA-Web/DNA-Frontend/vendor/laravel/framework/src/Illuminate/View/Engines/CompilerEngine.php(76): Illuminate\\View\\Engines\\PhpEngine->evaluatePath('/Users/macbooks...', Array)
#9 /Users/macbookshop/Desktop/Projects/Developments/DNA-Web/DNA-Frontend/vendor/laravel/framework/src/Illuminate/View/View.php(208): Illuminate\\View\\Engines\\CompilerEngine->get('/Users/macbooks...', Array)
#10 /Users/macbookshop/Desktop/Projects/Developments/DNA-Web/DNA-Frontend/vendor/laravel/framework/src/Illuminate/View/View.php(191): Illuminate\\View\\View->getContents()
#11 /Users/macbookshop/Desktop/Projects/Developments/DNA-Web/DNA-Frontend/vendor/laravel/framework/src/Illuminate/View/View.php(160): Illuminate\\View\\View->renderContents()
#12 /Users/macbookshop/Desktop/Projects/Developments/DNA-Web/DNA-Frontend/storage/framework/views/f058fb6fd3ae58a3027bb36a27ff1ec0.php(15): Illuminate\\View\\View->render()
#13 /Users/macbookshop/Desktop/Projects/Developments/DNA-Web/DNA-Frontend/vendor/laravel/framework/src/Illuminate/Filesystem/Filesystem.php(123): require('/Users/macbooks...')
#14 /Users/macbookshop/Desktop/Projects/Developments/DNA-Web/DNA-Frontend/vendor/laravel/framework/src/Illuminate/Filesystem/Filesystem.php(124): Illuminate\\Filesystem\\Filesystem::{closure:Illuminate\\Filesystem\\Filesystem::getRequire():120}()
#15 /Users/macbookshop/Desktop/Projects/Developments/DNA-Web/DNA-Frontend/vendor/laravel/framework/src/Illuminate/View/Engines/PhpEngine.php(57): Illuminate\\Filesystem\\Filesystem->getRequire('/Users/macbooks...', Array)
#16 /Users/macbookshop/Desktop/Projects/Developments/DNA-Web/DNA-Frontend/vendor/laravel/framework/src/Illuminate/View/Engines/CompilerEngine.php(76): Illuminate\\View\\Engines\\PhpEngine->evaluatePath('/Users/macbooks...', Array)
#17 /Users/macbookshop/Desktop/Projects/Developments/DNA-Web/DNA-Frontend/vendor/laravel/framework/src/Illuminate/View/View.php(208): Illuminate\\View\\Engines\\CompilerEngine->get('/Users/macbooks...', Array)
#18 /Users/macbookshop/Desktop/Projects/Developments/DNA-Web/DNA-Frontend/vendor/laravel/framework/src/Illuminate/View/View.php(191): Illuminate\\View\\View->getContents()
#19 /Users/macbookshop/Desktop/Projects/Developments/DNA-Web/DNA-Frontend/vendor/laravel/framework/src/Illuminate/View/View.php(160): Illuminate\\View\\View->renderContents()
#20 /Users/macbookshop/Desktop/Projects/Developments/DNA-Web/DNA-Frontend/vendor/laravel/framework/src/Illuminate/Http/Response.php(82): Illuminate\\View\\View->render()
#21 /Users/macbookshop/Desktop/Projects/Developments/DNA-Web/DNA-Frontend/vendor/laravel/framework/src/Illuminate/Http/Response.php(40): Illuminate\\Http\\Response->setContent(Object(Illuminate\\View\\View))
#22 /Users/macbookshop/Desktop/Projects/Developments/DNA-Web/DNA-Frontend/vendor/laravel/framework/src/Illuminate/Routing/ResponseFactory.php(61): Illuminate\\Http\\Response->__construct(Object(Illuminate\\View\\View), 404, Array)
#23 /Users/macbookshop/Desktop/Projects/Developments/DNA-Web/DNA-Frontend/vendor/laravel/framework/src/Illuminate/Routing/ResponseFactory.php(91): Illuminate\\Routing\\ResponseFactory->make(Object(Illuminate\\View\\View), 404, Array)
#24 /Users/macbookshop/Desktop/Projects/Developments/DNA-Web/DNA-Frontend/vendor/laravel/framework/src/Illuminate/Foundation/Exceptions/Handler.php(1031): Illuminate\\Routing\\ResponseFactory->view('errors::404', Array, 404, Array)
#25 /Users/macbookshop/Desktop/Projects/Developments/DNA-Web/DNA-Frontend/vendor/laravel/framework/src/Illuminate/Foundation/Exceptions/Handler.php(950): Illuminate\\Foundation\\Exceptions\\Handler->renderHttpException(Object(Symfony\\Component\\HttpKernel\\Exception\\NotFoundHttpException))
#26 /Users/macbookshop/Desktop/Projects/Developments/DNA-Web/DNA-Frontend/vendor/laravel/framework/src/Illuminate/Foundation/Exceptions/Handler.php(833): Illuminate\\Foundation\\Exceptions\\Handler->prepareResponse(Object(Illuminate\\Http\\Request), Object(Symfony\\Component\\HttpKernel\\Exception\\NotFoundHttpException))
#27 /Users/macbookshop/Desktop/Projects/Developments/DNA-Web/DNA-Frontend/vendor/laravel/framework/src/Illuminate/Foundation/Exceptions/Handler.php(720): Illuminate\\Foundation\\Exceptions\\Handler->renderExceptionResponse(Object(Illuminate\\Http\\Request), Object(Symfony\\Component\\HttpKernel\\Exception\\NotFoundHttpException))
#28 /Users/macbookshop/Desktop/Projects/Developments/DNA-Web/DNA-Frontend/vendor/laravel/framework/src/Illuminate/Routing/Pipeline.php(51): Illuminate\\Foundation\\Exceptions\\Handler->render(Object(Illuminate\\Http\\Request), Object(Symfony\\Component\\HttpKernel\\Exception\\NotFoundHttpException))
#29 /Users/macbookshop/Desktop/Projects/Developments/DNA-Web/DNA-Frontend/vendor/laravel/framework/src/Illuminate/Pipeline/Pipeline.php(182): Illuminate\\Routing\\Pipeline->handleException(Object(Illuminate\\Http\\Request), Object(Symfony\\Component\\HttpKernel\\Exception\\NotFoundHttpException))
#30 /Users/macbookshop/Desktop/Projects/Developments/DNA-Web/DNA-Frontend/vendor/laravel/framework/src/Illuminate/Foundation/Http/Middleware/TransformsRequest.php(21): Illuminate\\Pipeline\\Pipeline->{closure:Illuminate\\Pipeline\\Pipeline::prepareDestination():178}(Object(Illuminate\\Http\\Request))
#31 /Users/macbookshop/Desktop/Projects/Developments/DNA-Web/DNA-Frontend/vendor/laravel/framework/src/Illuminate/Foundation/Http/Middleware/ConvertEmptyStringsToNull.php(31): Illuminate\\Foundation\\Http\\Middleware\\TransformsRequest->handle(Object(Illuminate\\Http\\Request), Object(Closure))
#32 /Users/macbookshop/Desktop/Projects/Developments/DNA-Web/DNA-Frontend/vendor/laravel/framework/src/Illuminate/Pipeline/Pipeline.php(219): Illuminate\\Foundation\\Http\\Middleware\\ConvertEmptyStringsToNull->handle(Object(Illuminate\\Http\\Request), Object(Closure))
#33 /Users/macbookshop/Desktop/Projects/Developments/DNA-Web/DNA-Frontend/vendor/laravel/framework/src/Illuminate/Foundation/Http/Middleware/TransformsRequest.php(21): Illuminate\\Pipeline\\Pipeline->{closure:{closure:Illuminate\\Pipeline\\Pipeline::carry():194}:195}(Object(Illuminate\\Http\\Request))
#34 /Users/macbookshop/Desktop/Projects/Developments/DNA-Web/DNA-Frontend/vendor/laravel/framework/src/Illuminate/Foundation/Http/Middleware/TrimStrings.php(51): Illuminate\\Foundation\\Http\\Middleware\\TransformsRequest->handle(Object(Illuminate\\Http\\Request), Object(Closure))
#35 /Users/macbookshop/Desktop/Projects/Developments/DNA-Web/DNA-Frontend/vendor/laravel/framework/src/Illuminate/Pipeline/Pipeline.php(219): Illuminate\\Foundation\\Http\\Middleware\\TrimStrings->handle(Object(Illuminate\\Http\\Request), Object(Closure))
#36 /Users/macbookshop/Desktop/Projects/Developments/DNA-Web/DNA-Frontend/vendor/laravel/framework/src/Illuminate/Http/Middleware/ValidatePostSize.php(27): Illuminate\\Pipeline\\Pipeline->{closure:{closure:Illuminate\\Pipeline\\Pipeline::carry():194}:195}(Object(Illuminate\\Http\\Request))
#37 /Users/macbookshop/Desktop/Projects/Developments/DNA-Web/DNA-Frontend/vendor/laravel/framework/src/Illuminate/Pipeline/Pipeline.php(219): Illuminate\\Http\\Middleware\\ValidatePostSize->handle(Object(Illuminate\\Http\\Request), Object(Closure))
#38 /Users/macbookshop/Desktop/Projects/Developments/DNA-Web/DNA-Frontend/vendor/laravel/framework/src/Illuminate/Foundation/Http/Middleware/PreventRequestsDuringMaintenance.php(109): Illuminate\\Pipeline\\Pipeline->{closure:{closure:Illuminate\\Pipeline\\Pipeline::carry():194}:195}(Object(Illuminate\\Http\\Request))
#39 /Users/macbookshop/Desktop/Projects/Developments/DNA-Web/DNA-Frontend/vendor/laravel/framework/src/Illuminate/Pipeline/Pipeline.php(219): Illuminate\\Foundation\\Http\\Middleware\\PreventRequestsDuringMaintenance->handle(Object(Illuminate\\Http\\Request), Object(Closure))
#40 /Users/macbookshop/Desktop/Projects/Developments/DNA-Web/DNA-Frontend/vendor/laravel/framework/src/Illuminate/Http/Middleware/HandleCors.php(61): Illuminate\\Pipeline\\Pipeline->{closure:{closure:Illuminate\\Pipeline\\Pipeline::carry():194}:195}(Object(Illuminate\\Http\\Request))
#41 /Users/macbookshop/Desktop/Projects/Developments/DNA-Web/DNA-Frontend/vendor/laravel/framework/src/Illuminate/Pipeline/Pipeline.php(219): Illuminate\\Http\\Middleware\\HandleCors->handle(Object(Illuminate\\Http\\Request), Object(Closure))
#42 /Users/macbookshop/Desktop/Projects/Developments/DNA-Web/DNA-Frontend/vendor/laravel/framework/src/Illuminate/Http/Middleware/TrustProxies.php(58): Illuminate\\Pipeline\\Pipeline->{closure:{closure:Illuminate\\Pipeline\\Pipeline::carry():194}:195}(Object(Illuminate\\Http\\Request))
#43 /Users/macbookshop/Desktop/Projects/Developments/DNA-Web/DNA-Frontend/vendor/laravel/framework/src/Illuminate/Pipeline/Pipeline.php(219): Illuminate\\Http\\Middleware\\TrustProxies->handle(Object(Illuminate\\Http\\Request), Object(Closure))
#44 /Users/macbookshop/Desktop/Projects/Developments/DNA-Web/DNA-Frontend/vendor/laravel/framework/src/Illuminate/Foundation/Http/Middleware/InvokeDeferredCallbacks.php(22): Illuminate\\Pipeline\\Pipeline->{closure:{closure:Illuminate\\Pipeline\\Pipeline::carry():194}:195}(Object(Illuminate\\Http\\Request))
#45 /Users/macbookshop/Desktop/Projects/Developments/DNA-Web/DNA-Frontend/vendor/laravel/framework/src/Illuminate/Pipeline/Pipeline.php(219): Illuminate\\Foundation\\Http\\Middleware\\InvokeDeferredCallbacks->handle(Object(Illuminate\\Http\\Request), Object(Closure))
#46 /Users/macbookshop/Desktop/Projects/Developments/DNA-Web/DNA-Frontend/vendor/laravel/framework/src/Illuminate/Http/Middleware/ValidatePathEncoding.php(28): Illuminate\\Pipeline\\Pipeline->{closure:{closure:Illuminate\\Pipeline\\Pipeline::carry():194}:195}(Object(Illuminate\\Http\\Request))
#47 /Users/macbookshop/Desktop/Projects/Developments/DNA-Web/DNA-Frontend/vendor/laravel/framework/src/Illuminate/Pipeline/Pipeline.php(219): Illuminate\\Http\\Middleware\\ValidatePathEncoding->handle(Object(Illuminate\\Http\\Request), Object(Closure))
#48 /Users/macbookshop/Desktop/Projects/Developments/DNA-Web/DNA-Frontend/vendor/laravel/framework/src/Illuminate/Pipeline/Pipeline.php(137): Illuminate\\Pipeline\\Pipeline->{closure:{closure:Illuminate\\Pipeline\\Pipeline::carry():194}:195}(Object(Illuminate\\Http\\Request))
#49 /Users/macbookshop/Desktop/Projects/Developments/DNA-Web/DNA-Frontend/vendor/laravel/framework/src/Illuminate/Foundation/Http/Kernel.php(175): Illuminate\\Pipeline\\Pipeline->then(Object(Closure))
#50 /Users/macbookshop/Desktop/Projects/Developments/DNA-Web/DNA-Frontend/vendor/laravel/framework/src/Illuminate/Foundation/Http/Kernel.php(144): Illuminate\\Foundation\\Http\\Kernel->sendRequestThroughRouter(Object(Illuminate\\Http\\Request))
#51 /Users/macbookshop/Desktop/Projects/Developments/DNA-Web/DNA-Frontend/vendor/laravel/framework/src/Illuminate/Foundation/Testing/Concerns/MakesHttpRequests.php(638): Illuminate\\Foundation\\Http\\Kernel->handle(Object(Illuminate\\Http\\Request))
#52 /Users/macbookshop/Desktop/Projects/Developments/DNA-Web/DNA-Frontend/vendor/laravel/framework/src/Illuminate/Foundation/Testing/Concerns/MakesHttpRequests.php(368): Illuminate\\Foundation\\Testing\\TestCase->call('GET', '/fr', Array, Array, Array, Array)
#53 /Users/macbookshop/Desktop/Projects/Developments/DNA-Web/DNA-Frontend/tests/Feature/LocaleTest.php(28): Illuminate\\Foundation\\Testing\\TestCase->get('/fr')
#54 /Users/macbookshop/Desktop/Projects/Developments/DNA-Web/DNA-Frontend/vendor/phpunit/phpunit/src/Framework/TestCase.php(1318): Tests\\Feature\\LocaleTest->test_unknown_language_segment_falls_back_instead_of_404()
#55 /Users/macbookshop/Desktop/Projects/Developments/DNA-Web/DNA-Frontend/vendor/phpunit/phpunit/src/Framework/TestCase.php(1355): PHPUnit\\Framework\\TestCase->invokeTestMethod('test_unknown_la...', Array)
#56 /Users/macbookshop/Desktop/Projects/Developments/DNA-Web/DNA-Frontend/vendor/phpunit/phpunit/src/Framework/TestCase.php(521): PHPUnit\\Framework\\TestCase->runTest()
#57 /Users/macbookshop/Desktop/Projects/Developments/DNA-Web/DNA-Frontend/vendor/phpunit/phpunit/src/Framework/TestRunner/TestRunner.php(99): PHPUnit\\Framework\\TestCase->runBare()
#58 /Users/macbookshop/Desktop/Projects/Developments/DNA-Web/DNA-Frontend/vendor/phpunit/phpunit/src/Framework/TestCase.php(361): PHPUnit\\Framework\\TestRunner->run(Object(Tests\\Feature\\LocaleTest))
#59 /Users/macbookshop/Desktop/Projects/Developments/DNA-Web/DNA-Frontend/vendor/phpunit/phpunit/src/Framework/TestSuite.php(374): PHPUnit\\Framework\\TestCase->run()
#60 /Users/macbookshop/Desktop/Projects/Developments/DNA-Web/DNA-Frontend/vendor/phpunit/phpunit/src/Framework/TestSuite.php(374): PHPUnit\\Framework\\TestSuite->run()
#61 /Users/macbookshop/Desktop/Projects/Developments/DNA-Web/DNA-Frontend/vendor/phpunit/phpunit/src/Framework/TestSuite.php(374): PHPUnit\\Framework\\TestSuite->run()
#62 /Users/macbookshop/Desktop/Projects/Developments/DNA-Web/DNA-Frontend/vendor/phpunit/phpunit/src/TextUI/TestRunner.php(64): PHPUnit\\Framework\\TestSuite->run()
#63 /Users/macbookshop/Desktop/Projects/Developments/DNA-Web/DNA-Frontend/vendor/phpunit/phpunit/src/TextUI/Application.php(229): PHPUnit\\TextUI\\TestRunner->run(Object(PHPUnit\\TextUI\\Configuration\\Configuration), Object(PHPUnit\\Runner\\ResultCache\\DefaultResultCache), Object(PHPUnit\\Framework\\TestSuite))
#64 /Users/macbookshop/Desktop/Projects/Developments/DNA-Web/DNA-Frontend/vendor/phpunit/phpunit/phpunit(104): PHPUnit\\TextUI\\Application->run(Array)
#65 {main}
"} 
[2026-08-11 18:30:22] testing.ERROR: Simulation backend unreachable {"request_id":"8c512ad9-385f-4cd8-b97c-0312c13613bb","message":"down"} 
[2026-08-11 19:27:02] testing.ERROR: Memory design backend unreachable {"request_id":"fae7c51b-d0e7-431a-91aa-1605894947a3","message":"down"} 
[2026-08-11 19:30:35] testing.ERROR: Missing required parameter for [Route: analysis.index] [URI: {locale}] [Missing parameter: locale]. (View: /Users/macbookshop/Desktop/Projects/Developments/DNA-Web/DNA-Frontend/resources/views/layouts/app.blade.php) (View: /Users/macbookshop/Desktop/Projects/Developments/DNA-Web/DNA-Frontend/resources/views/layouts/app.blade.php) {"exception":"[object] (Illuminate\\View\\ViewException(code: 0): Missing required parameter for [Route: analysis.index] [URI: {locale}] [Missing parameter: locale]. (View: /Users/macbookshop/Desktop/Projects/Developments/DNA-Web/DNA-Frontend/resources/views/layouts/app.blade.php) (View: /Users/macbookshop/Desktop/Projects/Developments/DNA-Web/DNA-Frontend/resources/views/layouts/app.blade.php) at /Users/macbookshop/Desktop/Projects/Developments/DNA-Web/DNA-Frontend/vendor/laravel/framework/src/Illuminate/Routing/Exceptions/UrlGenerationException.php:35)
[stacktrace]
#0 /Users/macbookshop/Desktop/Projects/Developments/DNA-Web/DNA-Frontend/vendor/laravel/framework/src/Illuminate/View/Engines/PhpEngine.php(59): Illuminate\\View\\Engines\\CompilerEngine->handleViewException(Object(Illuminate\\View\\ViewException), 1)
#1 /Users/macbookshop/Desktop/Projects/Developments/DNA-Web/DNA-Frontend/vendor/laravel/framework/src/Illuminate/View/Engines/CompilerEngine.php(76): Illuminate\\View\\Engines\\PhpEngine->evaluatePath('/Users/macbooks...', Array)
#2 /Users/macbookshop/Desktop/Projects/Developments/DNA-Web/DNA-Frontend/vendor/laravel/framework/src/Illuminate/View/View.php(208): Illuminate\\View\\Engines\\CompilerEngine->get('/Users/macbooks...', Array)
#3 /Users/macbookshop/Desktop/Projects/Developments/DNA-Web/DNA-Frontend/vendor/laravel/framework/src/Illuminate/View/View.php(191): Illuminate\\View\\View->getContents()
#4 /Users/macbookshop/Desktop/Projects/Developments/DNA-Web/DNA-Frontend/vendor/laravel/framework/src/Illuminate/View/View.php(160): Illuminate\\View\\View->renderContents()
#5 /Users/macbookshop/Desktop/Projects/Developments/DNA-Web/DNA-Frontend/vendor/laravel/framework/src/Illuminate/Http/Response.php(82): Illuminate\\View\\View->render()
#6 /Users/macbookshop/Desktop/Projects/Developments/DNA-Web/DNA-Frontend/vendor/laravel/framework/src/Illuminate/Http/Response.php(40): Illuminate\\Http\\Response->setContent(Object(Illuminate\\View\\View))
#7 /Users/macbookshop/Desktop/Projects/Developments/DNA-Web/DNA-Frontend/vendor/laravel/framework/src/Illuminate/Routing/ResponseFactory.php(61): Illuminate\\Http\\Response->__construct(Object(Illuminate\\View\\View), 404, Array)
#8 /Users/macbookshop/Desktop/Projects/Developments/DNA-Web/DNA-Frontend/vendor/laravel/framework/src/Illuminate/Routing/ResponseFactory.php(91): Illuminate\\Routing\\ResponseFactory->make(Object(Illuminate\\View\\View), 404, Array)
#9 /Users/macbookshop/Desktop/Projects/Developments/DNA-Web/DNA-Frontend/vendor/laravel/framework/src/Illuminate/Foundation/Exceptions/Handler.php(1031): Illuminate\\Routing\\ResponseFactory->view('errors::404', Array, 404, Array)
#10 /Users/macbookshop/Desktop/Projects/Developments/DNA-Web/DNA-Frontend/vendor/laravel/framework/src/Illuminate/Foundation/Exceptions/Handler.php(950): Illuminate\\Foundation\\Exceptions\\Handler->renderHttpException(Object(Symfony\\Component\\HttpKernel\\Exception\\NotFoundHttpException))
#11 /Users/macbookshop/Desktop/Projects/Developments/DNA-Web/DNA-Frontend/vendor/laravel/framework/src/Illuminate/Foundation/Exceptions/Handler.php(833): Illuminate\\Foundation\\Exceptions\\Handler->prepareResponse(Object(Illuminate\\Http\\Request), Object(Symfony\\Component\\HttpKernel\\Exception\\NotFoundHttpException))
#12 /Users/macbookshop/Desktop/Projects/Developments/DNA-Web/DNA-Frontend/vendor/laravel/framework/src/Illuminate/Foundation/Exceptions/Handler.php(720): Illuminate\\Foundation\\Exceptions\\Handler->renderExceptionResponse(Object(Illuminate\\Http\\Request), Object(Symfony\\Component\\HttpKernel\\Exception\\NotFoundHttpException))
#13 /Users/macbookshop/Desktop/Projects/Developments/DNA-Web/DNA-Frontend/vendor/laravel/framework/src/Illuminate/Routing/Pipeline.php(51): Illuminate\\Foundation\\Exceptions\\Handler->render(Object(Illuminate\\Http\\Request), Object(Symfony\\Component\\HttpKernel\\Exception\\NotFoundHttpException))
#14 /Users/macbookshop/Desktop/Projects/Developments/DNA-Web/DNA-Frontend/vendor/laravel/framework/src/Illuminate/Pipeline/Pipeline.php(224): Illuminate\\Routing\\Pipeline->handleException(Object(Illuminate\\Http\\Request), Object(Illuminate\\Database\\Eloquent\\ModelNotFoundException))
#15 /Users/macbookshop/Desktop/Projects/Developments/DNA-Web/DNA-Frontend/vendor/laravel/framework/src/Illuminate/Foundation/Http/Middleware/PreventRequestForgery.php(104): Illuminate\\Pipeline\\Pipeline->{closure:{closure:Illuminate\\Pipeline\\Pipeline::carry():194}:195}(Object(Illuminate\\Http\\Request))
#16 /Users/macbookshop/Desktop/Projects/Developments/DNA-Web/DNA-Frontend/vendor/laravel/framework/src/Illuminate/Pipeline/Pipeline.php(219): Illuminate\\Foundation\\Http\\Middleware\\PreventRequestForgery->handle(Object(Illuminate\\Http\\Request), Object(Closure))
#17 /Users/macbookshop/Desktop/Projects/Developments/DNA-Web/DNA-Frontend/vendor/laravel/framework/src/Illuminate/View/Middleware/ShareErrorsFromSession.php(48): Illuminate\\Pipeline\\Pipeline->{closure:{closure:Illuminate\\Pipeline\\Pipeline::carry():194}:195}(Object(Illuminate\\Http\\Request))
#18 /Users/macbookshop/Desktop/Projects/Developments/DNA-Web/DNA-Frontend/vendor/laravel/framework/src/Illuminate/Pipeline/Pipeline.php(219): Illuminate\\View\\Middleware\\ShareErrorsFromSession->handle(Object(Illuminate\\Http\\Request), Object(Closure))
#19 /Users/macbookshop/Desktop/Projects/Developments/DNA-Web/DNA-Frontend/vendor/laravel/framework/src/Illuminate/Session/Middleware/StartSession.php(120): Illuminate\\Pipeline\\Pipeline->{closure:{closure:Illuminate\\Pipeline\\Pipeline::carry():194}:195}(Object(Illuminate\\Http\\Request))
#20 /Users/macbookshop/Desktop/Projects/Developments/DNA-Web/DNA-Frontend/vendor/laravel/framework/src/Illuminate/Session/Middleware/StartSession.php(63): Illuminate\\Session\\Middleware\\StartSession->handleStatefulRequest(Object(Illuminate\\Http\\Request), Object(Illuminate\\Session\\Store), Object(Closure))
#21 /Users/macbookshop/Desktop/Projects/Developments/DNA-Web/DNA-Frontend/vendor/laravel/framework/src/Illuminate/Pipeline/Pipeline.php(219): Illuminate\\Session\\Middleware\\StartSession->handle(Object(Illuminate\\Http\\Request), Object(Closure))
#22 /Users/macbookshop/Desktop/Projects/Developments/DNA-Web/DNA-Frontend/vendor/laravel/framework/src/Illuminate/Cookie/Middleware/AddQueuedCookiesToResponse.php(36): Illuminate\\Pipeline\\Pipeline->{closure:{closure:Illuminate\\Pipeline\\Pipeline::carry():194}:195}(Object(Illuminate\\Http\\Request))
#23 /Users/macbookshop/Desktop/Projects/Developments/DNA-Web/DNA-Frontend/vendor/laravel/framework/src/Illuminate/Pipeline/Pipeline.php(219): Illuminate\\Cookie\\Middleware\\AddQueuedCookiesToResponse->handle(Object(Illuminate\\Http\\Request), Object(Closure))
#24 /Users/macbookshop/Desktop/Projects/Developments/DNA-Web/DNA-Frontend/vendor/laravel/framework/src/Illuminate/Cookie/Middleware/EncryptCookies.php(74): Illuminate\\Pipeline\\Pipeline->{closure:{closure:Illuminate\\Pipeline\\Pipeline::carry():194}:195}(Object(Illuminate\\Http\\Request))
#25 /Users/macbookshop/Desktop/Projects/Developments/DNA-Web/DNA-Frontend/vendor/laravel/framework/src/Illuminate/Pipeline/Pipeline.php(219): Illuminate\\Cookie\\Middleware\\EncryptCookies->handle(Object(Illuminate\\Http\\Request), Object(Closure))
#26 /Users/macbookshop/Desktop/Projects/Developments/DNA-Web/DNA-Frontend/vendor/laravel/framework/src/Illuminate/Pipeline/Pipeline.php(137): Illuminate\\Pipeline\\Pipeline->{closure:{closure:Illuminate\\Pipeline\\Pipeline::carry():194}:195}(Object(Illuminate\\Http\\Request))
#27 /Users/macbookshop/Desktop/Projects/Developments/DNA-Web/DNA-Frontend/vendor/laravel/framework/src/Illuminate/Routing/Router.php(821): Illuminate\\Pipeline\\Pipeline->then(Object(Closure))
#28 /Users/macbookshop/Desktop/Projects/Developments/DNA-Web/DNA-Frontend/vendor/laravel/framework/src/Illuminate/Routing/Router.php(800): Illuminate\\Routing\\Router->runRouteWithinStack(Object(Illuminate\\Routing\\Route), Object(Illuminate\\Http\\Request))
#29 /Users/macbookshop/Desktop/Projects/Developments/DNA-Web/DNA-Frontend/vendor/laravel/framework/src/Illuminate/Routing/Router.php(764): Illuminate\\Routing\\Router->runRoute(Object(Illuminate\\Http\\Request), Object(Illuminate\\Routing\\Route))
#30 /Users/macbookshop/Desktop/Projects/Developments/DNA-Web/DNA-Frontend/vendor/laravel/framework/src/Illuminate/Routing/Router.php(753): Illuminate\\Routing\\Router->dispatchToRoute(Object(Illuminate\\Http\\Request))
#31 /Users/macbookshop/Desktop/Projects/Developments/DNA-Web/DNA-Frontend/vendor/laravel/framework/src/Illuminate/Foundation/Http/Kernel.php(200): Illuminate\\Routing\\Router->dispatch(Object(Illuminate\\Http\\Request))
#32 /Users/macbookshop/Desktop/Projects/Developments/DNA-Web/DNA-Frontend/vendor/laravel/framework/src/Illuminate/Pipeline/Pipeline.php(180): Illuminate\\Foundation\\Http\\Kernel->{closure:Illuminate\\Foundation\\Http\\Kernel::dispatchToRouter():197}(Object(Illuminate\\Http\\Request))
#33 /Users/macbookshop/Desktop/Projects/Developments/DNA-Web/DNA-Frontend/vendor/laravel/framework/src/Illuminate/Foundation/Http/Middleware/TransformsRequest.php(21): Illuminate\\Pipeline\\Pipeline->{closure:Illuminate\\Pipeline\\Pipeline::prepareDestination():178}(Object(Illuminate\\Http\\Request))
#34 /Users/macbookshop/Desktop/Projects/Developments/DNA-Web/DNA-Frontend/vendor/laravel/framework/src/Illuminate/Foundation/Http/Middleware/ConvertEmptyStringsToNull.php(31): Illuminate\\Foundation\\Http\\Middleware\\TransformsRequest->handle(Object(Illuminate\\Http\\Request), Object(Closure))
#35 /Users/macbookshop/Desktop/Projects/Developments/DNA-Web/DNA-Frontend/vendor/laravel/framework/src/Illuminate/Pipeline/Pipeline.php(219): Illuminate\\Foundation\\Http\\Middleware\\ConvertEmptyStringsToNull->handle(Object(Illuminate\\Http\\Request), Object(Closure))
#36 /Users/macbookshop/Desktop/Projects/Developments/DNA-Web/DNA-Frontend/vendor/laravel/framework/src/Illuminate/Foundation/Http/Middleware/TransformsRequest.php(21): Illuminate\\Pipeline\\Pipeline->{closure:{closure:Illuminate\\Pipeline\\Pipeline::carry():194}:195}(Object(Illuminate\\Http\\Request))
#37 /Users/macbookshop/Desktop/Projects/Developments/DNA-Web/DNA-Frontend/vendor/laravel/framework/src/Illuminate/Foundation/Http/Middleware/TrimStrings.php(51): Illuminate\\Foundation\\Http\\Middleware\\TransformsRequest->handle(Object(Illuminate\\Http\\Request), Object(Closure))
#38 /Users/macbookshop/Desktop/Projects/Developments/DNA-Web/DNA-Frontend/vendor/laravel/framework/src/Illuminate/Pipeline/Pipeline.php(219): Illuminate\\Foundation\\Http\\Middleware\\TrimStrings->handle(Object(Illuminate\\Http\\Request), Object(Closure))
#39 /Users/macbookshop/Desktop/Projects/Developments/DNA-Web/DNA-Frontend/vendor/laravel/framework/src/Illuminate/Http/Middleware/ValidatePostSize.php(27): Illuminate\\Pipeline\\Pipeline->{closure:{closure:Illuminate\\Pipeline\\Pipeline::carry():194}:195}(Object(Illuminate\\Http\\Request))
#40 /Users/macbookshop/Desktop/Projects/Developments/DNA-Web/DNA-Frontend/vendor/laravel/framework/src/Illuminate/Pipeline/Pipeline.php(219): Illuminate\\Http\\Middleware\\ValidatePostSize->handle(Object(Illuminate\\Http\\Request), Object(Closure))
#41 /Users/macbookshop/Desktop/Projects/Developments/DNA-Web/DNA-Frontend/vendor/laravel/framework/src/Illuminate/Foundation/Http/Middleware/PreventRequestsDuringMaintenance.php(109): Illuminate\\Pipeline\\Pipeline->{closure:{closure:Illuminate\\Pipeline\\Pipeline::carry():194}:195}(Object(Illuminate\\Http\\Request))
#42 /Users/macbookshop/Desktop/Projects/Developments/DNA-Web/DNA-Frontend/vendor/laravel/framework/src/Illuminate/Pipeline/Pipeline.php(219): Illuminate\\Foundation\\Http\\Middleware\\PreventRequestsDuringMaintenance->handle(Object(Illuminate\\Http\\Request), Object(Closure))
#43 /Users/macbookshop/Desktop/Projects/Developments/DNA-Web/DNA-Frontend/vendor/laravel/framework/src/Illuminate/Http/Middleware/HandleCors.php(61): Illuminate\\Pipeline\\Pipeline->{closure:{closure:Illuminate\\Pipeline\\Pipeline::carry():194}:195}(Object(Illuminate\\Http\\Request))
#44 /Users/macbookshop/Desktop/Projects/Developments/DNA-Web/DNA-Frontend/vendor/laravel/framework/src/Illuminate/Pipeline/Pipeline.php(219): Illuminate\\Http\\Middleware\\HandleCors->handle(Object(Illuminate\\Http\\Request), Object(Closure))
#45 /Users/macbookshop/Desktop/Projects/Developments/DNA-Web/DNA-Frontend/vendor/laravel/framework/src/Illuminate/Http/Middleware/TrustProxies.php(58): Illuminate\\Pipeline\\Pipeline->{closure:{closure:Illuminate\\Pipeline\\Pipeline::carry():194}:195}(Object(Illuminate\\Http\\Request))
#46 /Users/macbookshop/Desktop/Projects/Developments/DNA-Web/DNA-Frontend/vendor/laravel/framework/src/Illuminate/Pipeline/Pipeline.php(219): Illuminate\\Http\\Middleware\\TrustProxies->handle(Object(Illuminate\\Http\\Request), Object(Closure))
#47 /Users/macbookshop/Desktop/Projects/Developments/DNA-Web/DNA-Frontend/vendor/laravel/framework/src/Illuminate/Foundation/Http/Middleware/InvokeDeferredCallbacks.php(22): Illuminate\\Pipeline\\Pipeline->{closure:{closure:Illuminate\\Pipeline\\Pipeline::carry():194}:195}(Object(Illuminate\\Http\\Request))
#48 /Users/macbookshop/Desktop/Projects/Developments/DNA-Web/DNA-Frontend/vendor/laravel/framework/src/Illuminate/Pipeline/Pipeline.php(219): Illuminate\\Foundation\\Http\\Middleware\\InvokeDeferredCallbacks->handle(Object(Illuminate\\Http\\Request), Object(Closure))
#49 /Users/macbookshop/Desktop/Projects/Developments/DNA-Web/DNA-Frontend/vendor/laravel/framework/src/Illuminate/Http/Middleware/ValidatePathEncoding.php(28): Illuminate\\Pipeline\\Pipeline->{closure:{closure:Illuminate\\Pipeline\\Pipeline::carry():194}:195}(Object(Illuminate\\Http\\Request))
#50 /Users/macbookshop/Desktop/Projects/Developments/DNA-Web/DNA-Frontend/vendor/laravel/framework/src/Illuminate/Pipeline/Pipeline.php(219): Illuminate\\Http\\Middleware\\ValidatePathEncoding->handle(Object(Illuminate\\Http\\Request), Object(Closure))
#51 /Users/macbookshop/Desktop/Projects/Developments/DNA-Web/DNA-Frontend/vendor/laravel/framework/src/Illuminate/Pipeline/Pipeline.php(137): Illuminate\\Pipeline\\Pipeline->{closure:{closure:Illuminate\\Pipeline\\Pipeline::carry():194}:195}(Object(Illuminate\\Http\\Request))
#52 /Users/macbookshop/Desktop/Projects/Developments/DNA-Web/DNA-Frontend/vendor/laravel/framework/src/Illuminate/Foundation/Http/Kernel.php(175): Illuminate\\Pipeline\\Pipeline->then(Object(Closure))
#53 /Users/macbookshop/Desktop/Projects/Developments/DNA-Web/DNA-Frontend/vendor/laravel/framework/src/Illuminate/Foundation/Http/Kernel.php(144): Illuminate\\Foundation\\Http\\Kernel->sendRequestThroughRouter(Object(Illuminate\\Http\\Request))
#54 /Users/macbookshop/Desktop/Projects/Developments/DNA-Web/DNA-Frontend/vendor/laravel/framework/src/Illuminate/Foundation/Testing/Concerns/MakesHttpRequests.php(638): Illuminate\\Foundation\\Http\\Kernel->handle(Object(Illuminate\\Http\\Request))
#55 /Users/macbookshop/Desktop/Projects/Developments/DNA-Web/DNA-Frontend/vendor/laravel/framework/src/Illuminate/Foundation/Testing/Concerns/MakesHttpRequests.php(368): Illuminate\\Foundation\\Testing\\TestCase->call('GET', '/ku/result/8f8d...', Array, Array, Array, Array)
#56 /Users/macbookshop/Desktop/Projects/Developments/DNA-Web/DNA-Frontend/tests/Feature/AnalysisTest.php(202): Illuminate\\Foundation\\Testing\\TestCase->get('/ku/result/8f8d...')
#57 /Users/macbookshop/Desktop/Projects/Developments/DNA-Web/DNA-Frontend/vendor/phpunit/phpunit/src/Framework/TestCase.php(1318): Tests\\Feature\\AnalysisTest->test_an_expired_result_id_returns_a_translated_404()
#58 /Users/macbookshop/Desktop/Projects/Developments/DNA-Web/DNA-Frontend/vendor/phpunit/phpunit/src/Framework/TestCase.php(1355): PHPUnit\\Framework\\TestCase->invokeTestMethod('test_an_expired...', Array)
#59 /Users/macbookshop/Desktop/Projects/Developments/DNA-Web/DNA-Frontend/vendor/phpunit/phpunit/src/Framework/TestCase.php(521): PHPUnit\\Framework\\TestCase->runTest()
#60 /Users/macbookshop/Desktop/Projects/Developments/DNA-Web/DNA-Frontend/vendor/phpunit/phpunit/src/Framework/TestRunner/TestRunner.php(99): PHPUnit\\Framework\\TestCase->runBare()
#61 /Users/macbookshop/Desktop/Projects/Developments/DNA-Web/DNA-Frontend/vendor/phpunit/phpunit/src/Framework/TestCase.php(361): PHPUnit\\Framework\\TestRunner->run(Object(Tests\\Feature\\AnalysisTest))
#62 /Users/macbookshop/Desktop/Projects/Developments/DNA-Web/DNA-Frontend/vendor/phpunit/phpunit/src/Framework/TestSuite.php(374): PHPUnit\\Framework\\TestCase->run()
#63 /Users/macbookshop/Desktop/Projects/Developments/DNA-Web/DNA-Frontend/vendor/phpunit/phpunit/src/Framework/TestSuite.php(374): PHPUnit\\Framework\\TestSuite->run()
#64 /Users/macbookshop/Desktop/Projects/Developments/DNA-Web/DNA-Frontend/vendor/phpunit/phpunit/src/Framework/TestSuite.php(374): PHPUnit\\Framework\\TestSuite->run()
#65 /Users/macbookshop/Desktop/Projects/Developments/DNA-Web/DNA-Frontend/vendor/phpunit/phpunit/src/TextUI/TestRunner.php(64): PHPUnit\\Framework\\TestSuite->run()
#66 /Users/macbookshop/Desktop/Projects/Developments/DNA-Web/DNA-Frontend/vendor/phpunit/phpunit/src/TextUI/Application.php(229): PHPUnit\\TextUI\\TestRunner->run(Object(PHPUnit\\TextUI\\Configuration\\Configuration), Object(PHPUnit\\Runner\\ResultCache\\DefaultResultCache), Object(PHPUnit\\Framework\\TestSuite))
#67 /Users/macbookshop/Desktop/Projects/Developments/DNA-Web/DNA-Frontend/vendor/phpunit/phpunit/phpunit(104): PHPUnit\\TextUI\\Application->run(Array)
#68 {main}

[previous exception] [object] (Illuminate\\View\\ViewException(code: 0): Missing required parameter for [Route: analysis.index] [URI: {locale}] [Missing parameter: locale]. (View: /Users/macbookshop/Desktop/Projects/Developments/DNA-Web/DNA-Frontend/resources/views/layouts/app.blade.php) at /Users/macbookshop/Desktop/Projects/Developments/DNA-Web/DNA-Frontend/vendor/laravel/framework/src/Illuminate/Routing/Exceptions/UrlGenerationException.php:35)
[stacktrace]
#0 /Users/macbookshop/Desktop/Projects/Developments/DNA-Web/DNA-Frontend/vendor/laravel/framework/src/Illuminate/View/Engines/PhpEngine.php(59): Illuminate\\View\\Engines\\CompilerEngine->handleViewException(Object(Illuminate\\Routing\\Exceptions\\UrlGenerationException), 2)
#1 /Users/macbookshop/Desktop/Projects/Developments/DNA-Web/DNA-Frontend/vendor/laravel/framework/src/Illuminate/View/Engines/CompilerEngine.php(76): Illuminate\\View\\Engines\\PhpEngine->evaluatePath('/Users/macbooks...', Array)
#2 /Users/macbookshop/Desktop/Projects/Developments/DNA-Web/DNA-Frontend/vendor/laravel/framework/src/Illuminate/View/View.php(208): Illuminate\\View\\Engines\\CompilerEngine->get('/Users/macbooks...', Array)
#3 /Users/macbookshop/Desktop/Projects/Developments/DNA-Web/DNA-Frontend/vendor/laravel/framework/src/Illuminate/View/View.php(191): Illuminate\\View\\View->getContents()
#4 /Users/macbookshop/Desktop/Projects/Developments/DNA-Web/DNA-Frontend/vendor/laravel/framework/src/Illuminate/View/View.php(160): Illuminate\\View\\View->renderContents()
#5 /Users/macbookshop/Desktop/Projects/Developments/DNA-Web/DNA-Frontend/storage/framework/views/f058fb6fd3ae58a3027bb36a27ff1ec0.php(15): Illuminate\\View\\View->render()
#6 /Users/macbookshop/Desktop/Projects/Developments/DNA-Web/DNA-Frontend/vendor/laravel/framework/src/Illuminate/Filesystem/Filesystem.php(123): require('/Users/macbooks...')
#7 /Users/macbookshop/Desktop/Projects/Developments/DNA-Web/DNA-Frontend/vendor/laravel/framework/src/Illuminate/Filesystem/Filesystem.php(124): Illuminate\\Filesystem\\Filesystem::{closure:Illuminate\\Filesystem\\Filesystem::getRequire():120}()
#8 /Users/macbookshop/Desktop/Projects/Developments/DNA-Web/DNA-Frontend/vendor/laravel/framework/src/Illuminate/View/Engines/PhpEngine.php(57): Illuminate\\Filesystem\\Filesystem->getRequire('/Users/macbooks...', Array)
#9 /Users/macbookshop/Desktop/Projects/Developments/DNA-Web/DNA-Frontend/vendor/laravel/framework/src/Illuminate/View/Engines/CompilerEngine.php(76): Illuminate\\View\\Engines\\PhpEngine->evaluatePath('/Users/macbooks...', Array)
#10 /Users/macbookshop/Desktop/Projects/Developments/DNA-Web/DNA-Frontend/vendor/laravel/framework/src/Illuminate/View/View.php(208): Illuminate\\View\\Engines\\CompilerEngine->get('/Users/macbooks...', Array)
#11 /Users/macbookshop/Desktop/Projects/Developments/DNA-Web/DNA-Frontend/vendor/laravel/framework/src/Illuminate/View/View.php(191): Illuminate\\View\\View->getContents()
#12 /Users/macbookshop/Desktop/Projects/Developments/DNA-Web/DNA-Frontend/vendor/laravel/framework/src/Illuminate/View/View.php(160): Illuminate\\View\\View->renderContents()
#13 /Users/macbookshop/Desktop/Projects/Developments/DNA-Web/DNA-Frontend/vendor/laravel/framework/src/Illuminate/Http/Response.php(82): Illuminate\\View\\View->render()
#14 /Users/macbookshop/Desktop/Projects/Developments/DNA-Web/DNA-Frontend/vendor/laravel/framework/src/Illuminate/Http/Response.php(40): Illuminate\\Http\\Response->setContent(Object(Illuminate\\View\\View))
#15 /Users/macbookshop/Desktop/Projects/Developments/DNA-Web/DNA-Frontend/vendor/laravel/framework/src/Illuminate/Routing/ResponseFactory.php(61): Illuminate\\Http\\Response->__construct(Object(Illuminate\\View\\View), 404, Array)
#16 /Users/macbookshop/Desktop/Projects/Developments/DNA-Web/DNA-Frontend/vendor/laravel/framework/src/Illuminate/Routing/ResponseFactory.php(91): Illuminate\\Routing\\ResponseFactory->make(Object(Illuminate\\View\\View), 404, Array)
#17 /Users/macbookshop/Desktop/Projects/Developments/DNA-Web/DNA-Frontend/vendor/laravel/framework/src/Illuminate/Foundation/Exceptions/Handler.php(1031): Illuminate\\Routing\\ResponseFactory->view('errors::404', Array, 404, Array)
#18 /Users/macbookshop/Desktop/Projects/Developments/DNA-Web/DNA-Frontend/vendor/laravel/framework/src/Illuminate/Foundation/Exceptions/Handler.php(950): Illuminate\\Foundation\\Exceptions\\Handler->renderHttpException(Object(Symfony\\Component\\HttpKernel\\Exception\\NotFoundHttpException))
#19 /Users/macbookshop/Desktop/Projects/Developments/DNA-Web/DNA-Frontend/vendor/laravel/framework/src/Illuminate/Foundation/Exceptions/Handler.php(833): Illuminate\\Foundation\\Exceptions\\Handler->prepareResponse(Object(Illuminate\\Http\\Request), Object(Symfony\\Component\\HttpKernel\\Exception\\NotFoundHttpException))
#20 /Users/macbookshop/Desktop/Projects/Developments/DNA-Web/DNA-Frontend/vendor/laravel/framework/src/Illuminate/Foundation/Exceptions/Handler.php(720): Illuminate\\Foundation\\Exceptions\\Handler->renderExceptionResponse(Object(Illuminate\\Http\\Request), Object(Symfony\\Component\\HttpKernel\\Exception\\NotFoundHttpException))
#21 /Users/macbookshop/Desktop/Projects/Developments/DNA-Web/DNA-Frontend/vendor/laravel/framework/src/Illuminate/Routing/Pipeline.php(51): Illuminate\\Foundation\\Exceptions\\Handler->render(Object(Illuminate\\Http\\Request), Object(Symfony\\Component\\HttpKernel\\Exception\\NotFoundHttpException))
#22 /Users/macbookshop/Desktop/Projects/Developments/DNA-Web/DNA-Frontend/vendor/laravel/framework/src/Illuminate/Pipeline/Pipeline.php(224): Illuminate\\Routing\\Pipeline->handleException(Object(Illuminate\\Http\\Request), Object(Illuminate\\Database\\Eloquent\\ModelNotFoundException))
#23 /Users/macbookshop/Desktop/Projects/Developments/DNA-Web/DNA-Frontend/vendor/laravel/framework/src/Illuminate/Foundation/Http/Middleware/PreventRequestForgery.php(104): Illuminate\\Pipeline\\Pipeline->{closure:{closure:Illuminate\\Pipeline\\Pipeline::carry():194}:195}(Object(Illuminate\\Http\\Request))
#24 /Users/macbookshop/Desktop/Projects/Developments/DNA-Web/DNA-Frontend/vendor/laravel/framework/src/Illuminate/Pipeline/Pipeline.php(219): Illuminate\\Foundation\\Http\\Middleware\\PreventRequestForgery->handle(Object(Illuminate\\Http\\Request), Object(Closure))
#25 /Users/macbookshop/Desktop/Projects/Developments/DNA-Web/DNA-Frontend/vendor/laravel/framework/src/Illuminate/View/Middleware/ShareErrorsFromSession.php(48): Illuminate\\Pipeline\\Pipeline->{closure:{closure:Illuminate\\Pipeline\\Pipeline::carry():194}:195}(Object(Illuminate\\Http\\Request))
#26 /Users/macbookshop/Desktop/Projects/Developments/DNA-Web/DNA-Frontend/vendor/laravel/framework/src/Illuminate/Pipeline/Pipeline.php(219): Illuminate\\View\\Middleware\\ShareErrorsFromSession->handle(Object(Illuminate\\Http\\Request), Object(Closure))
#27 /Users/macbookshop/Desktop/Projects/Developments/DNA-Web/DNA-Frontend/vendor/laravel/framework/src/Illuminate/Session/Middleware/StartSession.php(120): Illuminate\\Pipeline\\Pipeline->{closure:{closure:Illuminate\\Pipeline\\Pipeline::carry():194}:195}(Object(Illuminate\\Http\\Request))
#28 /Users/macbookshop/Desktop/Projects/Developments/DNA-Web/DNA-Frontend/vendor/laravel/framework/src/Illuminate/Session/Middleware/StartSession.php(63): Illuminate\\Session\\Middleware\\StartSession->handleStatefulRequest(Object(Illuminate\\Http\\Request), Object(Illuminate\\Session\\Store), Object(Closure))
#29 /Users/macbookshop/Desktop/Projects/Developments/DNA-Web/DNA-Frontend/vendor/laravel/framework/src/Illuminate/Pipeline/Pipeline.php(219): Illuminate\\Session\\Middleware\\StartSession->handle(Object(Illuminate\\Http\\Request), Object(Closure))
#30 /Users/macbookshop/Desktop/Projects/Developments/DNA-Web/DNA-Frontend/vendor/laravel/framework/src/Illuminate/Cookie/Middleware/AddQueuedCookiesToResponse.php(36): Illuminate\\Pipeline\\Pipeline->{closure:{closure:Illuminate\\Pipeline\\Pipeline::carry():194}:195}(Object(Illuminate\\Http\\Request))
#31 /Users/macbookshop/Desktop/Projects/Developments/DNA-Web/DNA-Frontend/vendor/laravel/framework/src/Illuminate/Pipeline/Pipeline.php(219): Illuminate\\Cookie\\Middleware\\AddQueuedCookiesToResponse->handle(Object(Illuminate\\Http\\Request), Object(Closure))
#32 /Users/macbookshop/Desktop/Projects/Developments/DNA-Web/DNA-Frontend/vendor/laravel/framework/src/Illuminate/Cookie/Middleware/EncryptCookies.php(74): Illuminate\\Pipeline\\Pipeline->{closure:{closure:Illuminate\\Pipeline\\Pipeline::carry():194}:195}(Object(Illuminate\\Http\\Request))
#33 /Users/macbookshop/Desktop/Projects/Developments/DNA-Web/DNA-Frontend/vendor/laravel/framework/src/Illuminate/Pipeline/Pipeline.php(219): Illuminate\\Cookie\\Middleware\\EncryptCookies->handle(Object(Illuminate\\Http\\Request), Object(Closure))
#34 /Users/macbookshop/Desktop/Projects/Developments/DNA-Web/DNA-Frontend/vendor/laravel/framework/src/Illuminate/Pipeline/Pipeline.php(137): Illuminate\\Pipeline\\Pipeline->{closure:{closure:Illuminate\\Pipeline\\Pipeline::carry():194}:195}(Object(Illuminate\\Http\\Request))
#35 /Users/macbookshop/Desktop/Projects/Developments/DNA-Web/DNA-Frontend/vendor/laravel/framework/src/Illuminate/Routing/Router.php(821): Illuminate\\Pipeline\\Pipeline->then(Object(Closure))
#36 /Users/macbookshop/Desktop/Projects/Developments/DNA-Web/DNA-Frontend/vendor/laravel/framework/src/Illuminate/Routing/Router.php(800): Illuminate\\Routing\\Router->runRouteWithinStack(Object(Illuminate\\Routing\\Route), Object(Illuminate\\Http\\Request))
#37 /Users/macbookshop/Desktop/Projects/Developments/DNA-Web/DNA-Frontend/vendor/laravel/framework/src/Illuminate/Routing/Router.php(764): Illuminate\\Routing\\Router->runRoute(Object(Illuminate\\Http\\Request), Object(Illuminate\\Routing\\Route))
#38 /Users/macbookshop/Desktop/Projects/Developments/DNA-Web/DNA-Frontend/vendor/laravel/framework/src/Illuminate/Routing/Router.php(753): Illuminate\\Routing\\Router->dispatchToRoute(Object(Illuminate\\Http\\Request))
#39 /Users/macbookshop/Desktop/Projects/Developments/DNA-Web/DNA-Frontend/vendor/laravel/framework/src/Illuminate/Foundation/Http/Kernel.php(200): Illuminate\\Routing\\Router->dispatch(Object(Illuminate\\Http\\Request))
#40 /Users/macbookshop/Desktop/Projects/Developments/DNA-Web/DNA-Frontend/vendor/laravel/framework/src/Illuminate/Pipeline/Pipeline.php(180): Illuminate\\Foundation\\Http\\Kernel->{closure:Illuminate\\Foundation\\Http\\Kernel::dispatchToRouter():197}(Object(Illuminate\\Http\\Request))
#41 /Users/macbookshop/Desktop/Projects/Developments/DNA-Web/DNA-Frontend/vendor/laravel/framework/src/Illuminate/Foundation/Http/Middleware/TransformsRequest.php(21): Illuminate\\Pipeline\\Pipeline->{closure:Illuminate\\Pipeline\\Pipeline::prepareDestination():178}(Object(Illuminate\\Http\\Request))
#42 /Users/macbookshop/Desktop/Projects/Developments/DNA-Web/DNA-Frontend/vendor/laravel/framework/src/Illuminate/Foundation/Http/Middleware/ConvertEmptyStringsToNull.php(31): Illuminate\\Foundation\\Http\\Middleware\\TransformsRequest->handle(Object(Illuminate\\Http\\Request), Object(Closure))
#43 /Users/macbookshop/Desktop/Projects/Developments/DNA-Web/DNA-Frontend/vendor/laravel/framework/src/Illuminate/Pipeline/Pipeline.php(219): Illuminate\\Foundation\\Http\\Middleware\\ConvertEmptyStringsToNull->handle(Object(Illuminate\\Http\\Request), Object(Closure))
#44 /Users/macbookshop/Desktop/Projects/Developments/DNA-Web/DNA-Frontend/vendor/laravel/framework/src/Illuminate/Foundation/Http/Middleware/TransformsRequest.php(21): Illuminate\\Pipeline\\Pipeline->{closure:{closure:Illuminate\\Pipeline\\Pipeline::carry():194}:195}(Object(Illuminate\\Http\\Request))
#45 /Users/macbookshop/Desktop/Projects/Developments/DNA-Web/DNA-Frontend/vendor/laravel/framework/src/Illuminate/Foundation/Http/Middleware/TrimStrings.php(51): Illuminate\\Foundation\\Http\\Middleware\\TransformsRequest->handle(Object(Illuminate\\Http\\Request), Object(Closure))
#46 /Users/macbookshop/Desktop/Projects/Developments/DNA-Web/DNA-Frontend/vendor/laravel/framework/src/Illuminate/Pipeline/Pipeline.php(219): Illuminate\\Foundation\\Http\\Middleware\\TrimStrings->handle(Object(Illuminate\\Http\\Request), Object(Closure))
#47 /Users/macbookshop/Desktop/Projects/Developments/DNA-Web/DNA-Frontend/vendor/laravel/framework/src/Illuminate/Http/Middleware/ValidatePostSize.php(27): Illuminate\\Pipeline\\Pipeline->{closure:{closure:Illuminate\\Pipeline\\Pipeline::carry():194}:195}(Object(Illuminate\\Http\\Request))
#48 /Users/macbookshop/Desktop/Projects/Developments/DNA-Web/DNA-Frontend/vendor/laravel/framework/src/Illuminate/Pipeline/Pipeline.php(219): Illuminate\\Http\\Middleware\\ValidatePostSize->handle(Object(Illuminate\\Http\\Request), Object(Closure))
#49 /Users/macbookshop/Desktop/Projects/Developments/DNA-Web/DNA-Frontend/vendor/laravel/framework/src/Illuminate/Foundation/Http/Middleware/PreventRequestsDuringMaintenance.php(109): Illuminate\\Pipeline\\Pipeline->{closure:{closure:Illuminate\\Pipeline\\Pipeline::carry():194}:195}(Object(Illuminate\\Http\\Request))
#50 /Users/macbookshop/Desktop/Projects/Developments/DNA-Web/DNA-Frontend/vendor/laravel/framework/src/Illuminate/Pipeline/Pipeline.php(219): Illuminate\\Foundation\\Http\\Middleware\\PreventRequestsDuringMaintenance->handle(Object(Illuminate\\Http\\Request), Object(Closure))
#51 /Users/macbookshop/Desktop/Projects/Developments/DNA-Web/DNA-Frontend/vendor/laravel/framework/src/Illuminate/Http/Middleware/HandleCors.php(61): Illuminate\\Pipeline\\Pipeline->{closure:{closure:Illuminate\\Pipeline\\Pipeline::carry():194}:195}(Object(Illuminate\\Http\\Request))
#52 /Users/macbookshop/Desktop/Projects/Developments/DNA-Web/DNA-Frontend/vendor/laravel/framework/src/Illuminate/Pipeline/Pipeline.php(219): Illuminate\\Http\\Middleware\\HandleCors->handle(Object(Illuminate\\Http\\Request), Object(Closure))
#53 /Users/macbookshop/Desktop/Projects/Developments/DNA-Web/DNA-Frontend/vendor/laravel/framework/src/Illuminate/Http/Middleware/TrustProxies.php(58): Illuminate\\Pipeline\\Pipeline->{closure:{closure:Illuminate\\Pipeline\\Pipeline::carry():194}:195}(Object(Illuminate\\Http\\Request))
#54 /Users/macbookshop/Desktop/Projects/Developments/DNA-Web/DNA-Frontend/vendor/laravel/framework/src/Illuminate/Pipeline/Pipeline.php(219): Illuminate\\Http\\Middleware\\TrustProxies->handle(Object(Illuminate\\Http\\Request), Object(Closure))
#55 /Users/macbookshop/Desktop/Projects/Developments/DNA-Web/DNA-Frontend/vendor/laravel/framework/src/Illuminate/Foundation/Http/Middleware/InvokeDeferredCallbacks.php(22): Illuminate\\Pipeline\\Pipeline->{closure:{closure:Illuminate\\Pipeline\\Pipeline::carry():194}:195}(Object(Illuminate\\Http\\Request))
#56 /Users/macbookshop/Desktop/Projects/Developments/DNA-Web/DNA-Frontend/vendor/laravel/framework/src/Illuminate/Pipeline/Pipeline.php(219): Illuminate\\Foundation\\Http\\Middleware\\InvokeDeferredCallbacks->handle(Object(Illuminate\\Http\\Request), Object(Closure))
#57 /Users/macbookshop/Desktop/Projects/Developments/DNA-Web/DNA-Frontend/vendor/laravel/framework/src/Illuminate/Http/Middleware/ValidatePathEncoding.php(28): Illuminate\\Pipeline\\Pipeline->{closure:{closure:Illuminate\\Pipeline\\Pipeline::carry():194}:195}(Object(Illuminate\\Http\\Request))
#58 /Users/macbookshop/Desktop/Projects/Developments/DNA-Web/DNA-Frontend/vendor/laravel/framework/src/Illuminate/Pipeline/Pipeline.php(219): Illuminate\\Http\\Middleware\\ValidatePathEncoding->handle(Object(Illuminate\\Http\\Request), Object(Closure))
#59 /Users/macbookshop/Desktop/Projects/Developments/DNA-Web/DNA-Frontend/vendor/laravel/framework/src/Illuminate/Pipeline/Pipeline.php(137): Illuminate\\Pipeline\\Pipeline->{closure:{closure:Illuminate\\Pipeline\\Pipeline::carry():194}:195}(Object(Illuminate\\Http\\Request))
#60 /Users/macbookshop/Desktop/Projects/Developments/DNA-Web/DNA-Frontend/vendor/laravel/framework/src/Illuminate/Foundation/Http/Kernel.php(175): Illuminate\\Pipeline\\Pipeline->then(Object(Closure))
#61 /Users/macbookshop/Desktop/Projects/Developments/DNA-Web/DNA-Frontend/vendor/laravel/framework/src/Illuminate/Foundation/Http/Kernel.php(144): Illuminate\\Foundation\\Http\\Kernel->sendRequestThroughRouter(Object(Illuminate\\Http\\Request))
#62 /Users/macbookshop/Desktop/Projects/Developments/DNA-Web/DNA-Frontend/vendor/laravel/framework/src/Illuminate/Foundation/Testing/Concerns/MakesHttpRequests.php(638): Illuminate\\Foundation\\Http\\Kernel->handle(Object(Illuminate\\Http\\Request))
#63 /Users/macbookshop/Desktop/Projects/Developments/DNA-Web/DNA-Frontend/vendor/laravel/framework/src/Illuminate/Foundation/Testing/Concerns/MakesHttpRequests.php(368): Illuminate\\Foundation\\Testing\\TestCase->call('GET', '/ku/result/8f8d...', Array, Array, Array, Array)
#64 /Users/macbookshop/Desktop/Projects/Developments/DNA-Web/DNA-Frontend/tests/Feature/AnalysisTest.php(202): Illuminate\\Foundation\\Testing\\TestCase->get('/ku/result/8f8d...')
#65 /Users/macbookshop/Desktop/Projects/Developments/DNA-Web/DNA-Frontend/vendor/phpunit/phpunit/src/Framework/TestCase.php(1318): Tests\\Feature\\AnalysisTest->test_an_expired_result_id_returns_a_translated_404()
#66 /Users/macbookshop/Desktop/Projects/Developments/DNA-Web/DNA-Frontend/vendor/phpunit/phpunit/src/Framework/TestCase.php(1355): PHPUnit\\Framework\\TestCase->invokeTestMethod('test_an_expired...', Array)
#67 /Users/macbookshop/Desktop/Projects/Developments/DNA-Web/DNA-Frontend/vendor/phpunit/phpunit/src/Framework/TestCase.php(521): PHPUnit\\Framework\\TestCase->runTest()
#68 /Users/macbookshop/Desktop/Projects/Developments/DNA-Web/DNA-Frontend/vendor/phpunit/phpunit/src/Framework/TestRunner/TestRunner.php(99): PHPUnit\\Framework\\TestCase->runBare()
#69 /Users/macbookshop/Desktop/Projects/Developments/DNA-Web/DNA-Frontend/vendor/phpunit/phpunit/src/Framework/TestCase.php(361): PHPUnit\\Framework\\TestRunner->run(Object(Tests\\Feature\\AnalysisTest))
#70 /Users/macbookshop/Desktop/Projects/Developments/DNA-Web/DNA-Frontend/vendor/phpunit/phpunit/src/Framework/TestSuite.php(374): PHPUnit\\Framework\\TestCase->run()
#71 /Users/macbookshop/Desktop/Projects/Developments/DNA-Web/DNA-Frontend/vendor/phpunit/phpunit/src/Framework/TestSuite.php(374): PHPUnit\\Framework\\TestSuite->run()
#72 /Users/macbookshop/Desktop/Projects/Developments/DNA-Web/DNA-Frontend/vendor/phpunit/phpunit/src/Framework/TestSuite.php(374): PHPUnit\\Framework\\TestSuite->run()
#73 /Users/macbookshop/Desktop/Projects/Developments/DNA-Web/DNA-Frontend/vendor/phpunit/phpunit/src/TextUI/TestRunner.php(64): PHPUnit\\Framework\\TestSuite->run()
#74 /Users/macbookshop/Desktop/Projects/Developments/DNA-Web/DNA-Frontend/vendor/phpunit/phpunit/src/TextUI/Application.php(229): PHPUnit\\TextUI\\TestRunner->run(Object(PHPUnit\\TextUI\\Configuration\\Configuration), Object(PHPUnit\\Runner\\ResultCache\\DefaultResultCache), Object(PHPUnit\\Framework\\TestSuite))
#75 /Users/macbookshop/Desktop/Projects/Developments/DNA-Web/DNA-Frontend/vendor/phpunit/phpunit/phpunit(104): PHPUnit\\TextUI\\Application->run(Array)
#76 {main}

[previous exception] [object] (Illuminate\\Routing\\Exceptions\\UrlGenerationException(code: 0): Missing required parameter for [Route: analysis.index] [URI: {locale}] [Missing parameter: locale]. at /Users/macbookshop/Desktop/Projects/Developments/DNA-Web/DNA-Frontend/vendor/laravel/framework/src/Illuminate/Routing/Exceptions/UrlGenerationException.php:35)
[stacktrace]
#0 /Users/macbookshop/Desktop/Projects/Developments/DNA-Web/DNA-Frontend/vendor/laravel/framework/src/Illuminate/Routing/RouteUrlGenerator.php(95): Illuminate\\Routing\\Exceptions\\UrlGenerationException::forMissingParameters(Object(Illuminate\\Routing\\Route), Array)
#1 /Users/macbookshop/Desktop/Projects/Developments/DNA-Web/DNA-Frontend/vendor/laravel/framework/src/Illuminate/Routing/UrlGenerator.php(557): Illuminate\\Routing\\RouteUrlGenerator->to(Object(Illuminate\\Routing\\Route), Array, true)
#2 /Users/macbookshop/Desktop/Projects/Developments/DNA-Web/DNA-Frontend/vendor/laravel/framework/src/Illuminate/Routing/UrlGenerator.php(534): Illuminate\\Routing\\UrlGenerator->toRoute(Object(Illuminate\\Routing\\Route), Array, true)
#3 /Users/macbookshop/Desktop/Projects/Developments/DNA-Web/DNA-Frontend/vendor/laravel/framework/src/Illuminate/Foundation/helpers.php(870): Illuminate\\Routing\\UrlGenerator->route('analysis.index', Array, true)
#4 /Users/macbookshop/Desktop/Projects/Developments/DNA-Web/DNA-Frontend/storage/framework/views/5412c5794b9520f727cb3f5abab9bc6b.php(35): route('analysis.index')
#5 /Users/macbookshop/Desktop/Projects/Developments/DNA-Web/DNA-Frontend/vendor/laravel/framework/src/Illuminate/Filesystem/Filesystem.php(123): require('/Users/macbooks...')
#6 /Users/macbookshop/Desktop/Projects/Developments/DNA-Web/DNA-Frontend/vendor/laravel/framework/src/Illuminate/Filesystem/Filesystem.php(124): Illuminate\\Filesystem\\Filesystem::{closure:Illuminate\\Filesystem\\Filesystem::getRequire():120}()
#7 /Users/macbookshop/Desktop/Projects/Developments/DNA-Web/DNA-Frontend/vendor/laravel/framework/src/Illuminate/View/Engines/PhpEngine.php(57): Illuminate\\Filesystem\\Filesystem->getRequire('/Users/macbooks...', Array)
#8 /Users/macbookshop/Desktop/Projects/Developments/DNA-Web/DNA-Frontend/vendor/laravel/framework/src/Illuminate/View/Engines/CompilerEngine.php(76): Illuminate\\View\\Engines\\PhpEngine->evaluatePath('/Users/macbooks...', Array)
#9 /Users/macbookshop/Desktop/Projects/Developments/DNA-Web/DNA-Frontend/vendor/laravel/framework/src/Illuminate/View/View.php(208): Illuminate\\View\\Engines\\CompilerEngine->get('/Users/macbooks...', Array)
#10 /Users/macbookshop/Desktop/Projects/Developments/DNA-Web/DNA-Frontend/vendor/laravel/framework/src/Illuminate/View/View.php(191): Illuminate\\View\\View->getContents()
#11 /Users/macbookshop/Desktop/Projects/Developments/DNA-Web/DNA-Frontend/vendor/laravel/framework/src/Illuminate/View/View.php(160): Illuminate\\View\\View->renderContents()
#12 /Users/macbookshop/Desktop/Projects/Developments/DNA-Web/DNA-Frontend/storage/framework/views/f058fb6fd3ae58a3027bb36a27ff1ec0.php(15): Illuminate\\View\\View->render()
#13 /Users/macbookshop/Desktop/Projects/Developments/DNA-Web/DNA-Frontend/vendor/laravel/framework/src/Illuminate/Filesystem/Filesystem.php(123): require('/Users/macbooks...')
#14 /Users/macbookshop/Desktop/Projects/Developments/DNA-Web/DNA-Frontend/vendor/laravel/framework/src/Illuminate/Filesystem/Filesystem.php(124): Illuminate\\Filesystem\\Filesystem::{closure:Illuminate\\Filesystem\\Filesystem::getRequire():120}()
#15 /Users/macbookshop/Desktop/Projects/Developments/DNA-Web/DNA-Frontend/vendor/laravel/framework/src/Illuminate/View/Engines/PhpEngine.php(57): Illuminate\\Filesystem\\Filesystem->getRequire('/Users/macbooks...', Array)
#16 /Users/macbookshop/Desktop/Projects/Developments/DNA-Web/DNA-Frontend/vendor/laravel/framework/src/Illuminate/View/Engines/CompilerEngine.php(76): Illuminate\\View\\Engines\\PhpEngine->evaluatePath('/Users/macbooks...', Array)
#17 /Users/macbookshop/Desktop/Projects/Developments/DNA-Web/DNA-Frontend/vendor/laravel/framework/src/Illuminate/View/View.php(208): Illuminate\\View\\Engines\\CompilerEngine->get('/Users/macbooks...', Array)
#18 /Users/macbookshop/Desktop/Projects/Developments/DNA-Web/DNA-Frontend/vendor/laravel/framework/src/Illuminate/View/View.php(191): Illuminate\\View\\View->getContents()
#19 /Users/macbookshop/Desktop/Projects/Developments/DNA-Web/DNA-Frontend/vendor/laravel/framework/src/Illuminate/View/View.php(160): Illuminate\\View\\View->renderContents()
#20 /Users/macbookshop/Desktop/Projects/Developments/DNA-Web/DNA-Frontend/vendor/laravel/framework/src/Illuminate/Http/Response.php(82): Illuminate\\View\\View->render()
#21 /Users/macbookshop/Desktop/Projects/Developments/DNA-Web/DNA-Frontend/vendor/laravel/framework/src/Illuminate/Http/Response.php(40): Illuminate\\Http\\Response->setContent(Object(Illuminate\\View\\View))
#22 /Users/macbookshop/Desktop/Projects/Developments/DNA-Web/DNA-Frontend/vendor/laravel/framework/src/Illuminate/Routing/ResponseFactory.php(61): Illuminate\\Http\\Response->__construct(Object(Illuminate\\View\\View), 404, Array)
#23 /Users/macbookshop/Desktop/Projects/Developments/DNA-Web/DNA-Frontend/vendor/laravel/framework/src/Illuminate/Routing/ResponseFactory.php(91): Illuminate\\Routing\\ResponseFactory->make(Object(Illuminate\\View\\View), 404, Array)
#24 /Users/macbookshop/Desktop/Projects/Developments/DNA-Web/DNA-Frontend/vendor/laravel/framework/src/Illuminate/Foundation/Exceptions/Handler.php(1031): Illuminate\\Routing\\ResponseFactory->view('errors::404', Array, 404, Array)
#25 /Users/macbookshop/Desktop/Projects/Developments/DNA-Web/DNA-Frontend/vendor/laravel/framework/src/Illuminate/Foundation/Exceptions/Handler.php(950): Illuminate\\Foundation\\Exceptions\\Handler->renderHttpException(Object(Symfony\\Component\\HttpKernel\\Exception\\NotFoundHttpException))
#26 /Users/macbookshop/Desktop/Projects/Developments/DNA-Web/DNA-Frontend/vendor/laravel/framework/src/Illuminate/Foundation/Exceptions/Handler.php(833): Illuminate\\Foundation\\Exceptions\\Handler->prepareResponse(Object(Illuminate\\Http\\Request), Object(Symfony\\Component\\HttpKernel\\Exception\\NotFoundHttpException))
#27 /Users/macbookshop/Desktop/Projects/Developments/DNA-Web/DNA-Frontend/vendor/laravel/framework/src/Illuminate/Foundation/Exceptions/Handler.php(720): Illuminate\\Foundation\\Exceptions\\Handler->renderExceptionResponse(Object(Illuminate\\Http\\Request), Object(Symfony\\Component\\HttpKernel\\Exception\\NotFoundHttpException))
#28 /Users/macbookshop/Desktop/Projects/Developments/DNA-Web/DNA-Frontend/vendor/laravel/framework/src/Illuminate/Routing/Pipeline.php(51): Illuminate\\Foundation\\Exceptions\\Handler->render(Object(Illuminate\\Http\\Request), Object(Symfony\\Component\\HttpKernel\\Exception\\NotFoundHttpException))
#29 /Users/macbookshop/Desktop/Projects/Developments/DNA-Web/DNA-Frontend/vendor/laravel/framework/src/Illuminate/Pipeline/Pipeline.php(224): Illuminate\\Routing\\Pipeline->handleException(Object(Illuminate\\Http\\Request), Object(Illuminate\\Database\\Eloquent\\ModelNotFoundException))
#30 /Users/macbookshop/Desktop/Projects/Developments/DNA-Web/DNA-Frontend/vendor/laravel/framework/src/Illuminate/Foundation/Http/Middleware/PreventRequestForgery.php(104): Illuminate\\Pipeline\\Pipeline->{closure:{closure:Illuminate\\Pipeline\\Pipeline::carry():194}:195}(Object(Illuminate\\Http\\Request))
#31 /Users/macbookshop/Desktop/Projects/Developments/DNA-Web/DNA-Frontend/vendor/laravel/framework/src/Illuminate/Pipeline/Pipeline.php(219): Illuminate\\Foundation\\Http\\Middleware\\PreventRequestForgery->handle(Object(Illuminate\\Http\\Request), Object(Closure))
#32 /Users/macbookshop/Desktop/Projects/Developments/DNA-Web/DNA-Frontend/vendor/laravel/framework/src/Illuminate/View/Middleware/ShareErrorsFromSession.php(48): Illuminate\\Pipeline\\Pipeline->{closure:{closure:Illuminate\\Pipeline\\Pipeline::carry():194}:195}(Object(Illuminate\\Http\\Request))
#33 /Users/macbookshop/Desktop/Projects/Developments/DNA-Web/DNA-Frontend/vendor/laravel/framework/src/Illuminate/Pipeline/Pipeline.php(219): Illuminate\\View\\Middleware\\ShareErrorsFromSession->handle(Object(Illuminate\\Http\\Request), Object(Closure))
#34 /Users/macbookshop/Desktop/Projects/Developments/DNA-Web/DNA-Frontend/vendor/laravel/framework/src/Illuminate/Session/Middleware/StartSession.php(120): Illuminate\\Pipeline\\Pipeline->{closure:{closure:Illuminate\\Pipeline\\Pipeline::carry():194}:195}(Object(Illuminate\\Http\\Request))
#35 /Users/macbookshop/Desktop/Projects/Developments/DNA-Web/DNA-Frontend/vendor/laravel/framework/src/Illuminate/Session/Middleware/StartSession.php(63): Illuminate\\Session\\Middleware\\StartSession->handleStatefulRequest(Object(Illuminate\\Http\\Request), Object(Illuminate\\Session\\Store), Object(Closure))
#36 /Users/macbookshop/Desktop/Projects/Developments/DNA-Web/DNA-Frontend/vendor/laravel/framework/src/Illuminate/Pipeline/Pipeline.php(219): Illuminate\\Session\\Middleware\\StartSession->handle(Object(Illuminate\\Http\\Request), Object(Closure))
#37 /Users/macbookshop/Desktop/Projects/Developments/DNA-Web/DNA-Frontend/vendor/laravel/framework/src/Illuminate/Cookie/Middleware/AddQueuedCookiesToResponse.php(36): Illuminate\\Pipeline\\Pipeline->{closure:{closure:Illuminate\\Pipeline\\Pipeline::carry():194}:195}(Object(Illuminate\\Http\\Request))
#38 /Users/macbookshop/Desktop/Projects/Developments/DNA-Web/DNA-Frontend/vendor/laravel/framework/src/Illuminate/Pipeline/Pipeline.php(219): Illuminate\\Cookie\\Middleware\\AddQueuedCookiesToResponse->handle(Object(Illuminate\\Http\\Request), Object(Closure))
#39 /Users/macbookshop/Desktop/Projects/Developments/DNA-Web/DNA-Frontend/vendor/laravel/framework/src/Illuminate/Cookie/Middleware/EncryptCookies.php(74): Illuminate\\Pipeline\\Pipeline->{closure:{closure:Illuminate\\Pipeline\\Pipeline::carry():194}:195}(Object(Illuminate\\Http\\Request))
#40 /Users/macbookshop/Desktop/Projects/Developments/DNA-Web/DNA-Frontend/vendor/laravel/framework/src/Illuminate/Pipeline/Pipeline.php(219): Illuminate\\Cookie\\Middleware\\EncryptCookies->handle(Object(Illuminate\\Http\\Request), Object(Closure))
#41 /Users/macbookshop/Desktop/Projects/Developments/DNA-Web/DNA-Frontend/vendor/laravel/framework/src/Illuminate/Pipeline/Pipeline.php(137): Illuminate\\Pipeline\\Pipeline->{closure:{closure:Illuminate\\Pipeline\\Pipeline::carry():194}:195}(Object(Illuminate\\Http\\Request))
#42 /Users/macbookshop/Desktop/Projects/Developments/DNA-Web/DNA-Frontend/vendor/laravel/framework/src/Illuminate/Routing/Router.php(821): Illuminate\\Pipeline\\Pipeline->then(Object(Closure))
#43 /Users/macbookshop/Desktop/Projects/Developments/DNA-Web/DNA-Frontend/vendor/laravel/framework/src/Illuminate/Routing/Router.php(800): Illuminate\\Routing\\Router->runRouteWithinStack(Object(Illuminate\\Routing\\Route), Object(Illuminate\\Http\\Request))
#44 /Users/macbookshop/Desktop/Projects/Developments/DNA-Web/DNA-Frontend/vendor/laravel/framework/src/Illuminate/Routing/Router.php(764): Illuminate\\Routing\\Router->runRoute(Object(Illuminate\\Http\\Request), Object(Illuminate\\Routing\\Route))
#45 /Users/macbookshop/Desktop/Projects/Developments/DNA-Web/DNA-Frontend/vendor/laravel/framework/src/Illuminate/Routing/Router.php(753): Illuminate\\Routing\\Router->dispatchToRoute(Object(Illuminate\\Http\\Request))
#46 /Users/macbookshop/Desktop/Projects/Developments/DNA-Web/DNA-Frontend/vendor/laravel/framework/src/Illuminate/Foundation/Http/Kernel.php(200): Illuminate\\Routing\\Router->dispatch(Object(Illuminate\\Http\\Request))
#47 /Users/macbookshop/Desktop/Projects/Developments/DNA-Web/DNA-Frontend/vendor/laravel/framework/src/Illuminate/Pipeline/Pipeline.php(180): Illuminate\\Foundation\\Http\\Kernel->{closure:Illuminate\\Foundation\\Http\\Kernel::dispatchToRouter():197}(Object(Illuminate\\Http\\Request))
#48 /Users/macbookshop/Desktop/Projects/Developments/DNA-Web/DNA-Frontend/vendor/laravel/framework/src/Illuminate/Foundation/Http/Middleware/TransformsRequest.php(21): Illuminate\\Pipeline\\Pipeline->{closure:Illuminate\\Pipeline\\Pipeline::prepareDestination():178}(Object(Illuminate\\Http\\Request))
#49 /Users/macbookshop/Desktop/Projects/Developments/DNA-Web/DNA-Frontend/vendor/laravel/framework/src/Illuminate/Foundation/Http/Middleware/ConvertEmptyStringsToNull.php(31): Illuminate\\Foundation\\Http\\Middleware\\TransformsRequest->handle(Object(Illuminate\\Http\\Request), Object(Closure))
#50 /Users/macbookshop/Desktop/Projects/Developments/DNA-Web/DNA-Frontend/vendor/laravel/framework/src/Illuminate/Pipeline/Pipeline.php(219): Illuminate\\Foundation\\Http\\Middleware\\ConvertEmptyStringsToNull->handle(Object(Illuminate\\Http\\Request), Object(Closure))
#51 /Users/macbookshop/Desktop/Projects/Developments/DNA-Web/DNA-Frontend/vendor/laravel/framework/src/Illuminate/Foundation/Http/Middleware/TransformsRequest.php(21): Illuminate\\Pipeline\\Pipeline->{closure:{closure:Illuminate\\Pipeline\\Pipeline::carry():194}:195}(Object(Illuminate\\Http\\Request))
#52 /Users/macbookshop/Desktop/Projects/Developments/DNA-Web/DNA-Frontend/vendor/laravel/framework/src/Illuminate/Foundation/Http/Middleware/TrimStrings.php(51): Illuminate\\Foundation\\Http\\Middleware\\TransformsRequest->handle(Object(Illuminate\\Http\\Request), Object(Closure))
#53 /Users/macbookshop/Desktop/Projects/Developments/DNA-Web/DNA-Frontend/vendor/laravel/framework/src/Illuminate/Pipeline/Pipeline.php(219): Illuminate\\Foundation\\Http\\Middleware\\TrimStrings->handle(Object(Illuminate\\Http\\Request), Object(Closure))
#54 /Users/macbookshop/Desktop/Projects/Developments/DNA-Web/DNA-Frontend/vendor/laravel/framework/src/Illuminate/Http/Middleware/ValidatePostSize.php(27): Illuminate\\Pipeline\\Pipeline->{closure:{closure:Illuminate\\Pipeline\\Pipeline::carry():194}:195}(Object(Illuminate\\Http\\Request))
#55 /Users/macbookshop/Desktop/Projects/Developments/DNA-Web/DNA-Frontend/vendor/laravel/framework/src/Illuminate/Pipeline/Pipeline.php(219): Illuminate\\Http\\Middleware\\ValidatePostSize->handle(Object(Illuminate\\Http\\Request), Object(Closure))
#56 /Users/macbookshop/Desktop/Projects/Developments/DNA-Web/DNA-Frontend/vendor/laravel/framework/src/Illuminate/Foundation/Http/Middleware/PreventRequestsDuringMaintenance.php(109): Illuminate\\Pipeline\\Pipeline->{closure:{closure:Illuminate\\Pipeline\\Pipeline::carry():194}:195}(Object(Illuminate\\Http\\Request))
#57 /Users/macbookshop/Desktop/Projects/Developments/DNA-Web/DNA-Frontend/vendor/laravel/framework/src/Illuminate/Pipeline/Pipeline.php(219): Illuminate\\Foundation\\Http\\Middleware\\PreventRequestsDuringMaintenance->handle(Object(Illuminate\\Http\\Request), Object(Closure))
#58 /Users/macbookshop/Desktop/Projects/Developments/DNA-Web/DNA-Frontend/vendor/laravel/framework/src/Illuminate/Http/Middleware/HandleCors.php(61): Illuminate\\Pipeline\\Pipeline->{closure:{closure:Illuminate\\Pipeline\\Pipeline::carry():194}:195}(Object(Illuminate\\Http\\Request))
#59 /Users/macbookshop/Desktop/Projects/Developments/DNA-Web/DNA-Frontend/vendor/laravel/framework/src/Illuminate/Pipeline/Pipeline.php(219): Illuminate\\Http\\Middleware\\HandleCors->handle(Object(Illuminate\\Http\\Request), Object(Closure))
#60 /Users/macbookshop/Desktop/Projects/Developments/DNA-Web/DNA-Frontend/vendor/laravel/framework/src/Illuminate/Http/Middleware/TrustProxies.php(58): Illuminate\\Pipeline\\Pipeline->{closure:{closure:Illuminate\\Pipeline\\Pipeline::carry():194}:195}(Object(Illuminate\\Http\\Request))
#61 /Users/macbookshop/Desktop/Projects/Developments/DNA-Web/DNA-Frontend/vendor/laravel/framework/src/Illuminate/Pipeline/Pipeline.php(219): Illuminate\\Http\\Middleware\\TrustProxies->handle(Object(Illuminate\\Http\\Request), Object(Closure))
#62 /Users/macbookshop/Desktop/Projects/Developments/DNA-Web/DNA-Frontend/vendor/laravel/framework/src/Illuminate/Foundation/Http/Middleware/InvokeDeferredCallbacks.php(22): Illuminate\\Pipeline\\Pipeline->{closure:{closure:Illuminate\\Pipeline\\Pipeline::carry():194}:195}(Object(Illuminate\\Http\\Request))
#63 /Users/macbookshop/Desktop/Projects/Developments/DNA-Web/DNA-Frontend/vendor/laravel/framework/src/Illuminate/Pipeline/Pipeline.php(219): Illuminate\\Foundation\\Http\\Middleware\\InvokeDeferredCallbacks->handle(Object(Illuminate\\Http\\Request), Object(Closure))
#64 /Users/macbookshop/Desktop/Projects/Developments/DNA-Web/DNA-Frontend/vendor/laravel/framework/src/Illuminate/Http/Middleware/ValidatePathEncoding.php(28): Illuminate\\Pipeline\\Pipeline->{closure:{closure:Illuminate\\Pipeline\\Pipeline::carry():194}:195}(Object(Illuminate\\Http\\Request))
#65 /Users/macbookshop/Desktop/Projects/Developments/DNA-Web/DNA-Frontend/vendor/laravel/framework/src/Illuminate/Pipeline/Pipeline.php(219): Illuminate\\Http\\Middleware\\ValidatePathEncoding->handle(Object(Illuminate\\Http\\Request), Object(Closure))
#66 /Users/macbookshop/Desktop/Projects/Developments/DNA-Web/DNA-Frontend/vendor/laravel/framework/src/Illuminate/Pipeline/Pipeline.php(137): Illuminate\\Pipeline\\Pipeline->{closure:{closure:Illuminate\\Pipeline\\Pipeline::carry():194}:195}(Object(Illuminate\\Http\\Request))
#67 /Users/macbookshop/Desktop/Projects/Developments/DNA-Web/DNA-Frontend/vendor/laravel/framework/src/Illuminate/Foundation/Http/Kernel.php(175): Illuminate\\Pipeline\\Pipeline->then(Object(Closure))
#68 /Users/macbookshop/Desktop/Projects/Developments/DNA-Web/DNA-Frontend/vendor/laravel/framework/src/Illuminate/Foundation/Http/Kernel.php(144): Illuminate\\Foundation\\Http\\Kernel->sendRequestThroughRouter(Object(Illuminate\\Http\\Request))
#69 /Users/macbookshop/Desktop/Projects/Developments/DNA-Web/DNA-Frontend/vendor/laravel/framework/src/Illuminate/Foundation/Testing/Concerns/MakesHttpRequests.php(638): Illuminate\\Foundation\\Http\\Kernel->handle(Object(Illuminate\\Http\\Request))
#70 /Users/macbookshop/Desktop/Projects/Developments/DNA-Web/DNA-Frontend/vendor/laravel/framework/src/Illuminate/Foundation/Testing/Concerns/MakesHttpRequests.php(368): Illuminate\\Foundation\\Testing\\TestCase->call('GET', '/ku/result/8f8d...', Array, Array, Array, Array)
#71 /Users/macbookshop/Desktop/Projects/Developments/DNA-Web/DNA-Frontend/tests/Feature/AnalysisTest.php(202): Illuminate\\Foundation\\Testing\\TestCase->get('/ku/result/8f8d...')
#72 /Users/macbookshop/Desktop/Projects/Developments/DNA-Web/DNA-Frontend/vendor/phpunit/phpunit/src/Framework/TestCase.php(1318): Tests\\Feature\\AnalysisTest->test_an_expired_result_id_returns_a_translated_404()
#73 /Users/macbookshop/Desktop/Projects/Developments/DNA-Web/DNA-Frontend/vendor/phpunit/phpunit/src/Framework/TestCase.php(1355): PHPUnit\\Framework\\TestCase->invokeTestMethod('test_an_expired...', Array)
#74 /Users/macbookshop/Desktop/Projects/Developments/DNA-Web/DNA-Frontend/vendor/phpunit/phpunit/src/Framework/TestCase.php(521): PHPUnit\\Framework\\TestCase->runTest()
#75 /Users/macbookshop/Desktop/Projects/Developments/DNA-Web/DNA-Frontend/vendor/phpunit/phpunit/src/Framework/TestRunner/TestRunner.php(99): PHPUnit\\Framework\\TestCase->runBare()
#76 /Users/macbookshop/Desktop/Projects/Developments/DNA-Web/DNA-Frontend/vendor/phpunit/phpunit/src/Framework/TestCase.php(361): PHPUnit\\Framework\\TestRunner->run(Object(Tests\\Feature\\AnalysisTest))
#77 /Users/macbookshop/Desktop/Projects/Developments/DNA-Web/DNA-Frontend/vendor/phpunit/phpunit/src/Framework/TestSuite.php(374): PHPUnit\\Framework\\TestCase->run()
#78 /Users/macbookshop/Desktop/Projects/Developments/DNA-Web/DNA-Frontend/vendor/phpunit/phpunit/src/Framework/TestSuite.php(374): PHPUnit\\Framework\\TestSuite->run()
#79 /Users/macbookshop/Desktop/Projects/Developments/DNA-Web/DNA-Frontend/vendor/phpunit/phpunit/src/Framework/TestSuite.php(374): PHPUnit\\Framework\\TestSuite->run()
#80 /Users/macbookshop/Desktop/Projects/Developments/DNA-Web/DNA-Frontend/vendor/phpunit/phpunit/src/TextUI/TestRunner.php(64): PHPUnit\\Framework\\TestSuite->run()
#81 /Users/macbookshop/Desktop/Projects/Developments/DNA-Web/DNA-Frontend/vendor/phpunit/phpunit/src/TextUI/Application.php(229): PHPUnit\\TextUI\\TestRunner->run(Object(PHPUnit\\TextUI\\Configuration\\Configuration), Object(PHPUnit\\Runner\\ResultCache\\DefaultResultCache), Object(PHPUnit\\Framework\\TestSuite))
#82 /Users/macbookshop/Desktop/Projects/Developments/DNA-Web/DNA-Frontend/vendor/phpunit/phpunit/phpunit(104): PHPUnit\\TextUI\\Application->run(Array)
#83 {main}
"} 
[2026-08-11 19:30:36] testing.ERROR: Compiler backend unreachable {"request_id":"7bb92c7a-a965-4bd5-9549-514c52ed5337","message":"down"} 
[2026-08-11 19:30:36] testing.ERROR: Missing required parameter for [Route: analysis.index] [URI: {locale}] [Missing parameter: locale]. (View: /Users/macbookshop/Desktop/Projects/Developments/DNA-Web/DNA-Frontend/resources/views/layouts/app.blade.php) (View: /Users/macbookshop/Desktop/Projects/Developments/DNA-Web/DNA-Frontend/resources/views/layouts/app.blade.php) {"exception":"[object] (Illuminate\\View\\ViewException(code: 0): Missing required parameter for [Route: analysis.index] [URI: {locale}] [Missing parameter: locale]. (View: /Users/macbookshop/Desktop/Projects/Developments/DNA-Web/DNA-Frontend/resources/views/layouts/app.blade.php) (View: /Users/macbookshop/Desktop/Projects/Developments/DNA-Web/DNA-Frontend/resources/views/layouts/app.blade.php) at /Users/macbookshop/Desktop/Projects/Developments/DNA-Web/DNA-Frontend/vendor/laravel/framework/src/Illuminate/Routing/Exceptions/UrlGenerationException.php:35)
[stacktrace]
#0 /Users/macbookshop/Desktop/Projects/Developments/DNA-Web/DNA-Frontend/vendor/laravel/framework/src/Illuminate/View/Engines/PhpEngine.php(59): Illuminate\\View\\Engines\\CompilerEngine->handleViewException(Object(Illuminate\\View\\ViewException), 1)
#1 /Users/macbookshop/Desktop/Projects/Developments/DNA-Web/DNA-Frontend/vendor/laravel/framework/src/Illuminate/View/Engines/CompilerEngine.php(76): Illuminate\\View\\Engines\\PhpEngine->evaluatePath('/Users/macbooks...', Array)
#2 /Users/macbookshop/Desktop/Projects/Developments/DNA-Web/DNA-Frontend/vendor/laravel/framework/src/Illuminate/View/View.php(208): Illuminate\\View\\Engines\\CompilerEngine->get('/Users/macbooks...', Array)
#3 /Users/macbookshop/Desktop/Projects/Developments/DNA-Web/DNA-Frontend/vendor/laravel/framework/src/Illuminate/View/View.php(191): Illuminate\\View\\View->getContents()
#4 /Users/macbookshop/Desktop/Projects/Developments/DNA-Web/DNA-Frontend/vendor/laravel/framework/src/Illuminate/View/View.php(160): Illuminate\\View\\View->renderContents()
#5 /Users/macbookshop/Desktop/Projects/Developments/DNA-Web/DNA-Frontend/vendor/laravel/framework/src/Illuminate/Http/Response.php(82): Illuminate\\View\\View->render()
#6 /Users/macbookshop/Desktop/Projects/Developments/DNA-Web/DNA-Frontend/vendor/laravel/framework/src/Illuminate/Http/Response.php(40): Illuminate\\Http\\Response->setContent(Object(Illuminate\\View\\View))
#7 /Users/macbookshop/Desktop/Projects/Developments/DNA-Web/DNA-Frontend/vendor/laravel/framework/src/Illuminate/Routing/ResponseFactory.php(61): Illuminate\\Http\\Response->__construct(Object(Illuminate\\View\\View), 404, Array)
#8 /Users/macbookshop/Desktop/Projects/Developments/DNA-Web/DNA-Frontend/vendor/laravel/framework/src/Illuminate/Routing/ResponseFactory.php(91): Illuminate\\Routing\\ResponseFactory->make(Object(Illuminate\\View\\View), 404, Array)
#9 /Users/macbookshop/Desktop/Projects/Developments/DNA-Web/DNA-Frontend/vendor/laravel/framework/src/Illuminate/Foundation/Exceptions/Handler.php(1031): Illuminate\\Routing\\ResponseFactory->view('errors::404', Array, 404, Array)
#10 /Users/macbookshop/Desktop/Projects/Developments/DNA-Web/DNA-Frontend/vendor/laravel/framework/src/Illuminate/Foundation/Exceptions/Handler.php(950): Illuminate\\Foundation\\Exceptions\\Handler->renderHttpException(Object(Symfony\\Component\\HttpKernel\\Exception\\NotFoundHttpException))
#11 /Users/macbookshop/Desktop/Projects/Developments/DNA-Web/DNA-Frontend/vendor/laravel/framework/src/Illuminate/Foundation/Exceptions/Handler.php(833): Illuminate\\Foundation\\Exceptions\\Handler->prepareResponse(Object(Illuminate\\Http\\Request), Object(Symfony\\Component\\HttpKernel\\Exception\\NotFoundHttpException))
#12 /Users/macbookshop/Desktop/Projects/Developments/DNA-Web/DNA-Frontend/vendor/laravel/framework/src/Illuminate/Foundation/Exceptions/Handler.php(720): Illuminate\\Foundation\\Exceptions\\Handler->renderExceptionResponse(Object(Illuminate\\Http\\Request), Object(Symfony\\Component\\HttpKernel\\Exception\\NotFoundHttpException))
#13 /Users/macbookshop/Desktop/Projects/Developments/DNA-Web/DNA-Frontend/vendor/laravel/framework/src/Illuminate/Routing/Pipeline.php(51): Illuminate\\Foundation\\Exceptions\\Handler->render(Object(Illuminate\\Http\\Request), Object(Symfony\\Component\\HttpKernel\\Exception\\NotFoundHttpException))
#14 /Users/macbookshop/Desktop/Projects/Developments/DNA-Web/DNA-Frontend/vendor/laravel/framework/src/Illuminate/Pipeline/Pipeline.php(182): Illuminate\\Routing\\Pipeline->handleException(Object(Illuminate\\Http\\Request), Object(Symfony\\Component\\HttpKernel\\Exception\\NotFoundHttpException))
#15 /Users/macbookshop/Desktop/Projects/Developments/DNA-Web/DNA-Frontend/vendor/laravel/framework/src/Illuminate/Foundation/Http/Middleware/TransformsRequest.php(21): Illuminate\\Pipeline\\Pipeline->{closure:Illuminate\\Pipeline\\Pipeline::prepareDestination():178}(Object(Illuminate\\Http\\Request))
#16 /Users/macbookshop/Desktop/Projects/Developments/DNA-Web/DNA-Frontend/vendor/laravel/framework/src/Illuminate/Foundation/Http/Middleware/ConvertEmptyStringsToNull.php(31): Illuminate\\Foundation\\Http\\Middleware\\TransformsRequest->handle(Object(Illuminate\\Http\\Request), Object(Closure))
#17 /Users/macbookshop/Desktop/Projects/Developments/DNA-Web/DNA-Frontend/vendor/laravel/framework/src/Illuminate/Pipeline/Pipeline.php(219): Illuminate\\Foundation\\Http\\Middleware\\ConvertEmptyStringsToNull->handle(Object(Illuminate\\Http\\Request), Object(Closure))
#18 /Users/macbookshop/Desktop/Projects/Developments/DNA-Web/DNA-Frontend/vendor/laravel/framework/src/Illuminate/Foundation/Http/Middleware/TransformsRequest.php(21): Illuminate\\Pipeline\\Pipeline->{closure:{closure:Illuminate\\Pipeline\\Pipeline::carry():194}:195}(Object(Illuminate\\Http\\Request))
#19 /Users/macbookshop/Desktop/Projects/Developments/DNA-Web/DNA-Frontend/vendor/laravel/framework/src/Illuminate/Foundation/Http/Middleware/TrimStrings.php(51): Illuminate\\Foundation\\Http\\Middleware\\TransformsRequest->handle(Object(Illuminate\\Http\\Request), Object(Closure))
#20 /Users/macbookshop/Desktop/Projects/Developments/DNA-Web/DNA-Frontend/vendor/laravel/framework/src/Illuminate/Pipeline/Pipeline.php(219): Illuminate\\Foundation\\Http\\Middleware\\TrimStrings->handle(Object(Illuminate\\Http\\Request), Object(Closure))
#21 /Users/macbookshop/Desktop/Projects/Developments/DNA-Web/DNA-Frontend/vendor/laravel/framework/src/Illuminate/Http/Middleware/ValidatePostSize.php(27): Illuminate\\Pipeline\\Pipeline->{closure:{closure:Illuminate\\Pipeline\\Pipeline::carry():194}:195}(Object(Illuminate\\Http\\Request))
#22 /Users/macbookshop/Desktop/Projects/Developments/DNA-Web/DNA-Frontend/vendor/laravel/framework/src/Illuminate/Pipeline/Pipeline.php(219): Illuminate\\Http\\Middleware\\ValidatePostSize->handle(Object(Illuminate\\Http\\Request), Object(Closure))
#23 /Users/macbookshop/Desktop/Projects/Developments/DNA-Web/DNA-Frontend/vendor/laravel/framework/src/Illuminate/Foundation/Http/Middleware/PreventRequestsDuringMaintenance.php(109): Illuminate\\Pipeline\\Pipeline->{closure:{closure:Illuminate\\Pipeline\\Pipeline::carry():194}:195}(Object(Illuminate\\Http\\Request))
#24 /Users/macbookshop/Desktop/Projects/Developments/DNA-Web/DNA-Frontend/vendor/laravel/framework/src/Illuminate/Pipeline/Pipeline.php(219): Illuminate\\Foundation\\Http\\Middleware\\PreventRequestsDuringMaintenance->handle(Object(Illuminate\\Http\\Request), Object(Closure))
#25 /Users/macbookshop/Desktop/Projects/Developments/DNA-Web/DNA-Frontend/vendor/laravel/framework/src/Illuminate/Http/Middleware/HandleCors.php(61): Illuminate\\Pipeline\\Pipeline->{closure:{closure:Illuminate\\Pipeline\\Pipeline::carry():194}:195}(Object(Illuminate\\Http\\Request))
#26 /Users/macbookshop/Desktop/Projects/Developments/DNA-Web/DNA-Frontend/vendor/laravel/framework/src/Illuminate/Pipeline/Pipeline.php(219): Illuminate\\Http\\Middleware\\HandleCors->handle(Object(Illuminate\\Http\\Request), Object(Closure))
#27 /Users/macbookshop/Desktop/Projects/Developments/DNA-Web/DNA-Frontend/vendor/laravel/framework/src/Illuminate/Http/Middleware/TrustProxies.php(58): Illuminate\\Pipeline\\Pipeline->{closure:{closure:Illuminate\\Pipeline\\Pipeline::carry():194}:195}(Object(Illuminate\\Http\\Request))
#28 /Users/macbookshop/Desktop/Projects/Developments/DNA-Web/DNA-Frontend/vendor/laravel/framework/src/Illuminate/Pipeline/Pipeline.php(219): Illuminate\\Http\\Middleware\\TrustProxies->handle(Object(Illuminate\\Http\\Request), Object(Closure))
#29 /Users/macbookshop/Desktop/Projects/Developments/DNA-Web/DNA-Frontend/vendor/laravel/framework/src/Illuminate/Foundation/Http/Middleware/InvokeDeferredCallbacks.php(22): Illuminate\\Pipeline\\Pipeline->{closure:{closure:Illuminate\\Pipeline\\Pipeline::carry():194}:195}(Object(Illuminate\\Http\\Request))
#30 /Users/macbookshop/Desktop/Projects/Developments/DNA-Web/DNA-Frontend/vendor/laravel/framework/src/Illuminate/Pipeline/Pipeline.php(219): Illuminate\\Foundation\\Http\\Middleware\\InvokeDeferredCallbacks->handle(Object(Illuminate\\Http\\Request), Object(Closure))
#31 /Users/macbookshop/Desktop/Projects/Developments/DNA-Web/DNA-Frontend/vendor/laravel/framework/src/Illuminate/Http/Middleware/ValidatePathEncoding.php(28): Illuminate\\Pipeline\\Pipeline->{closure:{closure:Illuminate\\Pipeline\\Pipeline::carry():194}:195}(Object(Illuminate\\Http\\Request))
#32 /Users/macbookshop/Desktop/Projects/Developments/DNA-Web/DNA-Frontend/vendor/laravel/framework/src/Illuminate/Pipeline/Pipeline.php(219): Illuminate\\Http\\Middleware\\ValidatePathEncoding->handle(Object(Illuminate\\Http\\Request), Object(Closure))
#33 /Users/macbookshop/Desktop/Projects/Developments/DNA-Web/DNA-Frontend/vendor/laravel/framework/src/Illuminate/Pipeline/Pipeline.php(137): Illuminate\\Pipeline\\Pipeline->{closure:{closure:Illuminate\\Pipeline\\Pipeline::carry():194}:195}(Object(Illuminate\\Http\\Request))
#34 /Users/macbookshop/Desktop/Projects/Developments/DNA-Web/DNA-Frontend/vendor/laravel/framework/src/Illuminate/Foundation/Http/Kernel.php(175): Illuminate\\Pipeline\\Pipeline->then(Object(Closure))
#35 /Users/macbookshop/Desktop/Projects/Developments/DNA-Web/DNA-Frontend/vendor/laravel/framework/src/Illuminate/Foundation/Http/Kernel.php(144): Illuminate\\Foundation\\Http\\Kernel->sendRequestThroughRouter(Object(Illuminate\\Http\\Request))
#36 /Users/macbookshop/Desktop/Projects/Developments/DNA-Web/DNA-Frontend/vendor/laravel/framework/src/Illuminate/Foundation/Testing/Concerns/MakesHttpRequests.php(638): Illuminate\\Foundation\\Http\\Kernel->handle(Object(Illuminate\\Http\\Request))
#37 /Users/macbookshop/Desktop/Projects/Developments/DNA-Web/DNA-Frontend/vendor/laravel/framework/src/Illuminate/Foundation/Testing/Concerns/MakesHttpRequests.php(368): Illuminate\\Foundation\\Testing\\TestCase->call('GET', '/fr', Array, Array, Array, Array)
#38 /Users/macbookshop/Desktop/Projects/Developments/DNA-Web/DNA-Frontend/tests/Feature/LocaleTest.php(28): Illuminate\\Foundation\\Testing\\TestCase->get('/fr')
#39 /Users/macbookshop/Desktop/Projects/Developments/DNA-Web/DNA-Frontend/vendor/phpunit/phpunit/src/Framework/TestCase.php(1318): Tests\\Feature\\LocaleTest->test_unknown_language_segment_falls_back_instead_of_404()
#40 /Users/macbookshop/Desktop/Projects/Developments/DNA-Web/DNA-Frontend/vendor/phpunit/phpunit/src/Framework/TestCase.php(1355): PHPUnit\\Framework\\TestCase->invokeTestMethod('test_unknown_la...', Array)
#41 /Users/macbookshop/Desktop/Projects/Developments/DNA-Web/DNA-Frontend/vendor/phpunit/phpunit/src/Framework/TestCase.php(521): PHPUnit\\Framework\\TestCase->runTest()
#42 /Users/macbookshop/Desktop/Projects/Developments/DNA-Web/DNA-Frontend/vendor/phpunit/phpunit/src/Framework/TestRunner/TestRunner.php(99): PHPUnit\\Framework\\TestCase->runBare()
#43 /Users/macbookshop/Desktop/Projects/Developments/DNA-Web/DNA-Frontend/vendor/phpunit/phpunit/src/Framework/TestCase.php(361): PHPUnit\\Framework\\TestRunner->run(Object(Tests\\Feature\\LocaleTest))
#44 /Users/macbookshop/Desktop/Projects/Developments/DNA-Web/DNA-Frontend/vendor/phpunit/phpunit/src/Framework/TestSuite.php(374): PHPUnit\\Framework\\TestCase->run()
#45 /Users/macbookshop/Desktop/Projects/Developments/DNA-Web/DNA-Frontend/vendor/phpunit/phpunit/src/Framework/TestSuite.php(374): PHPUnit\\Framework\\TestSuite->run()
#46 /Users/macbookshop/Desktop/Projects/Developments/DNA-Web/DNA-Frontend/vendor/phpunit/phpunit/src/Framework/TestSuite.php(374): PHPUnit\\Framework\\TestSuite->run()
#47 /Users/macbookshop/Desktop/Projects/Developments/DNA-Web/DNA-Frontend/vendor/phpunit/phpunit/src/TextUI/TestRunner.php(64): PHPUnit\\Framework\\TestSuite->run()
#48 /Users/macbookshop/Desktop/Projects/Developments/DNA-Web/DNA-Frontend/vendor/phpunit/phpunit/src/TextUI/Application.php(229): PHPUnit\\TextUI\\TestRunner->run(Object(PHPUnit\\TextUI\\Configuration\\Configuration), Object(PHPUnit\\Runner\\ResultCache\\DefaultResultCache), Object(PHPUnit\\Framework\\TestSuite))
#49 /Users/macbookshop/Desktop/Projects/Developments/DNA-Web/DNA-Frontend/vendor/phpunit/phpunit/phpunit(104): PHPUnit\\TextUI\\Application->run(Array)
#50 {main}

[previous exception] [object] (Illuminate\\View\\ViewException(code: 0): Missing required parameter for [Route: analysis.index] [URI: {locale}] [Missing parameter: locale]. (View: /Users/macbookshop/Desktop/Projects/Developments/DNA-Web/DNA-Frontend/resources/views/layouts/app.blade.php) at /Users/macbookshop/Desktop/Projects/Developments/DNA-Web/DNA-Frontend/vendor/laravel/framework/src/Illuminate/Routing/Exceptions/UrlGenerationException.php:35)
[stacktrace]
#0 /Users/macbookshop/Desktop/Projects/Developments/DNA-Web/DNA-Frontend/vendor/laravel/framework/src/Illuminate/View/Engines/PhpEngine.php(59): Illuminate\\View\\Engines\\CompilerEngine->handleViewException(Object(Illuminate\\Routing\\Exceptions\\UrlGenerationException), 2)
#1 /Users/macbookshop/Desktop/Projects/Developments/DNA-Web/DNA-Frontend/vendor/laravel/framework/src/Illuminate/View/Engines/CompilerEngine.php(76): Illuminate\\View\\Engines\\PhpEngine->evaluatePath('/Users/macbooks...', Array)
#2 /Users/macbookshop/Desktop/Projects/Developments/DNA-Web/DNA-Frontend/vendor/laravel/framework/src/Illuminate/View/View.php(208): Illuminate\\View\\Engines\\CompilerEngine->get('/Users/macbooks...', Array)
#3 /Users/macbookshop/Desktop/Projects/Developments/DNA-Web/DNA-Frontend/vendor/laravel/framework/src/Illuminate/View/View.php(191): Illuminate\\View\\View->getContents()
#4 /Users/macbookshop/Desktop/Projects/Developments/DNA-Web/DNA-Frontend/vendor/laravel/framework/src/Illuminate/View/View.php(160): Illuminate\\View\\View->renderContents()
#5 /Users/macbookshop/Desktop/Projects/Developments/DNA-Web/DNA-Frontend/storage/framework/views/f058fb6fd3ae58a3027bb36a27ff1ec0.php(15): Illuminate\\View\\View->render()
#6 /Users/macbookshop/Desktop/Projects/Developments/DNA-Web/DNA-Frontend/vendor/laravel/framework/src/Illuminate/Filesystem/Filesystem.php(123): require('/Users/macbooks...')
#7 /Users/macbookshop/Desktop/Projects/Developments/DNA-Web/DNA-Frontend/vendor/laravel/framework/src/Illuminate/Filesystem/Filesystem.php(124): Illuminate\\Filesystem\\Filesystem::{closure:Illuminate\\Filesystem\\Filesystem::getRequire():120}()
#8 /Users/macbookshop/Desktop/Projects/Developments/DNA-Web/DNA-Frontend/vendor/laravel/framework/src/Illuminate/View/Engines/PhpEngine.php(57): Illuminate\\Filesystem\\Filesystem->getRequire('/Users/macbooks...', Array)
#9 /Users/macbookshop/Desktop/Projects/Developments/DNA-Web/DNA-Frontend/vendor/laravel/framework/src/Illuminate/View/Engines/CompilerEngine.php(76): Illuminate\\View\\Engines\\PhpEngine->evaluatePath('/Users/macbooks...', Array)
#10 /Users/macbookshop/Desktop/Projects/Developments/DNA-Web/DNA-Frontend/vendor/laravel/framework/src/Illuminate/View/View.php(208): Illuminate\\View\\Engines\\CompilerEngine->get('/Users/macbooks...', Array)
#11 /Users/macbookshop/Desktop/Projects/Developments/DNA-Web/DNA-Frontend/vendor/laravel/framework/src/Illuminate/View/View.php(191): Illuminate\\View\\View->getContents()
#12 /Users/macbookshop/Desktop/Projects/Developments/DNA-Web/DNA-Frontend/vendor/laravel/framework/src/Illuminate/View/View.php(160): Illuminate\\View\\View->renderContents()
#13 /Users/macbookshop/Desktop/Projects/Developments/DNA-Web/DNA-Frontend/vendor/laravel/framework/src/Illuminate/Http/Response.php(82): Illuminate\\View\\View->render()
#14 /Users/macbookshop/Desktop/Projects/Developments/DNA-Web/DNA-Frontend/vendor/laravel/framework/src/Illuminate/Http/Response.php(40): Illuminate\\Http\\Response->setContent(Object(Illuminate\\View\\View))
#15 /Users/macbookshop/Desktop/Projects/Developments/DNA-Web/DNA-Frontend/vendor/laravel/framework/src/Illuminate/Routing/ResponseFactory.php(61): Illuminate\\Http\\Response->__construct(Object(Illuminate\\View\\View), 404, Array)
#16 /Users/macbookshop/Desktop/Projects/Developments/DNA-Web/DNA-Frontend/vendor/laravel/framework/src/Illuminate/Routing/ResponseFactory.php(91): Illuminate\\Routing\\ResponseFactory->make(Object(Illuminate\\View\\View), 404, Array)
#17 /Users/macbookshop/Desktop/Projects/Developments/DNA-Web/DNA-Frontend/vendor/laravel/framework/src/Illuminate/Foundation/Exceptions/Handler.php(1031): Illuminate\\Routing\\ResponseFactory->view('errors::404', Array, 404, Array)
#18 /Users/macbookshop/Desktop/Projects/Developments/DNA-Web/DNA-Frontend/vendor/laravel/framework/src/Illuminate/Foundation/Exceptions/Handler.php(950): Illuminate\\Foundation\\Exceptions\\Handler->renderHttpException(Object(Symfony\\Component\\HttpKernel\\Exception\\NotFoundHttpException))
#19 /Users/macbookshop/Desktop/Projects/Developments/DNA-Web/DNA-Frontend/vendor/laravel/framework/src/Illuminate/Foundation/Exceptions/Handler.php(833): Illuminate\\Foundation\\Exceptions\\Handler->prepareResponse(Object(Illuminate\\Http\\Request), Object(Symfony\\Component\\HttpKernel\\Exception\\NotFoundHttpException))
#20 /Users/macbookshop/Desktop/Projects/Developments/DNA-Web/DNA-Frontend/vendor/laravel/framework/src/Illuminate/Foundation/Exceptions/Handler.php(720): Illuminate\\Foundation\\Exceptions\\Handler->renderExceptionResponse(Object(Illuminate\\Http\\Request), Object(Symfony\\Component\\HttpKernel\\Exception\\NotFoundHttpException))
#21 /Users/macbookshop/Desktop/Projects/Developments/DNA-Web/DNA-Frontend/vendor/laravel/framework/src/Illuminate/Routing/Pipeline.php(51): Illuminate\\Foundation\\Exceptions\\Handler->render(Object(Illuminate\\Http\\Request), Object(Symfony\\Component\\HttpKernel\\Exception\\NotFoundHttpException))
#22 /Users/macbookshop/Desktop/Projects/Developments/DNA-Web/DNA-Frontend/vendor/laravel/framework/src/Illuminate/Pipeline/Pipeline.php(182): Illuminate\\Routing\\Pipeline->handleException(Object(Illuminate\\Http\\Request), Object(Symfony\\Component\\HttpKernel\\Exception\\NotFoundHttpException))
#23 /Users/macbookshop/Desktop/Projects/Developments/DNA-Web/DNA-Frontend/vendor/laravel/framework/src/Illuminate/Foundation/Http/Middleware/TransformsRequest.php(21): Illuminate\\Pipeline\\Pipeline->{closure:Illuminate\\Pipeline\\Pipeline::prepareDestination():178}(Object(Illuminate\\Http\\Request))
#24 /Users/macbookshop/Desktop/Projects/Developments/DNA-Web/DNA-Frontend/vendor/laravel/framework/src/Illuminate/Foundation/Http/Middleware/ConvertEmptyStringsToNull.php(31): Illuminate\\Foundation\\Http\\Middleware\\TransformsRequest->handle(Object(Illuminate\\Http\\Request), Object(Closure))
#25 /Users/macbookshop/Desktop/Projects/Developments/DNA-Web/DNA-Frontend/vendor/laravel/framework/src/Illuminate/Pipeline/Pipeline.php(219): Illuminate\\Foundation\\Http\\Middleware\\ConvertEmptyStringsToNull->handle(Object(Illuminate\\Http\\Request), Object(Closure))
#26 /Users/macbookshop/Desktop/Projects/Developments/DNA-Web/DNA-Frontend/vendor/laravel/framework/src/Illuminate/Foundation/Http/Middleware/TransformsRequest.php(21): Illuminate\\Pipeline\\Pipeline->{closure:{closure:Illuminate\\Pipeline\\Pipeline::carry():194}:195}(Object(Illuminate\\Http\\Request))
#27 /Users/macbookshop/Desktop/Projects/Developments/DNA-Web/DNA-Frontend/vendor/laravel/framework/src/Illuminate/Foundation/Http/Middleware/TrimStrings.php(51): Illuminate\\Foundation\\Http\\Middleware\\TransformsRequest->handle(Object(Illuminate\\Http\\Request), Object(Closure))
#28 /Users/macbookshop/Desktop/Projects/Developments/DNA-Web/DNA-Frontend/vendor/laravel/framework/src/Illuminate/Pipeline/Pipeline.php(219): Illuminate\\Foundation\\Http\\Middleware\\TrimStrings->handle(Object(Illuminate\\Http\\Request), Object(Closure))
#29 /Users/macbookshop/Desktop/Projects/Developments/DNA-Web/DNA-Frontend/vendor/laravel/framework/src/Illuminate/Http/Middleware/ValidatePostSize.php(27): Illuminate\\Pipeline\\Pipeline->{closure:{closure:Illuminate\\Pipeline\\Pipeline::carry():194}:195}(Object(Illuminate\\Http\\Request))
#30 /Users/macbookshop/Desktop/Projects/Developments/DNA-Web/DNA-Frontend/vendor/laravel/framework/src/Illuminate/Pipeline/Pipeline.php(219): Illuminate\\Http\\Middleware\\ValidatePostSize->handle(Object(Illuminate\\Http\\Request), Object(Closure))
#31 /Users/macbookshop/Desktop/Projects/Developments/DNA-Web/DNA-Frontend/vendor/laravel/framework/src/Illuminate/Foundation/Http/Middleware/PreventRequestsDuringMaintenance.php(109): Illuminate\\Pipeline\\Pipeline->{closure:{closure:Illuminate\\Pipeline\\Pipeline::carry():194}:195}(Object(Illuminate\\Http\\Request))
#32 /Users/macbookshop/Desktop/Projects/Developments/DNA-Web/DNA-Frontend/vendor/laravel/framework/src/Illuminate/Pipeline/Pipeline.php(219): Illuminate\\Foundation\\Http\\Middleware\\PreventRequestsDuringMaintenance->handle(Object(Illuminate\\Http\\Request), Object(Closure))
#33 /Users/macbookshop/Desktop/Projects/Developments/DNA-Web/DNA-Frontend/vendor/laravel/framework/src/Illuminate/Http/Middleware/HandleCors.php(61): Illuminate\\Pipeline\\Pipeline->{closure:{closure:Illuminate\\Pipeline\\Pipeline::carry():194}:195}(Object(Illuminate\\Http\\Request))
#34 /Users/macbookshop/Desktop/Projects/Developments/DNA-Web/DNA-Frontend/vendor/laravel/framework/src/Illuminate/Pipeline/Pipeline.php(219): Illuminate\\Http\\Middleware\\HandleCors->handle(Object(Illuminate\\Http\\Request), Object(Closure))
#35 /Users/macbookshop/Desktop/Projects/Developments/DNA-Web/DNA-Frontend/vendor/laravel/framework/src/Illuminate/Http/Middleware/TrustProxies.php(58): Illuminate\\Pipeline\\Pipeline->{closure:{closure:Illuminate\\Pipeline\\Pipeline::carry():194}:195}(Object(Illuminate\\Http\\Request))
#36 /Users/macbookshop/Desktop/Projects/Developments/DNA-Web/DNA-Frontend/vendor/laravel/framework/src/Illuminate/Pipeline/Pipeline.php(219): Illuminate\\Http\\Middleware\\TrustProxies->handle(Object(Illuminate\\Http\\Request), Object(Closure))
#37 /Users/macbookshop/Desktop/Projects/Developments/DNA-Web/DNA-Frontend/vendor/laravel/framework/src/Illuminate/Foundation/Http/Middleware/InvokeDeferredCallbacks.php(22): Illuminate\\Pipeline\\Pipeline->{closure:{closure:Illuminate\\Pipeline\\Pipeline::carry():194}:195}(Object(Illuminate\\Http\\Request))
#38 /Users/macbookshop/Desktop/Projects/Developments/DNA-Web/DNA-Frontend/vendor/laravel/framework/src/Illuminate/Pipeline/Pipeline.php(219): Illuminate\\Foundation\\Http\\Middleware\\InvokeDeferredCallbacks->handle(Object(Illuminate\\Http\\Request), Object(Closure))
#39 /Users/macbookshop/Desktop/Projects/Developments/DNA-Web/DNA-Frontend/vendor/laravel/framework/src/Illuminate/Http/Middleware/ValidatePathEncoding.php(28): Illuminate\\Pipeline\\Pipeline->{closure:{closure:Illuminate\\Pipeline\\Pipeline::carry():194}:195}(Object(Illuminate\\Http\\Request))
#40 /Users/macbookshop/Desktop/Projects/Developments/DNA-Web/DNA-Frontend/vendor/laravel/framework/src/Illuminate/Pipeline/Pipeline.php(219): Illuminate\\Http\\Middleware\\ValidatePathEncoding->handle(Object(Illuminate\\Http\\Request), Object(Closure))
#41 /Users/macbookshop/Desktop/Projects/Developments/DNA-Web/DNA-Frontend/vendor/laravel/framework/src/Illuminate/Pipeline/Pipeline.php(137): Illuminate\\Pipeline\\Pipeline->{closure:{closure:Illuminate\\Pipeline\\Pipeline::carry():194}:195}(Object(Illuminate\\Http\\Request))
#42 /Users/macbookshop/Desktop/Projects/Developments/DNA-Web/DNA-Frontend/vendor/laravel/framework/src/Illuminate/Foundation/Http/Kernel.php(175): Illuminate\\Pipeline\\Pipeline->then(Object(Closure))
#43 /Users/macbookshop/Desktop/Projects/Developments/DNA-Web/DNA-Frontend/vendor/laravel/framework/src/Illuminate/Foundation/Http/Kernel.php(144): Illuminate\\Foundation\\Http\\Kernel->sendRequestThroughRouter(Object(Illuminate\\Http\\Request))
#44 /Users/macbookshop/Desktop/Projects/Developments/DNA-Web/DNA-Frontend/vendor/laravel/framework/src/Illuminate/Foundation/Testing/Concerns/MakesHttpRequests.php(638): Illuminate\\Foundation\\Http\\Kernel->handle(Object(Illuminate\\Http\\Request))
#45 /Users/macbookshop/Desktop/Projects/Developments/DNA-Web/DNA-Frontend/vendor/laravel/framework/src/Illuminate/Foundation/Testing/Concerns/MakesHttpRequests.php(368): Illuminate\\Foundation\\Testing\\TestCase->call('GET', '/fr', Array, Array, Array, Array)
#46 /Users/macbookshop/Desktop/Projects/Developments/DNA-Web/DNA-Frontend/tests/Feature/LocaleTest.php(28): Illuminate\\Foundation\\Testing\\TestCase->get('/fr')
#47 /Users/macbookshop/Desktop/Projects/Developments/DNA-Web/DNA-Frontend/vendor/phpunit/phpunit/src/Framework/TestCase.php(1318): Tests\\Feature\\LocaleTest->test_unknown_language_segment_falls_back_instead_of_404()
#48 /Users/macbookshop/Desktop/Projects/Developments/DNA-Web/DNA-Frontend/vendor/phpunit/phpunit/src/Framework/TestCase.php(1355): PHPUnit\\Framework\\TestCase->invokeTestMethod('test_unknown_la...', Array)
#49 /Users/macbookshop/Desktop/Projects/Developments/DNA-Web/DNA-Frontend/vendor/phpunit/phpunit/src/Framework/TestCase.php(521): PHPUnit\\Framework\\TestCase->runTest()
#50 /Users/macbookshop/Desktop/Projects/Developments/DNA-Web/DNA-Frontend/vendor/phpunit/phpunit/src/Framework/TestRunner/TestRunner.php(99): PHPUnit\\Framework\\TestCase->runBare()
#51 /Users/macbookshop/Desktop/Projects/Developments/DNA-Web/DNA-Frontend/vendor/phpunit/phpunit/src/Framework/TestCase.php(361): PHPUnit\\Framework\\TestRunner->run(Object(Tests\\Feature\\LocaleTest))
#52 /Users/macbookshop/Desktop/Projects/Developments/DNA-Web/DNA-Frontend/vendor/phpunit/phpunit/src/Framework/TestSuite.php(374): PHPUnit\\Framework\\TestCase->run()
#53 /Users/macbookshop/Desktop/Projects/Developments/DNA-Web/DNA-Frontend/vendor/phpunit/phpunit/src/Framework/TestSuite.php(374): PHPUnit\\Framework\\TestSuite->run()
#54 /Users/macbookshop/Desktop/Projects/Developments/DNA-Web/DNA-Frontend/vendor/phpunit/phpunit/src/Framework/TestSuite.php(374): PHPUnit\\Framework\\TestSuite->run()
#55 /Users/macbookshop/Desktop/Projects/Developments/DNA-Web/DNA-Frontend/vendor/phpunit/phpunit/src/TextUI/TestRunner.php(64): PHPUnit\\Framework\\TestSuite->run()
#56 /Users/macbookshop/Desktop/Projects/Developments/DNA-Web/DNA-Frontend/vendor/phpunit/phpunit/src/TextUI/Application.php(229): PHPUnit\\TextUI\\TestRunner->run(Object(PHPUnit\\TextUI\\Configuration\\Configuration), Object(PHPUnit\\Runner\\ResultCache\\DefaultResultCache), Object(PHPUnit\\Framework\\TestSuite))
#57 /Users/macbookshop/Desktop/Projects/Developments/DNA-Web/DNA-Frontend/vendor/phpunit/phpunit/phpunit(104): PHPUnit\\TextUI\\Application->run(Array)
#58 {main}

[previous exception] [object] (Illuminate\\Routing\\Exceptions\\UrlGenerationException(code: 0): Missing required parameter for [Route: analysis.index] [URI: {locale}] [Missing parameter: locale]. at /Users/macbookshop/Desktop/Projects/Developments/DNA-Web/DNA-Frontend/vendor/laravel/framework/src/Illuminate/Routing/Exceptions/UrlGenerationException.php:35)
[stacktrace]
#0 /Users/macbookshop/Desktop/Projects/Developments/DNA-Web/DNA-Frontend/vendor/laravel/framework/src/Illuminate/Routing/RouteUrlGenerator.php(95): Illuminate\\Routing\\Exceptions\\UrlGenerationException::forMissingParameters(Object(Illuminate\\Routing\\Route), Array)
#1 /Users/macbookshop/Desktop/Projects/Developments/DNA-Web/DNA-Frontend/vendor/laravel/framework/src/Illuminate/Routing/UrlGenerator.php(557): Illuminate\\Routing\\RouteUrlGenerator->to(Object(Illuminate\\Routing\\Route), Array, true)
#2 /Users/macbookshop/Desktop/Projects/Developments/DNA-Web/DNA-Frontend/vendor/laravel/framework/src/Illuminate/Routing/UrlGenerator.php(534): Illuminate\\Routing\\UrlGenerator->toRoute(Object(Illuminate\\Routing\\Route), Array, true)
#3 /Users/macbookshop/Desktop/Projects/Developments/DNA-Web/DNA-Frontend/vendor/laravel/framework/src/Illuminate/Foundation/helpers.php(870): Illuminate\\Routing\\UrlGenerator->route('analysis.index', Array, true)
#4 /Users/macbookshop/Desktop/Projects/Developments/DNA-Web/DNA-Frontend/storage/framework/views/5412c5794b9520f727cb3f5abab9bc6b.php(35): route('analysis.index')
#5 /Users/macbookshop/Desktop/Projects/Developments/DNA-Web/DNA-Frontend/vendor/laravel/framework/src/Illuminate/Filesystem/Filesystem.php(123): require('/Users/macbooks...')
#6 /Users/macbookshop/Desktop/Projects/Developments/DNA-Web/DNA-Frontend/vendor/laravel/framework/src/Illuminate/Filesystem/Filesystem.php(124): Illuminate\\Filesystem\\Filesystem::{closure:Illuminate\\Filesystem\\Filesystem::getRequire():120}()
#7 /Users/macbookshop/Desktop/Projects/Developments/DNA-Web/DNA-Frontend/vendor/laravel/framework/src/Illuminate/View/Engines/PhpEngine.php(57): Illuminate\\Filesystem\\Filesystem->getRequire('/Users/macbooks...', Array)
#8 /Users/macbookshop/Desktop/Projects/Developments/DNA-Web/DNA-Frontend/vendor/laravel/framework/src/Illuminate/View/Engines/CompilerEngine.php(76): Illuminate\\View\\Engines\\PhpEngine->evaluatePath('/Users/macbooks...', Array)
#9 /Users/macbookshop/Desktop/Projects/Developments/DNA-Web/DNA-Frontend/vendor/laravel/framework/src/Illuminate/View/View.php(208): Illuminate\\View\\Engines\\CompilerEngine->get('/Users/macbooks...', Array)
#10 /Users/macbookshop/Desktop/Projects/Developments/DNA-Web/DNA-Frontend/vendor/laravel/framework/src/Illuminate/View/View.php(191): Illuminate\\View\\View->getContents()
#11 /Users/macbookshop/Desktop/Projects/Developments/DNA-Web/DNA-Frontend/vendor/laravel/framework/src/Illuminate/View/View.php(160): Illuminate\\View\\View->renderContents()
#12 /Users/macbookshop/Desktop/Projects/Developments/DNA-Web/DNA-Frontend/storage/framework/views/f058fb6fd3ae58a3027bb36a27ff1ec0.php(15): Illuminate\\View\\View->render()
#13 /Users/macbookshop/Desktop/Projects/Developments/DNA-Web/DNA-Frontend/vendor/laravel/framework/src/Illuminate/Filesystem/Filesystem.php(123): require('/Users/macbooks...')
#14 /Users/macbookshop/Desktop/Projects/Developments/DNA-Web/DNA-Frontend/vendor/laravel/framework/src/Illuminate/Filesystem/Filesystem.php(124): Illuminate\\Filesystem\\Filesystem::{closure:Illuminate\\Filesystem\\Filesystem::getRequire():120}()
#15 /Users/macbookshop/Desktop/Projects/Developments/DNA-Web/DNA-Frontend/vendor/laravel/framework/src/Illuminate/View/Engines/PhpEngine.php(57): Illuminate\\Filesystem\\Filesystem->getRequire('/Users/macbooks...', Array)
#16 /Users/macbookshop/Desktop/Projects/Developments/DNA-Web/DNA-Frontend/vendor/laravel/framework/src/Illuminate/View/Engines/CompilerEngine.php(76): Illuminate\\View\\Engines\\PhpEngine->evaluatePath('/Users/macbooks...', Array)
#17 /Users/macbookshop/Desktop/Projects/Developments/DNA-Web/DNA-Frontend/vendor/laravel/framework/src/Illuminate/View/View.php(208): Illuminate\\View\\Engines\\CompilerEngine->get('/Users/macbooks...', Array)
#18 /Users/macbookshop/Desktop/Projects/Developments/DNA-Web/DNA-Frontend/vendor/laravel/framework/src/Illuminate/View/View.php(191): Illuminate\\View\\View->getContents()
#19 /Users/macbookshop/Desktop/Projects/Developments/DNA-Web/DNA-Frontend/vendor/laravel/framework/src/Illuminate/View/View.php(160): Illuminate\\View\\View->renderContents()
#20 /Users/macbookshop/Desktop/Projects/Developments/DNA-Web/DNA-Frontend/vendor/laravel/framework/src/Illuminate/Http/Response.php(82): Illuminate\\View\\View->render()
#21 /Users/macbookshop/Desktop/Projects/Developments/DNA-Web/DNA-Frontend/vendor/laravel/framework/src/Illuminate/Http/Response.php(40): Illuminate\\Http\\Response->setContent(Object(Illuminate\\View\\View))
#22 /Users/macbookshop/Desktop/Projects/Developments/DNA-Web/DNA-Frontend/vendor/laravel/framework/src/Illuminate/Routing/ResponseFactory.php(61): Illuminate\\Http\\Response->__construct(Object(Illuminate\\View\\View), 404, Array)
#23 /Users/macbookshop/Desktop/Projects/Developments/DNA-Web/DNA-Frontend/vendor/laravel/framework/src/Illuminate/Routing/ResponseFactory.php(91): Illuminate\\Routing\\ResponseFactory->make(Object(Illuminate\\View\\View), 404, Array)
#24 /Users/macbookshop/Desktop/Projects/Developments/DNA-Web/DNA-Frontend/vendor/laravel/framework/src/Illuminate/Foundation/Exceptions/Handler.php(1031): Illuminate\\Routing\\ResponseFactory->view('errors::404', Array, 404, Array)
#25 /Users/macbookshop/Desktop/Projects/Developments/DNA-Web/DNA-Frontend/vendor/laravel/framework/src/Illuminate/Foundation/Exceptions/Handler.php(950): Illuminate\\Foundation\\Exceptions\\Handler->renderHttpException(Object(Symfony\\Component\\HttpKernel\\Exception\\NotFoundHttpException))
#26 /Users/macbookshop/Desktop/Projects/Developments/DNA-Web/DNA-Frontend/vendor/laravel/framework/src/Illuminate/Foundation/Exceptions/Handler.php(833): Illuminate\\Foundation\\Exceptions\\Handler->prepareResponse(Object(Illuminate\\Http\\Request), Object(Symfony\\Component\\HttpKernel\\Exception\\NotFoundHttpException))
#27 /Users/macbookshop/Desktop/Projects/Developments/DNA-Web/DNA-Frontend/vendor/laravel/framework/src/Illuminate/Foundation/Exceptions/Handler.php(720): Illuminate\\Foundation\\Exceptions\\Handler->renderExceptionResponse(Object(Illuminate\\Http\\Request), Object(Symfony\\Component\\HttpKernel\\Exception\\NotFoundHttpException))
#28 /Users/macbookshop/Desktop/Projects/Developments/DNA-Web/DNA-Frontend/vendor/laravel/framework/src/Illuminate/Routing/Pipeline.php(51): Illuminate\\Foundation\\Exceptions\\Handler->render(Object(Illuminate\\Http\\Request), Object(Symfony\\Component\\HttpKernel\\Exception\\NotFoundHttpException))
#29 /Users/macbookshop/Desktop/Projects/Developments/DNA-Web/DNA-Frontend/vendor/laravel/framework/src/Illuminate/Pipeline/Pipeline.php(182): Illuminate\\Routing\\Pipeline->handleException(Object(Illuminate\\Http\\Request), Object(Symfony\\Component\\HttpKernel\\Exception\\NotFoundHttpException))
#30 /Users/macbookshop/Desktop/Projects/Developments/DNA-Web/DNA-Frontend/vendor/laravel/framework/src/Illuminate/Foundation/Http/Middleware/TransformsRequest.php(21): Illuminate\\Pipeline\\Pipeline->{closure:Illuminate\\Pipeline\\Pipeline::prepareDestination():178}(Object(Illuminate\\Http\\Request))
#31 /Users/macbookshop/Desktop/Projects/Developments/DNA-Web/DNA-Frontend/vendor/laravel/framework/src/Illuminate/Foundation/Http/Middleware/ConvertEmptyStringsToNull.php(31): Illuminate\\Foundation\\Http\\Middleware\\TransformsRequest->handle(Object(Illuminate\\Http\\Request), Object(Closure))
#32 /Users/macbookshop/Desktop/Projects/Developments/DNA-Web/DNA-Frontend/vendor/laravel/framework/src/Illuminate/Pipeline/Pipeline.php(219): Illuminate\\Foundation\\Http\\Middleware\\ConvertEmptyStringsToNull->handle(Object(Illuminate\\Http\\Request), Object(Closure))
#33 /Users/macbookshop/Desktop/Projects/Developments/DNA-Web/DNA-Frontend/vendor/laravel/framework/src/Illuminate/Foundation/Http/Middleware/TransformsRequest.php(21): Illuminate\\Pipeline\\Pipeline->{closure:{closure:Illuminate\\Pipeline\\Pipeline::carry():194}:195}(Object(Illuminate\\Http\\Request))
#34 /Users/macbookshop/Desktop/Projects/Developments/DNA-Web/DNA-Frontend/vendor/laravel/framework/src/Illuminate/Foundation/Http/Middleware/TrimStrings.php(51): Illuminate\\Foundation\\Http\\Middleware\\TransformsRequest->handle(Object(Illuminate\\Http\\Request), Object(Closure))
#35 /Users/macbookshop/Desktop/Projects/Developments/DNA-Web/DNA-Frontend/vendor/laravel/framework/src/Illuminate/Pipeline/Pipeline.php(219): Illuminate\\Foundation\\Http\\Middleware\\TrimStrings->handle(Object(Illuminate\\Http\\Request), Object(Closure))
#36 /Users/macbookshop/Desktop/Projects/Developments/DNA-Web/DNA-Frontend/vendor/laravel/framework/src/Illuminate/Http/Middleware/ValidatePostSize.php(27): Illuminate\\Pipeline\\Pipeline->{closure:{closure:Illuminate\\Pipeline\\Pipeline::carry():194}:195}(Object(Illuminate\\Http\\Request))
#37 /Users/macbookshop/Desktop/Projects/Developments/DNA-Web/DNA-Frontend/vendor/laravel/framework/src/Illuminate/Pipeline/Pipeline.php(219): Illuminate\\Http\\Middleware\\ValidatePostSize->handle(Object(Illuminate\\Http\\Request), Object(Closure))
#38 /Users/macbookshop/Desktop/Projects/Developments/DNA-Web/DNA-Frontend/vendor/laravel/framework/src/Illuminate/Foundation/Http/Middleware/PreventRequestsDuringMaintenance.php(109): Illuminate\\Pipeline\\Pipeline->{closure:{closure:Illuminate\\Pipeline\\Pipeline::carry():194}:195}(Object(Illuminate\\Http\\Request))
#39 /Users/macbookshop/Desktop/Projects/Developments/DNA-Web/DNA-Frontend/vendor/laravel/framework/src/Illuminate/Pipeline/Pipeline.php(219): Illuminate\\Foundation\\Http\\Middleware\\PreventRequestsDuringMaintenance->handle(Object(Illuminate\\Http\\Request), Object(Closure))
#40 /Users/macbookshop/Desktop/Projects/Developments/DNA-Web/DNA-Frontend/vendor/laravel/framework/src/Illuminate/Http/Middleware/HandleCors.php(61): Illuminate\\Pipeline\\Pipeline->{closure:{closure:Illuminate\\Pipeline\\Pipeline::carry():194}:195}(Object(Illuminate\\Http\\Request))
#41 /Users/macbookshop/Desktop/Projects/Developments/DNA-Web/DNA-Frontend/vendor/laravel/framework/src/Illuminate/Pipeline/Pipeline.php(219): Illuminate\\Http\\Middleware\\HandleCors->handle(Object(Illuminate\\Http\\Request), Object(Closure))
#42 /Users/macbookshop/Desktop/Projects/Developments/DNA-Web/DNA-Frontend/vendor/laravel/framework/src/Illuminate/Http/Middleware/TrustProxies.php(58): Illuminate\\Pipeline\\Pipeline->{closure:{closure:Illuminate\\Pipeline\\Pipeline::carry():194}:195}(Object(Illuminate\\Http\\Request))
#43 /Users/macbookshop/Desktop/Projects/Developments/DNA-Web/DNA-Frontend/vendor/laravel/framework/src/Illuminate/Pipeline/Pipeline.php(219): Illuminate\\Http\\Middleware\\TrustProxies->handle(Object(Illuminate\\Http\\Request), Object(Closure))
#44 /Users/macbookshop/Desktop/Projects/Developments/DNA-Web/DNA-Frontend/vendor/laravel/framework/src/Illuminate/Foundation/Http/Middleware/InvokeDeferredCallbacks.php(22): Illuminate\\Pipeline\\Pipeline->{closure:{closure:Illuminate\\Pipeline\\Pipeline::carry():194}:195}(Object(Illuminate\\Http\\Request))
#45 /Users/macbookshop/Desktop/Projects/Developments/DNA-Web/DNA-Frontend/vendor/laravel/framework/src/Illuminate/Pipeline/Pipeline.php(219): Illuminate\\Foundation\\Http\\Middleware\\InvokeDeferredCallbacks->handle(Object(Illuminate\\Http\\Request), Object(Closure))
#46 /Users/macbookshop/Desktop/Projects/Developments/DNA-Web/DNA-Frontend/vendor/laravel/framework/src/Illuminate/Http/Middleware/ValidatePathEncoding.php(28): Illuminate\\Pipeline\\Pipeline->{closure:{closure:Illuminate\\Pipeline\\Pipeline::carry():194}:195}(Object(Illuminate\\Http\\Request))
#47 /Users/macbookshop/Desktop/Projects/Developments/DNA-Web/DNA-Frontend/vendor/laravel/framework/src/Illuminate/Pipeline/Pipeline.php(219): Illuminate\\Http\\Middleware\\ValidatePathEncoding->handle(Object(Illuminate\\Http\\Request), Object(Closure))
#48 /Users/macbookshop/Desktop/Projects/Developments/DNA-Web/DNA-Frontend/vendor/laravel/framework/src/Illuminate/Pipeline/Pipeline.php(137): Illuminate\\Pipeline\\Pipeline->{closure:{closure:Illuminate\\Pipeline\\Pipeline::carry():194}:195}(Object(Illuminate\\Http\\Request))
#49 /Users/macbookshop/Desktop/Projects/Developments/DNA-Web/DNA-Frontend/vendor/laravel/framework/src/Illuminate/Foundation/Http/Kernel.php(175): Illuminate\\Pipeline\\Pipeline->then(Object(Closure))
#50 /Users/macbookshop/Desktop/Projects/Developments/DNA-Web/DNA-Frontend/vendor/laravel/framework/src/Illuminate/Foundation/Http/Kernel.php(144): Illuminate\\Foundation\\Http\\Kernel->sendRequestThroughRouter(Object(Illuminate\\Http\\Request))
#51 /Users/macbookshop/Desktop/Projects/Developments/DNA-Web/DNA-Frontend/vendor/laravel/framework/src/Illuminate/Foundation/Testing/Concerns/MakesHttpRequests.php(638): Illuminate\\Foundation\\Http\\Kernel->handle(Object(Illuminate\\Http\\Request))
#52 /Users/macbookshop/Desktop/Projects/Developments/DNA-Web/DNA-Frontend/vendor/laravel/framework/src/Illuminate/Foundation/Testing/Concerns/MakesHttpRequests.php(368): Illuminate\\Foundation\\Testing\\TestCase->call('GET', '/fr', Array, Array, Array, Array)
#53 /Users/macbookshop/Desktop/Projects/Developments/DNA-Web/DNA-Frontend/tests/Feature/LocaleTest.php(28): Illuminate\\Foundation\\Testing\\TestCase->get('/fr')
#54 /Users/macbookshop/Desktop/Projects/Developments/DNA-Web/DNA-Frontend/vendor/phpunit/phpunit/src/Framework/TestCase.php(1318): Tests\\Feature\\LocaleTest->test_unknown_language_segment_falls_back_instead_of_404()
#55 /Users/macbookshop/Desktop/Projects/Developments/DNA-Web/DNA-Frontend/vendor/phpunit/phpunit/src/Framework/TestCase.php(1355): PHPUnit\\Framework\\TestCase->invokeTestMethod('test_unknown_la...', Array)
#56 /Users/macbookshop/Desktop/Projects/Developments/DNA-Web/DNA-Frontend/vendor/phpunit/phpunit/src/Framework/TestCase.php(521): PHPUnit\\Framework\\TestCase->runTest()
#57 /Users/macbookshop/Desktop/Projects/Developments/DNA-Web/DNA-Frontend/vendor/phpunit/phpunit/src/Framework/TestRunner/TestRunner.php(99): PHPUnit\\Framework\\TestCase->runBare()
#58 /Users/macbookshop/Desktop/Projects/Developments/DNA-Web/DNA-Frontend/vendor/phpunit/phpunit/src/Framework/TestCase.php(361): PHPUnit\\Framework\\TestRunner->run(Object(Tests\\Feature\\LocaleTest))
#59 /Users/macbookshop/Desktop/Projects/Developments/DNA-Web/DNA-Frontend/vendor/phpunit/phpunit/src/Framework/TestSuite.php(374): PHPUnit\\Framework\\TestCase->run()
#60 /Users/macbookshop/Desktop/Projects/Developments/DNA-Web/DNA-Frontend/vendor/phpunit/phpunit/src/Framework/TestSuite.php(374): PHPUnit\\Framework\\TestSuite->run()
#61 /Users/macbookshop/Desktop/Projects/Developments/DNA-Web/DNA-Frontend/vendor/phpunit/phpunit/src/Framework/TestSuite.php(374): PHPUnit\\Framework\\TestSuite->run()
#62 /Users/macbookshop/Desktop/Projects/Developments/DNA-Web/DNA-Frontend/vendor/phpunit/phpunit/src/TextUI/TestRunner.php(64): PHPUnit\\Framework\\TestSuite->run()
#63 /Users/macbookshop/Desktop/Projects/Developments/DNA-Web/DNA-Frontend/vendor/phpunit/phpunit/src/TextUI/Application.php(229): PHPUnit\\TextUI\\TestRunner->run(Object(PHPUnit\\TextUI\\Configuration\\Configuration), Object(PHPUnit\\Runner\\ResultCache\\DefaultResultCache), Object(PHPUnit\\Framework\\TestSuite))
#64 /Users/macbookshop/Desktop/Projects/Developments/DNA-Web/DNA-Frontend/vendor/phpunit/phpunit/phpunit(104): PHPUnit\\TextUI\\Application->run(Array)
#65 {main}
"} 
[2026-08-11 19:30:37] testing.ERROR: Memory design backend unreachable {"request_id":"0aacc1de-5034-418b-863e-4339d7f5b4a3","message":"down"} 
[2026-08-11 19:30:37] testing.ERROR: Simulation backend unreachable {"request_id":"d37b1fe5-16e2-470b-89db-606c7acc9cc1","message":"down"} 
[2026-08-11 19:33:49] local.ERROR: Memory design backend unreachable {"request_id":"31de74a7-a8e7-4974-92ed-4141bfaba96d","message":"cURL error 6: Could not resolve host: backend (see https://curl.se/libcurl/c/libcurl-errors.html) for http://backend:8000/api/v1/memory"} 
[2026-08-11 19:34:08] local.ERROR: Memory design backend unreachable {"request_id":"b3eab5ee-6d2f-4d02-bbf2-a2e600bef289","message":"cURL error 6: Could not resolve host: backend (see https://curl.se/libcurl/c/libcurl-errors.html) for http://backend:8000/api/v1/memory"} 
[2026-08-11 19:34:56] local.ERROR: Memory design backend unreachable {"request_id":"229f217b-212f-4431-a3cd-29ed5ec300bd","message":"cURL error 6: Could not resolve host: backend (see https://curl.se/libcurl/c/libcurl-errors.html) for http://backend:8000/api/v1/memory"} 
[2026-08-11 19:35:05] local.ERROR: Simulation backend unreachable {"request_id":"9e1666f4-034f-45c3-84e5-ff5d631f5ad0","message":"cURL error 6: Could not resolve host: backend (see https://curl.se/libcurl/c/libcurl-errors.html) for http://backend:8000/api/v1/simulate"} 
[2026-08-11 19:35:15] local.ERROR: Compiler backend unreachable {"request_id":"ddfcdfea-57a1-4611-9913-3f21e6435c2a","message":"cURL error 6: Could not resolve host: backend (see https://curl.se/libcurl/c/libcurl-errors.html) for http://backend:8000/api/v1/compile"} 
[2026-08-11 19:37:28] local.ERROR: Memory design backend unreachable {"request_id":"51242ec4-68eb-4ea2-af08-2ae6a049ebb2","message":"cURL error 6: Could not resolve host: backend (see https://curl.se/libcurl/c/libcurl-errors.html) for http://backend:8000/api/v1/memory"} 
[2026-08-11 19:42:16] local.ERROR: Compiler backend unreachable {"request_id":"dfa1ac62-4a9b-4e56-a400-385189aa9d42","message":"cURL error 28: Resolving timed out after 5000 milliseconds (see https://curl.se/libcurl/c/libcurl-errors.html) for http://backend:8000/api/v1/compile"} 
[2026-08-11 19:42:40] local.ERROR: Compiler backend unreachable {"request_id":"7997dd5a-3a60-4f99-ae7a-64738d235ee4","message":"cURL error 28: Resolving timed out after 5001 milliseconds (see https://curl.se/libcurl/c/libcurl-errors.html) for http://backend:8000/api/v1/compile"} 
[2026-08-11 22:31:19] local.ERROR: Memory design backend unreachable {"request_id":"2e4e7401-baf3-41f5-b747-fe48e1889fcd","message":"cURL error 6: Could not resolve host: backend (see https://curl.se/libcurl/c/libcurl-errors.html) for http://backend:8000/api/v1/memory"} 
[2026-08-11 22:44:58] testing.ERROR: Missing required parameter for [Route: analysis.index] [URI: {locale}] [Missing parameter: locale]. (View: /Users/macbookshop/Desktop/Projects/Developments/DNA-Web/DNA-Frontend/resources/views/layouts/app.blade.php) (View: /Users/macbookshop/Desktop/Projects/Developments/DNA-Web/DNA-Frontend/resources/views/layouts/app.blade.php) {"exception":"[object] (Illuminate\\View\\ViewException(code: 0): Missing required parameter for [Route: analysis.index] [URI: {locale}] [Missing parameter: locale]. (View: /Users/macbookshop/Desktop/Projects/Developments/DNA-Web/DNA-Frontend/resources/views/layouts/app.blade.php) (View: /Users/macbookshop/Desktop/Projects/Developments/DNA-Web/DNA-Frontend/resources/views/layouts/app.blade.php) at /Users/macbookshop/Desktop/Projects/Developments/DNA-Web/DNA-Frontend/vendor/laravel/framework/src/Illuminate/Routing/Exceptions/UrlGenerationException.php:35)
[stacktrace]
#0 /Users/macbookshop/Desktop/Projects/Developments/DNA-Web/DNA-Frontend/vendor/laravel/framework/src/Illuminate/View/Engines/PhpEngine.php(59): Illuminate\\View\\Engines\\CompilerEngine->handleViewException(Object(Illuminate\\View\\ViewException), 1)
#1 /Users/macbookshop/Desktop/Projects/Developments/DNA-Web/DNA-Frontend/vendor/laravel/framework/src/Illuminate/View/Engines/CompilerEngine.php(76): Illuminate\\View\\Engines\\PhpEngine->evaluatePath('/Users/macbooks...', Array)
#2 /Users/macbookshop/Desktop/Projects/Developments/DNA-Web/DNA-Frontend/vendor/laravel/framework/src/Illuminate/View/View.php(208): Illuminate\\View\\Engines\\CompilerEngine->get('/Users/macbooks...', Array)
#3 /Users/macbookshop/Desktop/Projects/Developments/DNA-Web/DNA-Frontend/vendor/laravel/framework/src/Illuminate/View/View.php(191): Illuminate\\View\\View->getContents()
#4 /Users/macbookshop/Desktop/Projects/Developments/DNA-Web/DNA-Frontend/vendor/laravel/framework/src/Illuminate/View/View.php(160): Illuminate\\View\\View->renderContents()
#5 /Users/macbookshop/Desktop/Projects/Developments/DNA-Web/DNA-Frontend/vendor/laravel/framework/src/Illuminate/Http/Response.php(82): Illuminate\\View\\View->render()
#6 /Users/macbookshop/Desktop/Projects/Developments/DNA-Web/DNA-Frontend/vendor/laravel/framework/src/Illuminate/Http/Response.php(40): Illuminate\\Http\\Response->setContent(Object(Illuminate\\View\\View))
#7 /Users/macbookshop/Desktop/Projects/Developments/DNA-Web/DNA-Frontend/vendor/laravel/framework/src/Illuminate/Routing/ResponseFactory.php(61): Illuminate\\Http\\Response->__construct(Object(Illuminate\\View\\View), 404, Array)
#8 /Users/macbookshop/Desktop/Projects/Developments/DNA-Web/DNA-Frontend/vendor/laravel/framework/src/Illuminate/Routing/ResponseFactory.php(91): Illuminate\\Routing\\ResponseFactory->make(Object(Illuminate\\View\\View), 404, Array)
#9 /Users/macbookshop/Desktop/Projects/Developments/DNA-Web/DNA-Frontend/vendor/laravel/framework/src/Illuminate/Foundation/Exceptions/Handler.php(1031): Illuminate\\Routing\\ResponseFactory->view('errors::404', Array, 404, Array)
#10 /Users/macbookshop/Desktop/Projects/Developments/DNA-Web/DNA-Frontend/vendor/laravel/framework/src/Illuminate/Foundation/Exceptions/Handler.php(950): Illuminate\\Foundation\\Exceptions\\Handler->renderHttpException(Object(Symfony\\Component\\HttpKernel\\Exception\\NotFoundHttpException))
#11 /Users/macbookshop/Desktop/Projects/Developments/DNA-Web/DNA-Frontend/vendor/laravel/framework/src/Illuminate/Foundation/Exceptions/Handler.php(833): Illuminate\\Foundation\\Exceptions\\Handler->prepareResponse(Object(Illuminate\\Http\\Request), Object(Symfony\\Component\\HttpKernel\\Exception\\NotFoundHttpException))
#12 /Users/macbookshop/Desktop/Projects/Developments/DNA-Web/DNA-Frontend/vendor/laravel/framework/src/Illuminate/Foundation/Exceptions/Handler.php(720): Illuminate\\Foundation\\Exceptions\\Handler->renderExceptionResponse(Object(Illuminate\\Http\\Request), Object(Symfony\\Component\\HttpKernel\\Exception\\NotFoundHttpException))
#13 /Users/macbookshop/Desktop/Projects/Developments/DNA-Web/DNA-Frontend/vendor/laravel/framework/src/Illuminate/Routing/Pipeline.php(51): Illuminate\\Foundation\\Exceptions\\Handler->render(Object(Illuminate\\Http\\Request), Object(Symfony\\Component\\HttpKernel\\Exception\\NotFoundHttpException))
#14 /Users/macbookshop/Desktop/Projects/Developments/DNA-Web/DNA-Frontend/vendor/laravel/framework/src/Illuminate/Pipeline/Pipeline.php(224): Illuminate\\Routing\\Pipeline->handleException(Object(Illuminate\\Http\\Request), Object(Illuminate\\Database\\Eloquent\\ModelNotFoundException))
#15 /Users/macbookshop/Desktop/Projects/Developments/DNA-Web/DNA-Frontend/vendor/laravel/framework/src/Illuminate/Foundation/Http/Middleware/PreventRequestForgery.php(104): Illuminate\\Pipeline\\Pipeline->{closure:{closure:Illuminate\\Pipeline\\Pipeline::carry():194}:195}(Object(Illuminate\\Http\\Request))
#16 /Users/macbookshop/Desktop/Projects/Developments/DNA-Web/DNA-Frontend/vendor/laravel/framework/src/Illuminate/Pipeline/Pipeline.php(219): Illuminate\\Foundation\\Http\\Middleware\\PreventRequestForgery->handle(Object(Illuminate\\Http\\Request), Object(Closure))
#17 /Users/macbookshop/Desktop/Projects/Developments/DNA-Web/DNA-Frontend/vendor/laravel/framework/src/Illuminate/View/Middleware/ShareErrorsFromSession.php(48): Illuminate\\Pipeline\\Pipeline->{closure:{closure:Illuminate\\Pipeline\\Pipeline::carry():194}:195}(Object(Illuminate\\Http\\Request))
#18 /Users/macbookshop/Desktop/Projects/Developments/DNA-Web/DNA-Frontend/vendor/laravel/framework/src/Illuminate/Pipeline/Pipeline.php(219): Illuminate\\View\\Middleware\\ShareErrorsFromSession->handle(Object(Illuminate\\Http\\Request), Object(Closure))
#19 /Users/macbookshop/Desktop/Projects/Developments/DNA-Web/DNA-Frontend/vendor/laravel/framework/src/Illuminate/Session/Middleware/StartSession.php(120): Illuminate\\Pipeline\\Pipeline->{closure:{closure:Illuminate\\Pipeline\\Pipeline::carry():194}:195}(Object(Illuminate\\Http\\Request))
#20 /Users/macbookshop/Desktop/Projects/Developments/DNA-Web/DNA-Frontend/vendor/laravel/framework/src/Illuminate/Session/Middleware/StartSession.php(63): Illuminate\\Session\\Middleware\\StartSession->handleStatefulRequest(Object(Illuminate\\Http\\Request), Object(Illuminate\\Session\\Store), Object(Closure))
#21 /Users/macbookshop/Desktop/Projects/Developments/DNA-Web/DNA-Frontend/vendor/laravel/framework/src/Illuminate/Pipeline/Pipeline.php(219): Illuminate\\Session\\Middleware\\StartSession->handle(Object(Illuminate\\Http\\Request), Object(Closure))
#22 /Users/macbookshop/Desktop/Projects/Developments/DNA-Web/DNA-Frontend/vendor/laravel/framework/src/Illuminate/Cookie/Middleware/AddQueuedCookiesToResponse.php(36): Illuminate\\Pipeline\\Pipeline->{closure:{closure:Illuminate\\Pipeline\\Pipeline::carry():194}:195}(Object(Illuminate\\Http\\Request))
#23 /Users/macbookshop/Desktop/Projects/Developments/DNA-Web/DNA-Frontend/vendor/laravel/framework/src/Illuminate/Pipeline/Pipeline.php(219): Illuminate\\Cookie\\Middleware\\AddQueuedCookiesToResponse->handle(Object(Illuminate\\Http\\Request), Object(Closure))
#24 /Users/macbookshop/Desktop/Projects/Developments/DNA-Web/DNA-Frontend/vendor/laravel/framework/src/Illuminate/Cookie/Middleware/EncryptCookies.php(74): Illuminate\\Pipeline\\Pipeline->{closure:{closure:Illuminate\\Pipeline\\Pipeline::carry():194}:195}(Object(Illuminate\\Http\\Request))
#25 /Users/macbookshop/Desktop/Projects/Developments/DNA-Web/DNA-Frontend/vendor/laravel/framework/src/Illuminate/Pipeline/Pipeline.php(219): Illuminate\\Cookie\\Middleware\\EncryptCookies->handle(Object(Illuminate\\Http\\Request), Object(Closure))
#26 /Users/macbookshop/Desktop/Projects/Developments/DNA-Web/DNA-Frontend/vendor/laravel/framework/src/Illuminate/Pipeline/Pipeline.php(137): Illuminate\\Pipeline\\Pipeline->{closure:{closure:Illuminate\\Pipeline\\Pipeline::carry():194}:195}(Object(Illuminate\\Http\\Request))
#27 /Users/macbookshop/Desktop/Projects/Developments/DNA-Web/DNA-Frontend/vendor/laravel/framework/src/Illuminate/Routing/Router.php(821): Illuminate\\Pipeline\\Pipeline->then(Object(Closure))
#28 /Users/macbookshop/Desktop/Projects/Developments/DNA-Web/DNA-Frontend/vendor/laravel/framework/src/Illuminate/Routing/Router.php(800): Illuminate\\Routing\\Router->runRouteWithinStack(Object(Illuminate\\Routing\\Route), Object(Illuminate\\Http\\Request))
#29 /Users/macbookshop/Desktop/Projects/Developments/DNA-Web/DNA-Frontend/vendor/laravel/framework/src/Illuminate/Routing/Router.php(764): Illuminate\\Routing\\Router->runRoute(Object(Illuminate\\Http\\Request), Object(Illuminate\\Routing\\Route))
#30 /Users/macbookshop/Desktop/Projects/Developments/DNA-Web/DNA-Frontend/vendor/laravel/framework/src/Illuminate/Routing/Router.php(753): Illuminate\\Routing\\Router->dispatchToRoute(Object(Illuminate\\Http\\Request))
#31 /Users/macbookshop/Desktop/Projects/Developments/DNA-Web/DNA-Frontend/vendor/laravel/framework/src/Illuminate/Foundation/Http/Kernel.php(200): Illuminate\\Routing\\Router->dispatch(Object(Illuminate\\Http\\Request))
#32 /Users/macbookshop/Desktop/Projects/Developments/DNA-Web/DNA-Frontend/vendor/laravel/framework/src/Illuminate/Pipeline/Pipeline.php(180): Illuminate\\Foundation\\Http\\Kernel->{closure:Illuminate\\Foundation\\Http\\Kernel::dispatchToRouter():197}(Object(Illuminate\\Http\\Request))
#33 /Users/macbookshop/Desktop/Projects/Developments/DNA-Web/DNA-Frontend/vendor/laravel/framework/src/Illuminate/Foundation/Http/Middleware/TransformsRequest.php(21): Illuminate\\Pipeline\\Pipeline->{closure:Illuminate\\Pipeline\\Pipeline::prepareDestination():178}(Object(Illuminate\\Http\\Request))
#34 /Users/macbookshop/Desktop/Projects/Developments/DNA-Web/DNA-Frontend/vendor/laravel/framework/src/Illuminate/Foundation/Http/Middleware/ConvertEmptyStringsToNull.php(31): Illuminate\\Foundation\\Http\\Middleware\\TransformsRequest->handle(Object(Illuminate\\Http\\Request), Object(Closure))
#35 /Users/macbookshop/Desktop/Projects/Developments/DNA-Web/DNA-Frontend/vendor/laravel/framework/src/Illuminate/Pipeline/Pipeline.php(219): Illuminate\\Foundation\\Http\\Middleware\\ConvertEmptyStringsToNull->handle(Object(Illuminate\\Http\\Request), Object(Closure))
#36 /Users/macbookshop/Desktop/Projects/Developments/DNA-Web/DNA-Frontend/vendor/laravel/framework/src/Illuminate/Foundation/Http/Middleware/TransformsRequest.php(21): Illuminate\\Pipeline\\Pipeline->{closure:{closure:Illuminate\\Pipeline\\Pipeline::carry():194}:195}(Object(Illuminate\\Http\\Request))
#37 /Users/macbookshop/Desktop/Projects/Developments/DNA-Web/DNA-Frontend/vendor/laravel/framework/src/Illuminate/Foundation/Http/Middleware/TrimStrings.php(51): Illuminate\\Foundation\\Http\\Middleware\\TransformsRequest->handle(Object(Illuminate\\Http\\Request), Object(Closure))
#38 /Users/macbookshop/Desktop/Projects/Developments/DNA-Web/DNA-Frontend/vendor/laravel/framework/src/Illuminate/Pipeline/Pipeline.php(219): Illuminate\\Foundation\\Http\\Middleware\\TrimStrings->handle(Object(Illuminate\\Http\\Request), Object(Closure))
#39 /Users/macbookshop/Desktop/Projects/Developments/DNA-Web/DNA-Frontend/vendor/laravel/framework/src/Illuminate/Http/Middleware/ValidatePostSize.php(27): Illuminate\\Pipeline\\Pipeline->{closure:{closure:Illuminate\\Pipeline\\Pipeline::carry():194}:195}(Object(Illuminate\\Http\\Request))
#40 /Users/macbookshop/Desktop/Projects/Developments/DNA-Web/DNA-Frontend/vendor/laravel/framework/src/Illuminate/Pipeline/Pipeline.php(219): Illuminate\\Http\\Middleware\\ValidatePostSize->handle(Object(Illuminate\\Http\\Request), Object(Closure))
#41 /Users/macbookshop/Desktop/Projects/Developments/DNA-Web/DNA-Frontend/vendor/laravel/framework/src/Illuminate/Foundation/Http/Middleware/PreventRequestsDuringMaintenance.php(109): Illuminate\\Pipeline\\Pipeline->{closure:{closure:Illuminate\\Pipeline\\Pipeline::carry():194}:195}(Object(Illuminate\\Http\\Request))
#42 /Users/macbookshop/Desktop/Projects/Developments/DNA-Web/DNA-Frontend/vendor/laravel/framework/src/Illuminate/Pipeline/Pipeline.php(219): Illuminate\\Foundation\\Http\\Middleware\\PreventRequestsDuringMaintenance->handle(Object(Illuminate\\Http\\Request), Object(Closure))
#43 /Users/macbookshop/Desktop/Projects/Developments/DNA-Web/DNA-Frontend/vendor/laravel/framework/src/Illuminate/Http/Middleware/HandleCors.php(61): Illuminate\\Pipeline\\Pipeline->{closure:{closure:Illuminate\\Pipeline\\Pipeline::carry():194}:195}(Object(Illuminate\\Http\\Request))
#44 /Users/macbookshop/Desktop/Projects/Developments/DNA-Web/DNA-Frontend/vendor/laravel/framework/src/Illuminate/Pipeline/Pipeline.php(219): Illuminate\\Http\\Middleware\\HandleCors->handle(Object(Illuminate\\Http\\Request), Object(Closure))
#45 /Users/macbookshop/Desktop/Projects/Developments/DNA-Web/DNA-Frontend/vendor/laravel/framework/src/Illuminate/Http/Middleware/TrustProxies.php(58): Illuminate\\Pipeline\\Pipeline->{closure:{closure:Illuminate\\Pipeline\\Pipeline::carry():194}:195}(Object(Illuminate\\Http\\Request))
#46 /Users/macbookshop/Desktop/Projects/Developments/DNA-Web/DNA-Frontend/vendor/laravel/framework/src/Illuminate/Pipeline/Pipeline.php(219): Illuminate\\Http\\Middleware\\TrustProxies->handle(Object(Illuminate\\Http\\Request), Object(Closure))
#47 /Users/macbookshop/Desktop/Projects/Developments/DNA-Web/DNA-Frontend/vendor/laravel/framework/src/Illuminate/Foundation/Http/Middleware/InvokeDeferredCallbacks.php(22): Illuminate\\Pipeline\\Pipeline->{closure:{closure:Illuminate\\Pipeline\\Pipeline::carry():194}:195}(Object(Illuminate\\Http\\Request))
#48 /Users/macbookshop/Desktop/Projects/Developments/DNA-Web/DNA-Frontend/vendor/laravel/framework/src/Illuminate/Pipeline/Pipeline.php(219): Illuminate\\Foundation\\Http\\Middleware\\InvokeDeferredCallbacks->handle(Object(Illuminate\\Http\\Request), Object(Closure))
#49 /Users/macbookshop/Desktop/Projects/Developments/DNA-Web/DNA-Frontend/vendor/laravel/framework/src/Illuminate/Http/Middleware/ValidatePathEncoding.php(28): Illuminate\\Pipeline\\Pipeline->{closure:{closure:Illuminate\\Pipeline\\Pipeline::carry():194}:195}(Object(Illuminate\\Http\\Request))
#50 /Users/macbookshop/Desktop/Projects/Developments/DNA-Web/DNA-Frontend/vendor/laravel/framework/src/Illuminate/Pipeline/Pipeline.php(219): Illuminate\\Http\\Middleware\\ValidatePathEncoding->handle(Object(Illuminate\\Http\\Request), Object(Closure))
#51 /Users/macbookshop/Desktop/Projects/Developments/DNA-Web/DNA-Frontend/vendor/laravel/framework/src/Illuminate/Pipeline/Pipeline.php(137): Illuminate\\Pipeline\\Pipeline->{closure:{closure:Illuminate\\Pipeline\\Pipeline::carry():194}:195}(Object(Illuminate\\Http\\Request))
#52 /Users/macbookshop/Desktop/Projects/Developments/DNA-Web/DNA-Frontend/vendor/laravel/framework/src/Illuminate/Foundation/Http/Kernel.php(175): Illuminate\\Pipeline\\Pipeline->then(Object(Closure))
#53 /Users/macbookshop/Desktop/Projects/Developments/DNA-Web/DNA-Frontend/vendor/laravel/framework/src/Illuminate/Foundation/Http/Kernel.php(144): Illuminate\\Foundation\\Http\\Kernel->sendRequestThroughRouter(Object(Illuminate\\Http\\Request))
#54 /Users/macbookshop/Desktop/Projects/Developments/DNA-Web/DNA-Frontend/vendor/laravel/framework/src/Illuminate/Foundation/Testing/Concerns/MakesHttpRequests.php(638): Illuminate\\Foundation\\Http\\Kernel->handle(Object(Illuminate\\Http\\Request))
#55 /Users/macbookshop/Desktop/Projects/Developments/DNA-Web/DNA-Frontend/vendor/laravel/framework/src/Illuminate/Foundation/Testing/Concerns/MakesHttpRequests.php(368): Illuminate\\Foundation\\Testing\\TestCase->call('GET', '/ku/result/1718...', Array, Array, Array, Array)
#56 /Users/macbookshop/Desktop/Projects/Developments/DNA-Web/DNA-Frontend/tests/Feature/AnalysisTest.php(202): Illuminate\\Foundation\\Testing\\TestCase->get('/ku/result/1718...')
#57 /Users/macbookshop/Desktop/Projects/Developments/DNA-Web/DNA-Frontend/vendor/phpunit/phpunit/src/Framework/TestCase.php(1318): Tests\\Feature\\AnalysisTest->test_an_expired_result_id_returns_a_translated_404()
#58 /Users/macbookshop/Desktop/Projects/Developments/DNA-Web/DNA-Frontend/vendor/phpunit/phpunit/src/Framework/TestCase.php(1355): PHPUnit\\Framework\\TestCase->invokeTestMethod('test_an_expired...', Array)
#59 /Users/macbookshop/Desktop/Projects/Developments/DNA-Web/DNA-Frontend/vendor/phpunit/phpunit/src/Framework/TestCase.php(521): PHPUnit\\Framework\\TestCase->runTest()
#60 /Users/macbookshop/Desktop/Projects/Developments/DNA-Web/DNA-Frontend/vendor/phpunit/phpunit/src/Framework/TestRunner/TestRunner.php(99): PHPUnit\\Framework\\TestCase->runBare()
#61 /Users/macbookshop/Desktop/Projects/Developments/DNA-Web/DNA-Frontend/vendor/phpunit/phpunit/src/Framework/TestCase.php(361): PHPUnit\\Framework\\TestRunner->run(Object(Tests\\Feature\\AnalysisTest))
#62 /Users/macbookshop/Desktop/Projects/Developments/DNA-Web/DNA-Frontend/vendor/phpunit/phpunit/src/Framework/TestSuite.php(374): PHPUnit\\Framework\\TestCase->run()
#63 /Users/macbookshop/Desktop/Projects/Developments/DNA-Web/DNA-Frontend/vendor/phpunit/phpunit/src/Framework/TestSuite.php(374): PHPUnit\\Framework\\TestSuite->run()
#64 /Users/macbookshop/Desktop/Projects/Developments/DNA-Web/DNA-Frontend/vendor/phpunit/phpunit/src/Framework/TestSuite.php(374): PHPUnit\\Framework\\TestSuite->run()
#65 /Users/macbookshop/Desktop/Projects/Developments/DNA-Web/DNA-Frontend/vendor/phpunit/phpunit/src/TextUI/TestRunner.php(64): PHPUnit\\Framework\\TestSuite->run()
#66 /Users/macbookshop/Desktop/Projects/Developments/DNA-Web/DNA-Frontend/vendor/phpunit/phpunit/src/TextUI/Application.php(229): PHPUnit\\TextUI\\TestRunner->run(Object(PHPUnit\\TextUI\\Configuration\\Configuration), Object(PHPUnit\\Runner\\ResultCache\\DefaultResultCache), Object(PHPUnit\\Framework\\TestSuite))
#67 /Users/macbookshop/Desktop/Projects/Developments/DNA-Web/DNA-Frontend/vendor/phpunit/phpunit/phpunit(104): PHPUnit\\TextUI\\Application->run(Array)
#68 {main}

[previous exception] [object] (Illuminate\\View\\ViewException(code: 0): Missing required parameter for [Route: analysis.index] [URI: {locale}] [Missing parameter: locale]. (View: /Users/macbookshop/Desktop/Projects/Developments/DNA-Web/DNA-Frontend/resources/views/layouts/app.blade.php) at /Users/macbookshop/Desktop/Projects/Developments/DNA-Web/DNA-Frontend/vendor/laravel/framework/src/Illuminate/Routing/Exceptions/UrlGenerationException.php:35)
[stacktrace]
#0 /Users/macbookshop/Desktop/Projects/Developments/DNA-Web/DNA-Frontend/vendor/laravel/framework/src/Illuminate/View/Engines/PhpEngine.php(59): Illuminate\\View\\Engines\\CompilerEngine->handleViewException(Object(Illuminate\\Routing\\Exceptions\\UrlGenerationException), 2)
#1 /Users/macbookshop/Desktop/Projects/Developments/DNA-Web/DNA-Frontend/vendor/laravel/framework/src/Illuminate/View/Engines/CompilerEngine.php(76): Illuminate\\View\\Engines\\PhpEngine->evaluatePath('/Users/macbooks...', Array)
#2 /Users/macbookshop/Desktop/Projects/Developments/DNA-Web/DNA-Frontend/vendor/laravel/framework/src/Illuminate/View/View.php(208): Illuminate\\View\\Engines\\CompilerEngine->get('/Users/macbooks...', Array)
#3 /Users/macbookshop/Desktop/Projects/Developments/DNA-Web/DNA-Frontend/vendor/laravel/framework/src/Illuminate/View/View.php(191): Illuminate\\View\\View->getContents()
#4 /Users/macbookshop/Desktop/Projects/Developments/DNA-Web/DNA-Frontend/vendor/laravel/framework/src/Illuminate/View/View.php(160): Illuminate\\View\\View->renderContents()
#5 /Users/macbookshop/Desktop/Projects/Developments/DNA-Web/DNA-Frontend/storage/framework/views/f058fb6fd3ae58a3027bb36a27ff1ec0.php(15): Illuminate\\View\\View->render()
#6 /Users/macbookshop/Desktop/Projects/Developments/DNA-Web/DNA-Frontend/vendor/laravel/framework/src/Illuminate/Filesystem/Filesystem.php(123): require('/Users/macbooks...')
#7 /Users/macbookshop/Desktop/Projects/Developments/DNA-Web/DNA-Frontend/vendor/laravel/framework/src/Illuminate/Filesystem/Filesystem.php(124): Illuminate\\Filesystem\\Filesystem::{closure:Illuminate\\Filesystem\\Filesystem::getRequire():120}()
#8 /Users/macbookshop/Desktop/Projects/Developments/DNA-Web/DNA-Frontend/vendor/laravel/framework/src/Illuminate/View/Engines/PhpEngine.php(57): Illuminate\\Filesystem\\Filesystem->getRequire('/Users/macbooks...', Array)
#9 /Users/macbookshop/Desktop/Projects/Developments/DNA-Web/DNA-Frontend/vendor/laravel/framework/src/Illuminate/View/Engines/CompilerEngine.php(76): Illuminate\\View\\Engines\\PhpEngine->evaluatePath('/Users/macbooks...', Array)
#10 /Users/macbookshop/Desktop/Projects/Developments/DNA-Web/DNA-Frontend/vendor/laravel/framework/src/Illuminate/View/View.php(208): Illuminate\\View\\Engines\\CompilerEngine->get('/Users/macbooks...', Array)
#11 /Users/macbookshop/Desktop/Projects/Developments/DNA-Web/DNA-Frontend/vendor/laravel/framework/src/Illuminate/View/View.php(191): Illuminate\\View\\View->getContents()
#12 /Users/macbookshop/Desktop/Projects/Developments/DNA-Web/DNA-Frontend/vendor/laravel/framework/src/Illuminate/View/View.php(160): Illuminate\\View\\View->renderContents()
#13 /Users/macbookshop/Desktop/Projects/Developments/DNA-Web/DNA-Frontend/vendor/laravel/framework/src/Illuminate/Http/Response.php(82): Illuminate\\View\\View->render()
#14 /Users/macbookshop/Desktop/Projects/Developments/DNA-Web/DNA-Frontend/vendor/laravel/framework/src/Illuminate/Http/Response.php(40): Illuminate\\Http\\Response->setContent(Object(Illuminate\\View\\View))
#15 /Users/macbookshop/Desktop/Projects/Developments/DNA-Web/DNA-Frontend/vendor/laravel/framework/src/Illuminate/Routing/ResponseFactory.php(61): Illuminate\\Http\\Response->__construct(Object(Illuminate\\View\\View), 404, Array)
#16 /Users/macbookshop/Desktop/Projects/Developments/DNA-Web/DNA-Frontend/vendor/laravel/framework/src/Illuminate/Routing/ResponseFactory.php(91): Illuminate\\Routing\\ResponseFactory->make(Object(Illuminate\\View\\View), 404, Array)
#17 /Users/macbookshop/Desktop/Projects/Developments/DNA-Web/DNA-Frontend/vendor/laravel/framework/src/Illuminate/Foundation/Exceptions/Handler.php(1031): Illuminate\\Routing\\ResponseFactory->view('errors::404', Array, 404, Array)
#18 /Users/macbookshop/Desktop/Projects/Developments/DNA-Web/DNA-Frontend/vendor/laravel/framework/src/Illuminate/Foundation/Exceptions/Handler.php(950): Illuminate\\Foundation\\Exceptions\\Handler->renderHttpException(Object(Symfony\\Component\\HttpKernel\\Exception\\NotFoundHttpException))
#19 /Users/macbookshop/Desktop/Projects/Developments/DNA-Web/DNA-Frontend/vendor/laravel/framework/src/Illuminate/Foundation/Exceptions/Handler.php(833): Illuminate\\Foundation\\Exceptions\\Handler->prepareResponse(Object(Illuminate\\Http\\Request), Object(Symfony\\Component\\HttpKernel\\Exception\\NotFoundHttpException))
#20 /Users/macbookshop/Desktop/Projects/Developments/DNA-Web/DNA-Frontend/vendor/laravel/framework/src/Illuminate/Foundation/Exceptions/Handler.php(720): Illuminate\\Foundation\\Exceptions\\Handler->renderExceptionResponse(Object(Illuminate\\Http\\Request), Object(Symfony\\Component\\HttpKernel\\Exception\\NotFoundHttpException))
#21 /Users/macbookshop/Desktop/Projects/Developments/DNA-Web/DNA-Frontend/vendor/laravel/framework/src/Illuminate/Routing/Pipeline.php(51): Illuminate\\Foundation\\Exceptions\\Handler->render(Object(Illuminate\\Http\\Request), Object(Symfony\\Component\\HttpKernel\\Exception\\NotFoundHttpException))
#22 /Users/macbookshop/Desktop/Projects/Developments/DNA-Web/DNA-Frontend/vendor/laravel/framework/src/Illuminate/Pipeline/Pipeline.php(224): Illuminate\\Routing\\Pipeline->handleException(Object(Illuminate\\Http\\Request), Object(Illuminate\\Database\\Eloquent\\ModelNotFoundException))
#23 /Users/macbookshop/Desktop/Projects/Developments/DNA-Web/DNA-Frontend/vendor/laravel/framework/src/Illuminate/Foundation/Http/Middleware/PreventRequestForgery.php(104): Illuminate\\Pipeline\\Pipeline->{closure:{closure:Illuminate\\Pipeline\\Pipeline::carry():194}:195}(Object(Illuminate\\Http\\Request))
#24 /Users/macbookshop/Desktop/Projects/Developments/DNA-Web/DNA-Frontend/vendor/laravel/framework/src/Illuminate/Pipeline/Pipeline.php(219): Illuminate\\Foundation\\Http\\Middleware\\PreventRequestForgery->handle(Object(Illuminate\\Http\\Request), Object(Closure))
#25 /Users/macbookshop/Desktop/Projects/Developments/DNA-Web/DNA-Frontend/vendor/laravel/framework/src/Illuminate/View/Middleware/ShareErrorsFromSession.php(48): Illuminate\\Pipeline\\Pipeline->{closure:{closure:Illuminate\\Pipeline\\Pipeline::carry():194}:195}(Object(Illuminate\\Http\\Request))
#26 /Users/macbookshop/Desktop/Projects/Developments/DNA-Web/DNA-Frontend/vendor/laravel/framework/src/Illuminate/Pipeline/Pipeline.php(219): Illuminate\\View\\Middleware\\ShareErrorsFromSession->handle(Object(Illuminate\\Http\\Request), Object(Closure))
#27 /Users/macbookshop/Desktop/Projects/Developments/DNA-Web/DNA-Frontend/vendor/laravel/framework/src/Illuminate/Session/Middleware/StartSession.php(120): Illuminate\\Pipeline\\Pipeline->{closure:{closure:Illuminate\\Pipeline\\Pipeline::carry():194}:195}(Object(Illuminate\\Http\\Request))
#28 /Users/macbookshop/Desktop/Projects/Developments/DNA-Web/DNA-Frontend/vendor/laravel/framework/src/Illuminate/Session/Middleware/StartSession.php(63): Illuminate\\Session\\Middleware\\StartSession->handleStatefulRequest(Object(Illuminate\\Http\\Request), Object(Illuminate\\Session\\Store), Object(Closure))
#29 /Users/macbookshop/Desktop/Projects/Developments/DNA-Web/DNA-Frontend/vendor/laravel/framework/src/Illuminate/Pipeline/Pipeline.php(219): Illuminate\\Session\\Middleware\\StartSession->handle(Object(Illuminate\\Http\\Request), Object(Closure))
#30 /Users/macbookshop/Desktop/Projects/Developments/DNA-Web/DNA-Frontend/vendor/laravel/framework/src/Illuminate/Cookie/Middleware/AddQueuedCookiesToResponse.php(36): Illuminate\\Pipeline\\Pipeline->{closure:{closure:Illuminate\\Pipeline\\Pipeline::carry():194}:195}(Object(Illuminate\\Http\\Request))
#31 /Users/macbookshop/Desktop/Projects/Developments/DNA-Web/DNA-Frontend/vendor/laravel/framework/src/Illuminate/Pipeline/Pipeline.php(219): Illuminate\\Cookie\\Middleware\\AddQueuedCookiesToResponse->handle(Object(Illuminate\\Http\\Request), Object(Closure))
#32 /Users/macbookshop/Desktop/Projects/Developments/DNA-Web/DNA-Frontend/vendor/laravel/framework/src/Illuminate/Cookie/Middleware/EncryptCookies.php(74): Illuminate\\Pipeline\\Pipeline->{closure:{closure:Illuminate\\Pipeline\\Pipeline::carry():194}:195}(Object(Illuminate\\Http\\Request))
#33 /Users/macbookshop/Desktop/Projects/Developments/DNA-Web/DNA-Frontend/vendor/laravel/framework/src/Illuminate/Pipeline/Pipeline.php(219): Illuminate\\Cookie\\Middleware\\EncryptCookies->handle(Object(Illuminate\\Http\\Request), Object(Closure))
#34 /Users/macbookshop/Desktop/Projects/Developments/DNA-Web/DNA-Frontend/vendor/laravel/framework/src/Illuminate/Pipeline/Pipeline.php(137): Illuminate\\Pipeline\\Pipeline->{closure:{closure:Illuminate\\Pipeline\\Pipeline::carry():194}:195}(Object(Illuminate\\Http\\Request))
#35 /Users/macbookshop/Desktop/Projects/Developments/DNA-Web/DNA-Frontend/vendor/laravel/framework/src/Illuminate/Routing/Router.php(821): Illuminate\\Pipeline\\Pipeline->then(Object(Closure))
#36 /Users/macbookshop/Desktop/Projects/Developments/DNA-Web/DNA-Frontend/vendor/laravel/framework/src/Illuminate/Routing/Router.php(800): Illuminate\\Routing\\Router->runRouteWithinStack(Object(Illuminate\\Routing\\Route), Object(Illuminate\\Http\\Request))
#37 /Users/macbookshop/Desktop/Projects/Developments/DNA-Web/DNA-Frontend/vendor/laravel/framework/src/Illuminate/Routing/Router.php(764): Illuminate\\Routing\\Router->runRoute(Object(Illuminate\\Http\\Request), Object(Illuminate\\Routing\\Route))
#38 /Users/macbookshop/Desktop/Projects/Developments/DNA-Web/DNA-Frontend/vendor/laravel/framework/src/Illuminate/Routing/Router.php(753): Illuminate\\Routing\\Router->dispatchToRoute(Object(Illuminate\\Http\\Request))
#39 /Users/macbookshop/Desktop/Projects/Developments/DNA-Web/DNA-Frontend/vendor/laravel/framework/src/Illuminate/Foundation/Http/Kernel.php(200): Illuminate\\Routing\\Router->dispatch(Object(Illuminate\\Http\\Request))
#40 /Users/macbookshop/Desktop/Projects/Developments/DNA-Web/DNA-Frontend/vendor/laravel/framework/src/Illuminate/Pipeline/Pipeline.php(180): Illuminate\\Foundation\\Http\\Kernel->{closure:Illuminate\\Foundation\\Http\\Kernel::dispatchToRouter():197}(Object(Illuminate\\Http\\Request))
#41 /Users/macbookshop/Desktop/Projects/Developments/DNA-Web/DNA-Frontend/vendor/laravel/framework/src/Illuminate/Foundation/Http/Middleware/TransformsRequest.php(21): Illuminate\\Pipeline\\Pipeline->{closure:Illuminate\\Pipeline\\Pipeline::prepareDestination():178}(Object(Illuminate\\Http\\Request))
#42 /Users/macbookshop/Desktop/Projects/Developments/DNA-Web/DNA-Frontend/vendor/laravel/framework/src/Illuminate/Foundation/Http/Middleware/ConvertEmptyStringsToNull.php(31): Illuminate\\Foundation\\Http\\Middleware\\TransformsRequest->handle(Object(Illuminate\\Http\\Request), Object(Closure))
#43 /Users/macbookshop/Desktop/Projects/Developments/DNA-Web/DNA-Frontend/vendor/laravel/framework/src/Illuminate/Pipeline/Pipeline.php(219): Illuminate\\Foundation\\Http\\Middleware\\ConvertEmptyStringsToNull->handle(Object(Illuminate\\Http\\Request), Object(Closure))
#44 /Users/macbookshop/Desktop/Projects/Developments/DNA-Web/DNA-Frontend/vendor/laravel/framework/src/Illuminate/Foundation/Http/Middleware/TransformsRequest.php(21): Illuminate\\Pipeline\\Pipeline->{closure:{closure:Illuminate\\Pipeline\\Pipeline::carry():194}:195}(Object(Illuminate\\Http\\Request))
#45 /Users/macbookshop/Desktop/Projects/Developments/DNA-Web/DNA-Frontend/vendor/laravel/framework/src/Illuminate/Foundation/Http/Middleware/TrimStrings.php(51): Illuminate\\Foundation\\Http\\Middleware\\TransformsRequest->handle(Object(Illuminate\\Http\\Request), Object(Closure))
#46 /Users/macbookshop/Desktop/Projects/Developments/DNA-Web/DNA-Frontend/vendor/laravel/framework/src/Illuminate/Pipeline/Pipeline.php(219): Illuminate\\Foundation\\Http\\Middleware\\TrimStrings->handle(Object(Illuminate\\Http\\Request), Object(Closure))
#47 /Users/macbookshop/Desktop/Projects/Developments/DNA-Web/DNA-Frontend/vendor/laravel/framework/src/Illuminate/Http/Middleware/ValidatePostSize.php(27): Illuminate\\Pipeline\\Pipeline->{closure:{closure:Illuminate\\Pipeline\\Pipeline::carry():194}:195}(Object(Illuminate\\Http\\Request))
#48 /Users/macbookshop/Desktop/Projects/Developments/DNA-Web/DNA-Frontend/vendor/laravel/framework/src/Illuminate/Pipeline/Pipeline.php(219): Illuminate\\Http\\Middleware\\ValidatePostSize->handle(Object(Illuminate\\Http\\Request), Object(Closure))
#49 /Users/macbookshop/Desktop/Projects/Developments/DNA-Web/DNA-Frontend/vendor/laravel/framework/src/Illuminate/Foundation/Http/Middleware/PreventRequestsDuringMaintenance.php(109): Illuminate\\Pipeline\\Pipeline->{closure:{closure:Illuminate\\Pipeline\\Pipeline::carry():194}:195}(Object(Illuminate\\Http\\Request))
#50 /Users/macbookshop/Desktop/Projects/Developments/DNA-Web/DNA-Frontend/vendor/laravel/framework/src/Illuminate/Pipeline/Pipeline.php(219): Illuminate\\Foundation\\Http\\Middleware\\PreventRequestsDuringMaintenance->handle(Object(Illuminate\\Http\\Request), Object(Closure))
#51 /Users/macbookshop/Desktop/Projects/Developments/DNA-Web/DNA-Frontend/vendor/laravel/framework/src/Illuminate/Http/Middleware/HandleCors.php(61): Illuminate\\Pipeline\\Pipeline->{closure:{closure:Illuminate\\Pipeline\\Pipeline::carry():194}:195}(Object(Illuminate\\Http\\Request))
#52 /Users/macbookshop/Desktop/Projects/Developments/DNA-Web/DNA-Frontend/vendor/laravel/framework/src/Illuminate/Pipeline/Pipeline.php(219): Illuminate\\Http\\Middleware\\HandleCors->handle(Object(Illuminate\\Http\\Request), Object(Closure))
#53 /Users/macbookshop/Desktop/Projects/Developments/DNA-Web/DNA-Frontend/vendor/laravel/framework/src/Illuminate/Http/Middleware/TrustProxies.php(58): Illuminate\\Pipeline\\Pipeline->{closure:{closure:Illuminate\\Pipeline\\Pipeline::carry():194}:195}(Object(Illuminate\\Http\\Request))
#54 /Users/macbookshop/Desktop/Projects/Developments/DNA-Web/DNA-Frontend/vendor/laravel/framework/src/Illuminate/Pipeline/Pipeline.php(219): Illuminate\\Http\\Middleware\\TrustProxies->handle(Object(Illuminate\\Http\\Request), Object(Closure))
#55 /Users/macbookshop/Desktop/Projects/Developments/DNA-Web/DNA-Frontend/vendor/laravel/framework/src/Illuminate/Foundation/Http/Middleware/InvokeDeferredCallbacks.php(22): Illuminate\\Pipeline\\Pipeline->{closure:{closure:Illuminate\\Pipeline\\Pipeline::carry():194}:195}(Object(Illuminate\\Http\\Request))
#56 /Users/macbookshop/Desktop/Projects/Developments/DNA-Web/DNA-Frontend/vendor/laravel/framework/src/Illuminate/Pipeline/Pipeline.php(219): Illuminate\\Foundation\\Http\\Middleware\\InvokeDeferredCallbacks->handle(Object(Illuminate\\Http\\Request), Object(Closure))
#57 /Users/macbookshop/Desktop/Projects/Developments/DNA-Web/DNA-Frontend/vendor/laravel/framework/src/Illuminate/Http/Middleware/ValidatePathEncoding.php(28): Illuminate\\Pipeline\\Pipeline->{closure:{closure:Illuminate\\Pipeline\\Pipeline::carry():194}:195}(Object(Illuminate\\Http\\Request))
#58 /Users/macbookshop/Desktop/Projects/Developments/DNA-Web/DNA-Frontend/vendor/laravel/framework/src/Illuminate/Pipeline/Pipeline.php(219): Illuminate\\Http\\Middleware\\ValidatePathEncoding->handle(Object(Illuminate\\Http\\Request), Object(Closure))
#59 /Users/macbookshop/Desktop/Projects/Developments/DNA-Web/DNA-Frontend/vendor/laravel/framework/src/Illuminate/Pipeline/Pipeline.php(137): Illuminate\\Pipeline\\Pipeline->{closure:{closure:Illuminate\\Pipeline\\Pipeline::carry():194}:195}(Object(Illuminate\\Http\\Request))
#60 /Users/macbookshop/Desktop/Projects/Developments/DNA-Web/DNA-Frontend/vendor/laravel/framework/src/Illuminate/Foundation/Http/Kernel.php(175): Illuminate\\Pipeline\\Pipeline->then(Object(Closure))
#61 /Users/macbookshop/Desktop/Projects/Developments/DNA-Web/DNA-Frontend/vendor/laravel/framework/src/Illuminate/Foundation/Http/Kernel.php(144): Illuminate\\Foundation\\Http\\Kernel->sendRequestThroughRouter(Object(Illuminate\\Http\\Request))
#62 /Users/macbookshop/Desktop/Projects/Developments/DNA-Web/DNA-Frontend/vendor/laravel/framework/src/Illuminate/Foundation/Testing/Concerns/MakesHttpRequests.php(638): Illuminate\\Foundation\\Http\\Kernel->handle(Object(Illuminate\\Http\\Request))
#63 /Users/macbookshop/Desktop/Projects/Developments/DNA-Web/DNA-Frontend/vendor/laravel/framework/src/Illuminate/Foundation/Testing/Concerns/MakesHttpRequests.php(368): Illuminate\\Foundation\\Testing\\TestCase->call('GET', '/ku/result/1718...', Array, Array, Array, Array)
#64 /Users/macbookshop/Desktop/Projects/Developments/DNA-Web/DNA-Frontend/tests/Feature/AnalysisTest.php(202): Illuminate\\Foundation\\Testing\\TestCase->get('/ku/result/1718...')
#65 /Users/macbookshop/Desktop/Projects/Developments/DNA-Web/DNA-Frontend/vendor/phpunit/phpunit/src/Framework/TestCase.php(1318): Tests\\Feature\\AnalysisTest->test_an_expired_result_id_returns_a_translated_404()
#66 /Users/macbookshop/Desktop/Projects/Developments/DNA-Web/DNA-Frontend/vendor/phpunit/phpunit/src/Framework/TestCase.php(1355): PHPUnit\\Framework\\TestCase->invokeTestMethod('test_an_expired...', Array)
#67 /Users/macbookshop/Desktop/Projects/Developments/DNA-Web/DNA-Frontend/vendor/phpunit/phpunit/src/Framework/TestCase.php(521): PHPUnit\\Framework\\TestCase->runTest()
#68 /Users/macbookshop/Desktop/Projects/Developments/DNA-Web/DNA-Frontend/vendor/phpunit/phpunit/src/Framework/TestRunner/TestRunner.php(99): PHPUnit\\Framework\\TestCase->runBare()
#69 /Users/macbookshop/Desktop/Projects/Developments/DNA-Web/DNA-Frontend/vendor/phpunit/phpunit/src/Framework/TestCase.php(361): PHPUnit\\Framework\\TestRunner->run(Object(Tests\\Feature\\AnalysisTest))
#70 /Users/macbookshop/Desktop/Projects/Developments/DNA-Web/DNA-Frontend/vendor/phpunit/phpunit/src/Framework/TestSuite.php(374): PHPUnit\\Framework\\TestCase->run()
#71 /Users/macbookshop/Desktop/Projects/Developments/DNA-Web/DNA-Frontend/vendor/phpunit/phpunit/src/Framework/TestSuite.php(374): PHPUnit\\Framework\\TestSuite->run()
#72 /Users/macbookshop/Desktop/Projects/Developments/DNA-Web/DNA-Frontend/vendor/phpunit/phpunit/src/Framework/TestSuite.php(374): PHPUnit\\Framework\\TestSuite->run()
#73 /Users/macbookshop/Desktop/Projects/Developments/DNA-Web/DNA-Frontend/vendor/phpunit/phpunit/src/TextUI/TestRunner.php(64): PHPUnit\\Framework\\TestSuite->run()
#74 /Users/macbookshop/Desktop/Projects/Developments/DNA-Web/DNA-Frontend/vendor/phpunit/phpunit/src/TextUI/Application.php(229): PHPUnit\\TextUI\\TestRunner->run(Object(PHPUnit\\TextUI\\Configuration\\Configuration), Object(PHPUnit\\Runner\\ResultCache\\DefaultResultCache), Object(PHPUnit\\Framework\\TestSuite))
#75 /Users/macbookshop/Desktop/Projects/Developments/DNA-Web/DNA-Frontend/vendor/phpunit/phpunit/phpunit(104): PHPUnit\\TextUI\\Application->run(Array)
#76 {main}

[previous exception] [object] (Illuminate\\Routing\\Exceptions\\UrlGenerationException(code: 0): Missing required parameter for [Route: analysis.index] [URI: {locale}] [Missing parameter: locale]. at /Users/macbookshop/Desktop/Projects/Developments/DNA-Web/DNA-Frontend/vendor/laravel/framework/src/Illuminate/Routing/Exceptions/UrlGenerationException.php:35)
[stacktrace]
#0 /Users/macbookshop/Desktop/Projects/Developments/DNA-Web/DNA-Frontend/vendor/laravel/framework/src/Illuminate/Routing/RouteUrlGenerator.php(95): Illuminate\\Routing\\Exceptions\\UrlGenerationException::forMissingParameters(Object(Illuminate\\Routing\\Route), Array)
#1 /Users/macbookshop/Desktop/Projects/Developments/DNA-Web/DNA-Frontend/vendor/laravel/framework/src/Illuminate/Routing/UrlGenerator.php(557): Illuminate\\Routing\\RouteUrlGenerator->to(Object(Illuminate\\Routing\\Route), Array, true)
#2 /Users/macbookshop/Desktop/Projects/Developments/DNA-Web/DNA-Frontend/vendor/laravel/framework/src/Illuminate/Routing/UrlGenerator.php(534): Illuminate\\Routing\\UrlGenerator->toRoute(Object(Illuminate\\Routing\\Route), Array, true)
#3 /Users/macbookshop/Desktop/Projects/Developments/DNA-Web/DNA-Frontend/vendor/laravel/framework/src/Illuminate/Foundation/helpers.php(870): Illuminate\\Routing\\UrlGenerator->route('analysis.index', Array, true)
#4 /Users/macbookshop/Desktop/Projects/Developments/DNA-Web/DNA-Frontend/storage/framework/views/5412c5794b9520f727cb3f5abab9bc6b.php(35): route('analysis.index')
#5 /Users/macbookshop/Desktop/Projects/Developments/DNA-Web/DNA-Frontend/vendor/laravel/framework/src/Illuminate/Filesystem/Filesystem.php(123): require('/Users/macbooks...')
#6 /Users/macbookshop/Desktop/Projects/Developments/DNA-Web/DNA-Frontend/vendor/laravel/framework/src/Illuminate/Filesystem/Filesystem.php(124): Illuminate\\Filesystem\\Filesystem::{closure:Illuminate\\Filesystem\\Filesystem::getRequire():120}()
#7 /Users/macbookshop/Desktop/Projects/Developments/DNA-Web/DNA-Frontend/vendor/laravel/framework/src/Illuminate/View/Engines/PhpEngine.php(57): Illuminate\\Filesystem\\Filesystem->getRequire('/Users/macbooks...', Array)
#8 /Users/macbookshop/Desktop/Projects/Developments/DNA-Web/DNA-Frontend/vendor/laravel/framework/src/Illuminate/View/Engines/CompilerEngine.php(76): Illuminate\\View\\Engines\\PhpEngine->evaluatePath('/Users/macbooks...', Array)
#9 /Users/macbookshop/Desktop/Projects/Developments/DNA-Web/DNA-Frontend/vendor/laravel/framework/src/Illuminate/View/View.php(208): Illuminate\\View\\Engines\\CompilerEngine->get('/Users/macbooks...', Array)
#10 /Users/macbookshop/Desktop/Projects/Developments/DNA-Web/DNA-Frontend/vendor/laravel/framework/src/Illuminate/View/View.php(191): Illuminate\\View\\View->getContents()
#11 /Users/macbookshop/Desktop/Projects/Developments/DNA-Web/DNA-Frontend/vendor/laravel/framework/src/Illuminate/View/View.php(160): Illuminate\\View\\View->renderContents()
#12 /Users/macbookshop/Desktop/Projects/Developments/DNA-Web/DNA-Frontend/storage/framework/views/f058fb6fd3ae58a3027bb36a27ff1ec0.php(15): Illuminate\\View\\View->render()
#13 /Users/macbookshop/Desktop/Projects/Developments/DNA-Web/DNA-Frontend/vendor/laravel/framework/src/Illuminate/Filesystem/Filesystem.php(123): require('/Users/macbooks...')
#14 /Users/macbookshop/Desktop/Projects/Developments/DNA-Web/DNA-Frontend/vendor/laravel/framework/src/Illuminate/Filesystem/Filesystem.php(124): Illuminate\\Filesystem\\Filesystem::{closure:Illuminate\\Filesystem\\Filesystem::getRequire():120}()
#15 /Users/macbookshop/Desktop/Projects/Developments/DNA-Web/DNA-Frontend/vendor/laravel/framework/src/Illuminate/View/Engines/PhpEngine.php(57): Illuminate\\Filesystem\\Filesystem->getRequire('/Users/macbooks...', Array)
#16 /Users/macbookshop/Desktop/Projects/Developments/DNA-Web/DNA-Frontend/vendor/laravel/framework/src/Illuminate/View/Engines/CompilerEngine.php(76): Illuminate\\View\\Engines\\PhpEngine->evaluatePath('/Users/macbooks...', Array)
#17 /Users/macbookshop/Desktop/Projects/Developments/DNA-Web/DNA-Frontend/vendor/laravel/framework/src/Illuminate/View/View.php(208): Illuminate\\View\\Engines\\CompilerEngine->get('/Users/macbooks...', Array)
#18 /Users/macbookshop/Desktop/Projects/Developments/DNA-Web/DNA-Frontend/vendor/laravel/framework/src/Illuminate/View/View.php(191): Illuminate\\View\\View->getContents()
#19 /Users/macbookshop/Desktop/Projects/Developments/DNA-Web/DNA-Frontend/vendor/laravel/framework/src/Illuminate/View/View.php(160): Illuminate\\View\\View->renderContents()
#20 /Users/macbookshop/Desktop/Projects/Developments/DNA-Web/DNA-Frontend/vendor/laravel/framework/src/Illuminate/Http/Response.php(82): Illuminate\\View\\View->render()
#21 /Users/macbookshop/Desktop/Projects/Developments/DNA-Web/DNA-Frontend/vendor/laravel/framework/src/Illuminate/Http/Response.php(40): Illuminate\\Http\\Response->setContent(Object(Illuminate\\View\\View))
#22 /Users/macbookshop/Desktop/Projects/Developments/DNA-Web/DNA-Frontend/vendor/laravel/framework/src/Illuminate/Routing/ResponseFactory.php(61): Illuminate\\Http\\Response->__construct(Object(Illuminate\\View\\View), 404, Array)
#23 /Users/macbookshop/Desktop/Projects/Developments/DNA-Web/DNA-Frontend/vendor/laravel/framework/src/Illuminate/Routing/ResponseFactory.php(91): Illuminate\\Routing\\ResponseFactory->make(Object(Illuminate\\View\\View), 404, Array)
#24 /Users/macbookshop/Desktop/Projects/Developments/DNA-Web/DNA-Frontend/vendor/laravel/framework/src/Illuminate/Foundation/Exceptions/Handler.php(1031): Illuminate\\Routing\\ResponseFactory->view('errors::404', Array, 404, Array)
#25 /Users/macbookshop/Desktop/Projects/Developments/DNA-Web/DNA-Frontend/vendor/laravel/framework/src/Illuminate/Foundation/Exceptions/Handler.php(950): Illuminate\\Foundation\\Exceptions\\Handler->renderHttpException(Object(Symfony\\Component\\HttpKernel\\Exception\\NotFoundHttpException))
#26 /Users/macbookshop/Desktop/Projects/Developments/DNA-Web/DNA-Frontend/vendor/laravel/framework/src/Illuminate/Foundation/Exceptions/Handler.php(833): Illuminate\\Foundation\\Exceptions\\Handler->prepareResponse(Object(Illuminate\\Http\\Request), Object(Symfony\\Component\\HttpKernel\\Exception\\NotFoundHttpException))
#27 /Users/macbookshop/Desktop/Projects/Developments/DNA-Web/DNA-Frontend/vendor/laravel/framework/src/Illuminate/Foundation/Exceptions/Handler.php(720): Illuminate\\Foundation\\Exceptions\\Handler->renderExceptionResponse(Object(Illuminate\\Http\\Request), Object(Symfony\\Component\\HttpKernel\\Exception\\NotFoundHttpException))
#28 /Users/macbookshop/Desktop/Projects/Developments/DNA-Web/DNA-Frontend/vendor/laravel/framework/src/Illuminate/Routing/Pipeline.php(51): Illuminate\\Foundation\\Exceptions\\Handler->render(Object(Illuminate\\Http\\Request), Object(Symfony\\Component\\HttpKernel\\Exception\\NotFoundHttpException))
#29 /Users/macbookshop/Desktop/Projects/Developments/DNA-Web/DNA-Frontend/vendor/laravel/framework/src/Illuminate/Pipeline/Pipeline.php(224): Illuminate\\Routing\\Pipeline->handleException(Object(Illuminate\\Http\\Request), Object(Illuminate\\Database\\Eloquent\\ModelNotFoundException))
#30 /Users/macbookshop/Desktop/Projects/Developments/DNA-Web/DNA-Frontend/vendor/laravel/framework/src/Illuminate/Foundation/Http/Middleware/PreventRequestForgery.php(104): Illuminate\\Pipeline\\Pipeline->{closure:{closure:Illuminate\\Pipeline\\Pipeline::carry():194}:195}(Object(Illuminate\\Http\\Request))
#31 /Users/macbookshop/Desktop/Projects/Developments/DNA-Web/DNA-Frontend/vendor/laravel/framework/src/Illuminate/Pipeline/Pipeline.php(219): Illuminate\\Foundation\\Http\\Middleware\\PreventRequestForgery->handle(Object(Illuminate\\Http\\Request), Object(Closure))
#32 /Users/macbookshop/Desktop/Projects/Developments/DNA-Web/DNA-Frontend/vendor/laravel/framework/src/Illuminate/View/Middleware/ShareErrorsFromSession.php(48): Illuminate\\Pipeline\\Pipeline->{closure:{closure:Illuminate\\Pipeline\\Pipeline::carry():194}:195}(Object(Illuminate\\Http\\Request))
#33 /Users/macbookshop/Desktop/Projects/Developments/DNA-Web/DNA-Frontend/vendor/laravel/framework/src/Illuminate/Pipeline/Pipeline.php(219): Illuminate\\View\\Middleware\\ShareErrorsFromSession->handle(Object(Illuminate\\Http\\Request), Object(Closure))
#34 /Users/macbookshop/Desktop/Projects/Developments/DNA-Web/DNA-Frontend/vendor/laravel/framework/src/Illuminate/Session/Middleware/StartSession.php(120): Illuminate\\Pipeline\\Pipeline->{closure:{closure:Illuminate\\Pipeline\\Pipeline::carry():194}:195}(Object(Illuminate\\Http\\Request))
#35 /Users/macbookshop/Desktop/Projects/Developments/DNA-Web/DNA-Frontend/vendor/laravel/framework/src/Illuminate/Session/Middleware/StartSession.php(63): Illuminate\\Session\\Middleware\\StartSession->handleStatefulRequest(Object(Illuminate\\Http\\Request), Object(Illuminate\\Session\\Store), Object(Closure))
#36 /Users/macbookshop/Desktop/Projects/Developments/DNA-Web/DNA-Frontend/vendor/laravel/framework/src/Illuminate/Pipeline/Pipeline.php(219): Illuminate\\Session\\Middleware\\StartSession->handle(Object(Illuminate\\Http\\Request), Object(Closure))
#37 /Users/macbookshop/Desktop/Projects/Developments/DNA-Web/DNA-Frontend/vendor/laravel/framework/src/Illuminate/Cookie/Middleware/AddQueuedCookiesToResponse.php(36): Illuminate\\Pipeline\\Pipeline->{closure:{closure:Illuminate\\Pipeline\\Pipeline::carry():194}:195}(Object(Illuminate\\Http\\Request))
#38 /Users/macbookshop/Desktop/Projects/Developments/DNA-Web/DNA-Frontend/vendor/laravel/framework/src/Illuminate/Pipeline/Pipeline.php(219): Illuminate\\Cookie\\Middleware\\AddQueuedCookiesToResponse->handle(Object(Illuminate\\Http\\Request), Object(Closure))
#39 /Users/macbookshop/Desktop/Projects/Developments/DNA-Web/DNA-Frontend/vendor/laravel/framework/src/Illuminate/Cookie/Middleware/EncryptCookies.php(74): Illuminate\\Pipeline\\Pipeline->{closure:{closure:Illuminate\\Pipeline\\Pipeline::carry():194}:195}(Object(Illuminate\\Http\\Request))
#40 /Users/macbookshop/Desktop/Projects/Developments/DNA-Web/DNA-Frontend/vendor/laravel/framework/src/Illuminate/Pipeline/Pipeline.php(219): Illuminate\\Cookie\\Middleware\\EncryptCookies->handle(Object(Illuminate\\Http\\Request), Object(Closure))
#41 /Users/macbookshop/Desktop/Projects/Developments/DNA-Web/DNA-Frontend/vendor/laravel/framework/src/Illuminate/Pipeline/Pipeline.php(137): Illuminate\\Pipeline\\Pipeline->{closure:{closure:Illuminate\\Pipeline\\Pipeline::carry():194}:195}(Object(Illuminate\\Http\\Request))
#42 /Users/macbookshop/Desktop/Projects/Developments/DNA-Web/DNA-Frontend/vendor/laravel/framework/src/Illuminate/Routing/Router.php(821): Illuminate\\Pipeline\\Pipeline->then(Object(Closure))
#43 /Users/macbookshop/Desktop/Projects/Developments/DNA-Web/DNA-Frontend/vendor/laravel/framework/src/Illuminate/Routing/Router.php(800): Illuminate\\Routing\\Router->runRouteWithinStack(Object(Illuminate\\Routing\\Route), Object(Illuminate\\Http\\Request))
#44 /Users/macbookshop/Desktop/Projects/Developments/DNA-Web/DNA-Frontend/vendor/laravel/framework/src/Illuminate/Routing/Router.php(764): Illuminate\\Routing\\Router->runRoute(Object(Illuminate\\Http\\Request), Object(Illuminate\\Routing\\Route))
#45 /Users/macbookshop/Desktop/Projects/Developments/DNA-Web/DNA-Frontend/vendor/laravel/framework/src/Illuminate/Routing/Router.php(753): Illuminate\\Routing\\Router->dispatchToRoute(Object(Illuminate\\Http\\Request))
#46 /Users/macbookshop/Desktop/Projects/Developments/DNA-Web/DNA-Frontend/vendor/laravel/framework/src/Illuminate/Foundation/Http/Kernel.php(200): Illuminate\\Routing\\Router->dispatch(Object(Illuminate\\Http\\Request))
#47 /Users/macbookshop/Desktop/Projects/Developments/DNA-Web/DNA-Frontend/vendor/laravel/framework/src/Illuminate/Pipeline/Pipeline.php(180): Illuminate\\Foundation\\Http\\Kernel->{closure:Illuminate\\Foundation\\Http\\Kernel::dispatchToRouter():197}(Object(Illuminate\\Http\\Request))
#48 /Users/macbookshop/Desktop/Projects/Developments/DNA-Web/DNA-Frontend/vendor/laravel/framework/src/Illuminate/Foundation/Http/Middleware/TransformsRequest.php(21): Illuminate\\Pipeline\\Pipeline->{closure:Illuminate\\Pipeline\\Pipeline::prepareDestination():178}(Object(Illuminate\\Http\\Request))
#49 /Users/macbookshop/Desktop/Projects/Developments/DNA-Web/DNA-Frontend/vendor/laravel/framework/src/Illuminate/Foundation/Http/Middleware/ConvertEmptyStringsToNull.php(31): Illuminate\\Foundation\\Http\\Middleware\\TransformsRequest->handle(Object(Illuminate\\Http\\Request), Object(Closure))
#50 /Users/macbookshop/Desktop/Projects/Developments/DNA-Web/DNA-Frontend/vendor/laravel/framework/src/Illuminate/Pipeline/Pipeline.php(219): Illuminate\\Foundation\\Http\\Middleware\\ConvertEmptyStringsToNull->handle(Object(Illuminate\\Http\\Request), Object(Closure))
#51 /Users/macbookshop/Desktop/Projects/Developments/DNA-Web/DNA-Frontend/vendor/laravel/framework/src/Illuminate/Foundation/Http/Middleware/TransformsRequest.php(21): Illuminate\\Pipeline\\Pipeline->{closure:{closure:Illuminate\\Pipeline\\Pipeline::carry():194}:195}(Object(Illuminate\\Http\\Request))
#52 /Users/macbookshop/Desktop/Projects/Developments/DNA-Web/DNA-Frontend/vendor/laravel/framework/src/Illuminate/Foundation/Http/Middleware/TrimStrings.php(51): Illuminate\\Foundation\\Http\\Middleware\\TransformsRequest->handle(Object(Illuminate\\Http\\Request), Object(Closure))
#53 /Users/macbookshop/Desktop/Projects/Developments/DNA-Web/DNA-Frontend/vendor/laravel/framework/src/Illuminate/Pipeline/Pipeline.php(219): Illuminate\\Foundation\\Http\\Middleware\\TrimStrings->handle(Object(Illuminate\\Http\\Request), Object(Closure))
#54 /Users/macbookshop/Desktop/Projects/Developments/DNA-Web/DNA-Frontend/vendor/laravel/framework/src/Illuminate/Http/Middleware/ValidatePostSize.php(27): Illuminate\\Pipeline\\Pipeline->{closure:{closure:Illuminate\\Pipeline\\Pipeline::carry():194}:195}(Object(Illuminate\\Http\\Request))
#55 /Users/macbookshop/Desktop/Projects/Developments/DNA-Web/DNA-Frontend/vendor/laravel/framework/src/Illuminate/Pipeline/Pipeline.php(219): Illuminate\\Http\\Middleware\\ValidatePostSize->handle(Object(Illuminate\\Http\\Request), Object(Closure))
#56 /Users/macbookshop/Desktop/Projects/Developments/DNA-Web/DNA-Frontend/vendor/laravel/framework/src/Illuminate/Foundation/Http/Middleware/PreventRequestsDuringMaintenance.php(109): Illuminate\\Pipeline\\Pipeline->{closure:{closure:Illuminate\\Pipeline\\Pipeline::carry():194}:195}(Object(Illuminate\\Http\\Request))
#57 /Users/macbookshop/Desktop/Projects/Developments/DNA-Web/DNA-Frontend/vendor/laravel/framework/src/Illuminate/Pipeline/Pipeline.php(219): Illuminate\\Foundation\\Http\\Middleware\\PreventRequestsDuringMaintenance->handle(Object(Illuminate\\Http\\Request), Object(Closure))
#58 /Users/macbookshop/Desktop/Projects/Developments/DNA-Web/DNA-Frontend/vendor/laravel/framework/src/Illuminate/Http/Middleware/HandleCors.php(61): Illuminate\\Pipeline\\Pipeline->{closure:{closure:Illuminate\\Pipeline\\Pipeline::carry():194}:195}(Object(Illuminate\\Http\\Request))
#59 /Users/macbookshop/Desktop/Projects/Developments/DNA-Web/DNA-Frontend/vendor/laravel/framework/src/Illuminate/Pipeline/Pipeline.php(219): Illuminate\\Http\\Middleware\\HandleCors->handle(Object(Illuminate\\Http\\Request), Object(Closure))
#60 /Users/macbookshop/Desktop/Projects/Developments/DNA-Web/DNA-Frontend/vendor/laravel/framework/src/Illuminate/Http/Middleware/TrustProxies.php(58): Illuminate\\Pipeline\\Pipeline->{closure:{closure:Illuminate\\Pipeline\\Pipeline::carry():194}:195}(Object(Illuminate\\Http\\Request))
#61 /Users/macbookshop/Desktop/Projects/Developments/DNA-Web/DNA-Frontend/vendor/laravel/framework/src/Illuminate/Pipeline/Pipeline.php(219): Illuminate\\Http\\Middleware\\TrustProxies->handle(Object(Illuminate\\Http\\Request), Object(Closure))
#62 /Users/macbookshop/Desktop/Projects/Developments/DNA-Web/DNA-Frontend/vendor/laravel/framework/src/Illuminate/Foundation/Http/Middleware/InvokeDeferredCallbacks.php(22): Illuminate\\Pipeline\\Pipeline->{closure:{closure:Illuminate\\Pipeline\\Pipeline::carry():194}:195}(Object(Illuminate\\Http\\Request))
#63 /Users/macbookshop/Desktop/Projects/Developments/DNA-Web/DNA-Frontend/vendor/laravel/framework/src/Illuminate/Pipeline/Pipeline.php(219): Illuminate\\Foundation\\Http\\Middleware\\InvokeDeferredCallbacks->handle(Object(Illuminate\\Http\\Request), Object(Closure))
#64 /Users/macbookshop/Desktop/Projects/Developments/DNA-Web/DNA-Frontend/vendor/laravel/framework/src/Illuminate/Http/Middleware/ValidatePathEncoding.php(28): Illuminate\\Pipeline\\Pipeline->{closure:{closure:Illuminate\\Pipeline\\Pipeline::carry():194}:195}(Object(Illuminate\\Http\\Request))
#65 /Users/macbookshop/Desktop/Projects/Developments/DNA-Web/DNA-Frontend/vendor/laravel/framework/src/Illuminate/Pipeline/Pipeline.php(219): Illuminate\\Http\\Middleware\\ValidatePathEncoding->handle(Object(Illuminate\\Http\\Request), Object(Closure))
#66 /Users/macbookshop/Desktop/Projects/Developments/DNA-Web/DNA-Frontend/vendor/laravel/framework/src/Illuminate/Pipeline/Pipeline.php(137): Illuminate\\Pipeline\\Pipeline->{closure:{closure:Illuminate\\Pipeline\\Pipeline::carry():194}:195}(Object(Illuminate\\Http\\Request))
#67 /Users/macbookshop/Desktop/Projects/Developments/DNA-Web/DNA-Frontend/vendor/laravel/framework/src/Illuminate/Foundation/Http/Kernel.php(175): Illuminate\\Pipeline\\Pipeline->then(Object(Closure))
#68 /Users/macbookshop/Desktop/Projects/Developments/DNA-Web/DNA-Frontend/vendor/laravel/framework/src/Illuminate/Foundation/Http/Kernel.php(144): Illuminate\\Foundation\\Http\\Kernel->sendRequestThroughRouter(Object(Illuminate\\Http\\Request))
#69 /Users/macbookshop/Desktop/Projects/Developments/DNA-Web/DNA-Frontend/vendor/laravel/framework/src/Illuminate/Foundation/Testing/Concerns/MakesHttpRequests.php(638): Illuminate\\Foundation\\Http\\Kernel->handle(Object(Illuminate\\Http\\Request))
#70 /Users/macbookshop/Desktop/Projects/Developments/DNA-Web/DNA-Frontend/vendor/laravel/framework/src/Illuminate/Foundation/Testing/Concerns/MakesHttpRequests.php(368): Illuminate\\Foundation\\Testing\\TestCase->call('GET', '/ku/result/1718...', Array, Array, Array, Array)
#71 /Users/macbookshop/Desktop/Projects/Developments/DNA-Web/DNA-Frontend/tests/Feature/AnalysisTest.php(202): Illuminate\\Foundation\\Testing\\TestCase->get('/ku/result/1718...')
#72 /Users/macbookshop/Desktop/Projects/Developments/DNA-Web/DNA-Frontend/vendor/phpunit/phpunit/src/Framework/TestCase.php(1318): Tests\\Feature\\AnalysisTest->test_an_expired_result_id_returns_a_translated_404()
#73 /Users/macbookshop/Desktop/Projects/Developments/DNA-Web/DNA-Frontend/vendor/phpunit/phpunit/src/Framework/TestCase.php(1355): PHPUnit\\Framework\\TestCase->invokeTestMethod('test_an_expired...', Array)
#74 /Users/macbookshop/Desktop/Projects/Developments/DNA-Web/DNA-Frontend/vendor/phpunit/phpunit/src/Framework/TestCase.php(521): PHPUnit\\Framework\\TestCase->runTest()
#75 /Users/macbookshop/Desktop/Projects/Developments/DNA-Web/DNA-Frontend/vendor/phpunit/phpunit/src/Framework/TestRunner/TestRunner.php(99): PHPUnit\\Framework\\TestCase->runBare()
#76 /Users/macbookshop/Desktop/Projects/Developments/DNA-Web/DNA-Frontend/vendor/phpunit/phpunit/src/Framework/TestCase.php(361): PHPUnit\\Framework\\TestRunner->run(Object(Tests\\Feature\\AnalysisTest))
#77 /Users/macbookshop/Desktop/Projects/Developments/DNA-Web/DNA-Frontend/vendor/phpunit/phpunit/src/Framework/TestSuite.php(374): PHPUnit\\Framework\\TestCase->run()
#78 /Users/macbookshop/Desktop/Projects/Developments/DNA-Web/DNA-Frontend/vendor/phpunit/phpunit/src/Framework/TestSuite.php(374): PHPUnit\\Framework\\TestSuite->run()
#79 /Users/macbookshop/Desktop/Projects/Developments/DNA-Web/DNA-Frontend/vendor/phpunit/phpunit/src/Framework/TestSuite.php(374): PHPUnit\\Framework\\TestSuite->run()
#80 /Users/macbookshop/Desktop/Projects/Developments/DNA-Web/DNA-Frontend/vendor/phpunit/phpunit/src/TextUI/TestRunner.php(64): PHPUnit\\Framework\\TestSuite->run()
#81 /Users/macbookshop/Desktop/Projects/Developments/DNA-Web/DNA-Frontend/vendor/phpunit/phpunit/src/TextUI/Application.php(229): PHPUnit\\TextUI\\TestRunner->run(Object(PHPUnit\\TextUI\\Configuration\\Configuration), Object(PHPUnit\\Runner\\ResultCache\\DefaultResultCache), Object(PHPUnit\\Framework\\TestSuite))
#82 /Users/macbookshop/Desktop/Projects/Developments/DNA-Web/DNA-Frontend/vendor/phpunit/phpunit/phpunit(104): PHPUnit\\TextUI\\Application->run(Array)
#83 {main}
"} 
[2026-08-11 22:44:59] testing.ERROR: Compiler backend unreachable {"request_id":"c13a30d3-0a03-49b0-9f80-a836f64ddd66","message":"down"} 
[2026-08-11 22:44:59] testing.ERROR: Missing required parameter for [Route: analysis.index] [URI: {locale}] [Missing parameter: locale]. (View: /Users/macbookshop/Desktop/Projects/Developments/DNA-Web/DNA-Frontend/resources/views/layouts/app.blade.php) (View: /Users/macbookshop/Desktop/Projects/Developments/DNA-Web/DNA-Frontend/resources/views/layouts/app.blade.php) {"exception":"[object] (Illuminate\\View\\ViewException(code: 0): Missing required parameter for [Route: analysis.index] [URI: {locale}] [Missing parameter: locale]. (View: /Users/macbookshop/Desktop/Projects/Developments/DNA-Web/DNA-Frontend/resources/views/layouts/app.blade.php) (View: /Users/macbookshop/Desktop/Projects/Developments/DNA-Web/DNA-Frontend/resources/views/layouts/app.blade.php) at /Users/macbookshop/Desktop/Projects/Developments/DNA-Web/DNA-Frontend/vendor/laravel/framework/src/Illuminate/Routing/Exceptions/UrlGenerationException.php:35)
[stacktrace]
#0 /Users/macbookshop/Desktop/Projects/Developments/DNA-Web/DNA-Frontend/vendor/laravel/framework/src/Illuminate/View/Engines/PhpEngine.php(59): Illuminate\\View\\Engines\\CompilerEngine->handleViewException(Object(Illuminate\\View\\ViewException), 1)
#1 /Users/macbookshop/Desktop/Projects/Developments/DNA-Web/DNA-Frontend/vendor/laravel/framework/src/Illuminate/View/Engines/CompilerEngine.php(76): Illuminate\\View\\Engines\\PhpEngine->evaluatePath('/Users/macbooks...', Array)
#2 /Users/macbookshop/Desktop/Projects/Developments/DNA-Web/DNA-Frontend/vendor/laravel/framework/src/Illuminate/View/View.php(208): Illuminate\\View\\Engines\\CompilerEngine->get('/Users/macbooks...', Array)
#3 /Users/macbookshop/Desktop/Projects/Developments/DNA-Web/DNA-Frontend/vendor/laravel/framework/src/Illuminate/View/View.php(191): Illuminate\\View\\View->getContents()
#4 /Users/macbookshop/Desktop/Projects/Developments/DNA-Web/DNA-Frontend/vendor/laravel/framework/src/Illuminate/View/View.php(160): Illuminate\\View\\View->renderContents()
#5 /Users/macbookshop/Desktop/Projects/Developments/DNA-Web/DNA-Frontend/vendor/laravel/framework/src/Illuminate/Http/Response.php(82): Illuminate\\View\\View->render()
#6 /Users/macbookshop/Desktop/Projects/Developments/DNA-Web/DNA-Frontend/vendor/laravel/framework/src/Illuminate/Http/Response.php(40): Illuminate\\Http\\Response->setContent(Object(Illuminate\\View\\View))
#7 /Users/macbookshop/Desktop/Projects/Developments/DNA-Web/DNA-Frontend/vendor/laravel/framework/src/Illuminate/Routing/ResponseFactory.php(61): Illuminate\\Http\\Response->__construct(Object(Illuminate\\View\\View), 404, Array)
#8 /Users/macbookshop/Desktop/Projects/Developments/DNA-Web/DNA-Frontend/vendor/laravel/framework/src/Illuminate/Routing/ResponseFactory.php(91): Illuminate\\Routing\\ResponseFactory->make(Object(Illuminate\\View\\View), 404, Array)
#9 /Users/macbookshop/Desktop/Projects/Developments/DNA-Web/DNA-Frontend/vendor/laravel/framework/src/Illuminate/Foundation/Exceptions/Handler.php(1031): Illuminate\\Routing\\ResponseFactory->view('errors::404', Array, 404, Array)
#10 /Users/macbookshop/Desktop/Projects/Developments/DNA-Web/DNA-Frontend/vendor/laravel/framework/src/Illuminate/Foundation/Exceptions/Handler.php(950): Illuminate\\Foundation\\Exceptions\\Handler->renderHttpException(Object(Symfony\\Component\\HttpKernel\\Exception\\NotFoundHttpException))
#11 /Users/macbookshop/Desktop/Projects/Developments/DNA-Web/DNA-Frontend/vendor/laravel/framework/src/Illuminate/Foundation/Exceptions/Handler.php(833): Illuminate\\Foundation\\Exceptions\\Handler->prepareResponse(Object(Illuminate\\Http\\Request), Object(Symfony\\Component\\HttpKernel\\Exception\\NotFoundHttpException))
#12 /Users/macbookshop/Desktop/Projects/Developments/DNA-Web/DNA-Frontend/vendor/laravel/framework/src/Illuminate/Foundation/Exceptions/Handler.php(720): Illuminate\\Foundation\\Exceptions\\Handler->renderExceptionResponse(Object(Illuminate\\Http\\Request), Object(Symfony\\Component\\HttpKernel\\Exception\\NotFoundHttpException))
#13 /Users/macbookshop/Desktop/Projects/Developments/DNA-Web/DNA-Frontend/vendor/laravel/framework/src/Illuminate/Routing/Pipeline.php(51): Illuminate\\Foundation\\Exceptions\\Handler->render(Object(Illuminate\\Http\\Request), Object(Symfony\\Component\\HttpKernel\\Exception\\NotFoundHttpException))
#14 /Users/macbookshop/Desktop/Projects/Developments/DNA-Web/DNA-Frontend/vendor/laravel/framework/src/Illuminate/Pipeline/Pipeline.php(182): Illuminate\\Routing\\Pipeline->handleException(Object(Illuminate\\Http\\Request), Object(Symfony\\Component\\HttpKernel\\Exception\\NotFoundHttpException))
#15 /Users/macbookshop/Desktop/Projects/Developments/DNA-Web/DNA-Frontend/vendor/laravel/framework/src/Illuminate/Foundation/Http/Middleware/TransformsRequest.php(21): Illuminate\\Pipeline\\Pipeline->{closure:Illuminate\\Pipeline\\Pipeline::prepareDestination():178}(Object(Illuminate\\Http\\Request))
#16 /Users/macbookshop/Desktop/Projects/Developments/DNA-Web/DNA-Frontend/vendor/laravel/framework/src/Illuminate/Foundation/Http/Middleware/ConvertEmptyStringsToNull.php(31): Illuminate\\Foundation\\Http\\Middleware\\TransformsRequest->handle(Object(Illuminate\\Http\\Request), Object(Closure))
#17 /Users/macbookshop/Desktop/Projects/Developments/DNA-Web/DNA-Frontend/vendor/laravel/framework/src/Illuminate/Pipeline/Pipeline.php(219): Illuminate\\Foundation\\Http\\Middleware\\ConvertEmptyStringsToNull->handle(Object(Illuminate\\Http\\Request), Object(Closure))
#18 /Users/macbookshop/Desktop/Projects/Developments/DNA-Web/DNA-Frontend/vendor/laravel/framework/src/Illuminate/Foundation/Http/Middleware/TransformsRequest.php(21): Illuminate\\Pipeline\\Pipeline->{closure:{closure:Illuminate\\Pipeline\\Pipeline::carry():194}:195}(Object(Illuminate\\Http\\Request))
#19 /Users/macbookshop/Desktop/Projects/Developments/DNA-Web/DNA-Frontend/vendor/laravel/framework/src/Illuminate/Foundation/Http/Middleware/TrimStrings.php(51): Illuminate\\Foundation\\Http\\Middleware\\TransformsRequest->handle(Object(Illuminate\\Http\\Request), Object(Closure))
#20 /Users/macbookshop/Desktop/Projects/Developments/DNA-Web/DNA-Frontend/vendor/laravel/framework/src/Illuminate/Pipeline/Pipeline.php(219): Illuminate\\Foundation\\Http\\Middleware\\TrimStrings->handle(Object(Illuminate\\Http\\Request), Object(Closure))
#21 /Users/macbookshop/Desktop/Projects/Developments/DNA-Web/DNA-Frontend/vendor/laravel/framework/src/Illuminate/Http/Middleware/ValidatePostSize.php(27): Illuminate\\Pipeline\\Pipeline->{closure:{closure:Illuminate\\Pipeline\\Pipeline::carry():194}:195}(Object(Illuminate\\Http\\Request))
#22 /Users/macbookshop/Desktop/Projects/Developments/DNA-Web/DNA-Frontend/vendor/laravel/framework/src/Illuminate/Pipeline/Pipeline.php(219): Illuminate\\Http\\Middleware\\ValidatePostSize->handle(Object(Illuminate\\Http\\Request), Object(Closure))
#23 /Users/macbookshop/Desktop/Projects/Developments/DNA-Web/DNA-Frontend/vendor/laravel/framework/src/Illuminate/Foundation/Http/Middleware/PreventRequestsDuringMaintenance.php(109): Illuminate\\Pipeline\\Pipeline->{closure:{closure:Illuminate\\Pipeline\\Pipeline::carry():194}:195}(Object(Illuminate\\Http\\Request))
#24 /Users/macbookshop/Desktop/Projects/Developments/DNA-Web/DNA-Frontend/vendor/laravel/framework/src/Illuminate/Pipeline/Pipeline.php(219): Illuminate\\Foundation\\Http\\Middleware\\PreventRequestsDuringMaintenance->handle(Object(Illuminate\\Http\\Request), Object(Closure))
#25 /Users/macbookshop/Desktop/Projects/Developments/DNA-Web/DNA-Frontend/vendor/laravel/framework/src/Illuminate/Http/Middleware/HandleCors.php(61): Illuminate\\Pipeline\\Pipeline->{closure:{closure:Illuminate\\Pipeline\\Pipeline::carry():194}:195}(Object(Illuminate\\Http\\Request))
#26 /Users/macbookshop/Desktop/Projects/Developments/DNA-Web/DNA-Frontend/vendor/laravel/framework/src/Illuminate/Pipeline/Pipeline.php(219): Illuminate\\Http\\Middleware\\HandleCors->handle(Object(Illuminate\\Http\\Request), Object(Closure))
#27 /Users/macbookshop/Desktop/Projects/Developments/DNA-Web/DNA-Frontend/vendor/laravel/framework/src/Illuminate/Http/Middleware/TrustProxies.php(58): Illuminate\\Pipeline\\Pipeline->{closure:{closure:Illuminate\\Pipeline\\Pipeline::carry():194}:195}(Object(Illuminate\\Http\\Request))
#28 /Users/macbookshop/Desktop/Projects/Developments/DNA-Web/DNA-Frontend/vendor/laravel/framework/src/Illuminate/Pipeline/Pipeline.php(219): Illuminate\\Http\\Middleware\\TrustProxies->handle(Object(Illuminate\\Http\\Request), Object(Closure))
#29 /Users/macbookshop/Desktop/Projects/Developments/DNA-Web/DNA-Frontend/vendor/laravel/framework/src/Illuminate/Foundation/Http/Middleware/InvokeDeferredCallbacks.php(22): Illuminate\\Pipeline\\Pipeline->{closure:{closure:Illuminate\\Pipeline\\Pipeline::carry():194}:195}(Object(Illuminate\\Http\\Request))
#30 /Users/macbookshop/Desktop/Projects/Developments/DNA-Web/DNA-Frontend/vendor/laravel/framework/src/Illuminate/Pipeline/Pipeline.php(219): Illuminate\\Foundation\\Http\\Middleware\\InvokeDeferredCallbacks->handle(Object(Illuminate\\Http\\Request), Object(Closure))
#31 /Users/macbookshop/Desktop/Projects/Developments/DNA-Web/DNA-Frontend/vendor/laravel/framework/src/Illuminate/Http/Middleware/ValidatePathEncoding.php(28): Illuminate\\Pipeline\\Pipeline->{closure:{closure:Illuminate\\Pipeline\\Pipeline::carry():194}:195}(Object(Illuminate\\Http\\Request))
#32 /Users/macbookshop/Desktop/Projects/Developments/DNA-Web/DNA-Frontend/vendor/laravel/framework/src/Illuminate/Pipeline/Pipeline.php(219): Illuminate\\Http\\Middleware\\ValidatePathEncoding->handle(Object(Illuminate\\Http\\Request), Object(Closure))
#33 /Users/macbookshop/Desktop/Projects/Developments/DNA-Web/DNA-Frontend/vendor/laravel/framework/src/Illuminate/Pipeline/Pipeline.php(137): Illuminate\\Pipeline\\Pipeline->{closure:{closure:Illuminate\\Pipeline\\Pipeline::carry():194}:195}(Object(Illuminate\\Http\\Request))
#34 /Users/macbookshop/Desktop/Projects/Developments/DNA-Web/DNA-Frontend/vendor/laravel/framework/src/Illuminate/Foundation/Http/Kernel.php(175): Illuminate\\Pipeline\\Pipeline->then(Object(Closure))
#35 /Users/macbookshop/Desktop/Projects/Developments/DNA-Web/DNA-Frontend/vendor/laravel/framework/src/Illuminate/Foundation/Http/Kernel.php(144): Illuminate\\Foundation\\Http\\Kernel->sendRequestThroughRouter(Object(Illuminate\\Http\\Request))
#36 /Users/macbookshop/Desktop/Projects/Developments/DNA-Web/DNA-Frontend/vendor/laravel/framework/src/Illuminate/Foundation/Testing/Concerns/MakesHttpRequests.php(638): Illuminate\\Foundation\\Http\\Kernel->handle(Object(Illuminate\\Http\\Request))
#37 /Users/macbookshop/Desktop/Projects/Developments/DNA-Web/DNA-Frontend/vendor/laravel/framework/src/Illuminate/Foundation/Testing/Concerns/MakesHttpRequests.php(368): Illuminate\\Foundation\\Testing\\TestCase->call('GET', '/fr', Array, Array, Array, Array)
#38 /Users/macbookshop/Desktop/Projects/Developments/DNA-Web/DNA-Frontend/tests/Feature/LocaleTest.php(28): Illuminate\\Foundation\\Testing\\TestCase->get('/fr')
#39 /Users/macbookshop/Desktop/Projects/Developments/DNA-Web/DNA-Frontend/vendor/phpunit/phpunit/src/Framework/TestCase.php(1318): Tests\\Feature\\LocaleTest->test_unknown_language_segment_falls_back_instead_of_404()
#40 /Users/macbookshop/Desktop/Projects/Developments/DNA-Web/DNA-Frontend/vendor/phpunit/phpunit/src/Framework/TestCase.php(1355): PHPUnit\\Framework\\TestCase->invokeTestMethod('test_unknown_la...', Array)
#41 /Users/macbookshop/Desktop/Projects/Developments/DNA-Web/DNA-Frontend/vendor/phpunit/phpunit/src/Framework/TestCase.php(521): PHPUnit\\Framework\\TestCase->runTest()
#42 /Users/macbookshop/Desktop/Projects/Developments/DNA-Web/DNA-Frontend/vendor/phpunit/phpunit/src/Framework/TestRunner/TestRunner.php(99): PHPUnit\\Framework\\TestCase->runBare()
#43 /Users/macbookshop/Desktop/Projects/Developments/DNA-Web/DNA-Frontend/vendor/phpunit/phpunit/src/Framework/TestCase.php(361): PHPUnit\\Framework\\TestRunner->run(Object(Tests\\Feature\\LocaleTest))
#44 /Users/macbookshop/Desktop/Projects/Developments/DNA-Web/DNA-Frontend/vendor/phpunit/phpunit/src/Framework/TestSuite.php(374): PHPUnit\\Framework\\TestCase->run()
#45 /Users/macbookshop/Desktop/Projects/Developments/DNA-Web/DNA-Frontend/vendor/phpunit/phpunit/src/Framework/TestSuite.php(374): PHPUnit\\Framework\\TestSuite->run()
#46 /Users/macbookshop/Desktop/Projects/Developments/DNA-Web/DNA-Frontend/vendor/phpunit/phpunit/src/Framework/TestSuite.php(374): PHPUnit\\Framework\\TestSuite->run()
#47 /Users/macbookshop/Desktop/Projects/Developments/DNA-Web/DNA-Frontend/vendor/phpunit/phpunit/src/TextUI/TestRunner.php(64): PHPUnit\\Framework\\TestSuite->run()
#48 /Users/macbookshop/Desktop/Projects/Developments/DNA-Web/DNA-Frontend/vendor/phpunit/phpunit/src/TextUI/Application.php(229): PHPUnit\\TextUI\\TestRunner->run(Object(PHPUnit\\TextUI\\Configuration\\Configuration), Object(PHPUnit\\Runner\\ResultCache\\DefaultResultCache), Object(PHPUnit\\Framework\\TestSuite))
#49 /Users/macbookshop/Desktop/Projects/Developments/DNA-Web/DNA-Frontend/vendor/phpunit/phpunit/phpunit(104): PHPUnit\\TextUI\\Application->run(Array)
#50 {main}

[previous exception] [object] (Illuminate\\View\\ViewException(code: 0): Missing required parameter for [Route: analysis.index] [URI: {locale}] [Missing parameter: locale]. (View: /Users/macbookshop/Desktop/Projects/Developments/DNA-Web/DNA-Frontend/resources/views/layouts/app.blade.php) at /Users/macbookshop/Desktop/Projects/Developments/DNA-Web/DNA-Frontend/vendor/laravel/framework/src/Illuminate/Routing/Exceptions/UrlGenerationException.php:35)
[stacktrace]
#0 /Users/macbookshop/Desktop/Projects/Developments/DNA-Web/DNA-Frontend/vendor/laravel/framework/src/Illuminate/View/Engines/PhpEngine.php(59): Illuminate\\View\\Engines\\CompilerEngine->handleViewException(Object(Illuminate\\Routing\\Exceptions\\UrlGenerationException), 2)
#1 /Users/macbookshop/Desktop/Projects/Developments/DNA-Web/DNA-Frontend/vendor/laravel/framework/src/Illuminate/View/Engines/CompilerEngine.php(76): Illuminate\\View\\Engines\\PhpEngine->evaluatePath('/Users/macbooks...', Array)
#2 /Users/macbookshop/Desktop/Projects/Developments/DNA-Web/DNA-Frontend/vendor/laravel/framework/src/Illuminate/View/View.php(208): Illuminate\\View\\Engines\\CompilerEngine->get('/Users/macbooks...', Array)
#3 /Users/macbookshop/Desktop/Projects/Developments/DNA-Web/DNA-Frontend/vendor/laravel/framework/src/Illuminate/View/View.php(191): Illuminate\\View\\View->getContents()
#4 /Users/macbookshop/Desktop/Projects/Developments/DNA-Web/DNA-Frontend/vendor/laravel/framework/src/Illuminate/View/View.php(160): Illuminate\\View\\View->renderContents()
#5 /Users/macbookshop/Desktop/Projects/Developments/DNA-Web/DNA-Frontend/storage/framework/views/f058fb6fd3ae58a3027bb36a27ff1ec0.php(15): Illuminate\\View\\View->render()
#6 /Users/macbookshop/Desktop/Projects/Developments/DNA-Web/DNA-Frontend/vendor/laravel/framework/src/Illuminate/Filesystem/Filesystem.php(123): require('/Users/macbooks...')
#7 /Users/macbookshop/Desktop/Projects/Developments/DNA-Web/DNA-Frontend/vendor/laravel/framework/src/Illuminate/Filesystem/Filesystem.php(124): Illuminate\\Filesystem\\Filesystem::{closure:Illuminate\\Filesystem\\Filesystem::getRequire():120}()
#8 /Users/macbookshop/Desktop/Projects/Developments/DNA-Web/DNA-Frontend/vendor/laravel/framework/src/Illuminate/View/Engines/PhpEngine.php(57): Illuminate\\Filesystem\\Filesystem->getRequire('/Users/macbooks...', Array)
#9 /Users/macbookshop/Desktop/Projects/Developments/DNA-Web/DNA-Frontend/vendor/laravel/framework/src/Illuminate/View/Engines/CompilerEngine.php(76): Illuminate\\View\\Engines\\PhpEngine->evaluatePath('/Users/macbooks...', Array)
#10 /Users/macbookshop/Desktop/Projects/Developments/DNA-Web/DNA-Frontend/vendor/laravel/framework/src/Illuminate/View/View.php(208): Illuminate\\View\\Engines\\CompilerEngine->get('/Users/macbooks...', Array)
#11 /Users/macbookshop/Desktop/Projects/Developments/DNA-Web/DNA-Frontend/vendor/laravel/framework/src/Illuminate/View/View.php(191): Illuminate\\View\\View->getContents()
#12 /Users/macbookshop/Desktop/Projects/Developments/DNA-Web/DNA-Frontend/vendor/laravel/framework/src/Illuminate/View/View.php(160): Illuminate\\View\\View->renderContents()
#13 /Users/macbookshop/Desktop/Projects/Developments/DNA-Web/DNA-Frontend/vendor/laravel/framework/src/Illuminate/Http/Response.php(82): Illuminate\\View\\View->render()
#14 /Users/macbookshop/Desktop/Projects/Developments/DNA-Web/DNA-Frontend/vendor/laravel/framework/src/Illuminate/Http/Response.php(40): Illuminate\\Http\\Response->setContent(Object(Illuminate\\View\\View))
#15 /Users/macbookshop/Desktop/Projects/Developments/DNA-Web/DNA-Frontend/vendor/laravel/framework/src/Illuminate/Routing/ResponseFactory.php(61): Illuminate\\Http\\Response->__construct(Object(Illuminate\\View\\View), 404, Array)
#16 /Users/macbookshop/Desktop/Projects/Developments/DNA-Web/DNA-Frontend/vendor/laravel/framework/src/Illuminate/Routing/ResponseFactory.php(91): Illuminate\\Routing\\ResponseFactory->make(Object(Illuminate\\View\\View), 404, Array)
#17 /Users/macbookshop/Desktop/Projects/Developments/DNA-Web/DNA-Frontend/vendor/laravel/framework/src/Illuminate/Foundation/Exceptions/Handler.php(1031): Illuminate\\Routing\\ResponseFactory->view('errors::404', Array, 404, Array)
#18 /Users/macbookshop/Desktop/Projects/Developments/DNA-Web/DNA-Frontend/vendor/laravel/framework/src/Illuminate/Foundation/Exceptions/Handler.php(950): Illuminate\\Foundation\\Exceptions\\Handler->renderHttpException(Object(Symfony\\Component\\HttpKernel\\Exception\\NotFoundHttpException))
#19 /Users/macbookshop/Desktop/Projects/Developments/DNA-Web/DNA-Frontend/vendor/laravel/framework/src/Illuminate/Foundation/Exceptions/Handler.php(833): Illuminate\\Foundation\\Exceptions\\Handler->prepareResponse(Object(Illuminate\\Http\\Request), Object(Symfony\\Component\\HttpKernel\\Exception\\NotFoundHttpException))
#20 /Users/macbookshop/Desktop/Projects/Developments/DNA-Web/DNA-Frontend/vendor/laravel/framework/src/Illuminate/Foundation/Exceptions/Handler.php(720): Illuminate\\Foundation\\Exceptions\\Handler->renderExceptionResponse(Object(Illuminate\\Http\\Request), Object(Symfony\\Component\\HttpKernel\\Exception\\NotFoundHttpException))
#21 /Users/macbookshop/Desktop/Projects/Developments/DNA-Web/DNA-Frontend/vendor/laravel/framework/src/Illuminate/Routing/Pipeline.php(51): Illuminate\\Foundation\\Exceptions\\Handler->render(Object(Illuminate\\Http\\Request), Object(Symfony\\Component\\HttpKernel\\Exception\\NotFoundHttpException))
#22 /Users/macbookshop/Desktop/Projects/Developments/DNA-Web/DNA-Frontend/vendor/laravel/framework/src/Illuminate/Pipeline/Pipeline.php(182): Illuminate\\Routing\\Pipeline->handleException(Object(Illuminate\\Http\\Request), Object(Symfony\\Component\\HttpKernel\\Exception\\NotFoundHttpException))
#23 /Users/macbookshop/Desktop/Projects/Developments/DNA-Web/DNA-Frontend/vendor/laravel/framework/src/Illuminate/Foundation/Http/Middleware/TransformsRequest.php(21): Illuminate\\Pipeline\\Pipeline->{closure:Illuminate\\Pipeline\\Pipeline::prepareDestination():178}(Object(Illuminate\\Http\\Request))
#24 /Users/macbookshop/Desktop/Projects/Developments/DNA-Web/DNA-Frontend/vendor/laravel/framework/src/Illuminate/Foundation/Http/Middleware/ConvertEmptyStringsToNull.php(31): Illuminate\\Foundation\\Http\\Middleware\\TransformsRequest->handle(Object(Illuminate\\Http\\Request), Object(Closure))
#25 /Users/macbookshop/Desktop/Projects/Developments/DNA-Web/DNA-Frontend/vendor/laravel/framework/src/Illuminate/Pipeline/Pipeline.php(219): Illuminate\\Foundation\\Http\\Middleware\\ConvertEmptyStringsToNull->handle(Object(Illuminate\\Http\\Request), Object(Closure))
#26 /Users/macbookshop/Desktop/Projects/Developments/DNA-Web/DNA-Frontend/vendor/laravel/framework/src/Illuminate/Foundation/Http/Middleware/TransformsRequest.php(21): Illuminate\\Pipeline\\Pipeline->{closure:{closure:Illuminate\\Pipeline\\Pipeline::carry():194}:195}(Object(Illuminate\\Http\\Request))
#27 /Users/macbookshop/Desktop/Projects/Developments/DNA-Web/DNA-Frontend/vendor/laravel/framework/src/Illuminate/Foundation/Http/Middleware/TrimStrings.php(51): Illuminate\\Foundation\\Http\\Middleware\\TransformsRequest->handle(Object(Illuminate\\Http\\Request), Object(Closure))
#28 /Users/macbookshop/Desktop/Projects/Developments/DNA-Web/DNA-Frontend/vendor/laravel/framework/src/Illuminate/Pipeline/Pipeline.php(219): Illuminate\\Foundation\\Http\\Middleware\\TrimStrings->handle(Object(Illuminate\\Http\\Request), Object(Closure))
#29 /Users/macbookshop/Desktop/Projects/Developments/DNA-Web/DNA-Frontend/vendor/laravel/framework/src/Illuminate/Http/Middleware/ValidatePostSize.php(27): Illuminate\\Pipeline\\Pipeline->{closure:{closure:Illuminate\\Pipeline\\Pipeline::carry():194}:195}(Object(Illuminate\\Http\\Request))
#30 /Users/macbookshop/Desktop/Projects/Developments/DNA-Web/DNA-Frontend/vendor/laravel/framework/src/Illuminate/Pipeline/Pipeline.php(219): Illuminate\\Http\\Middleware\\ValidatePostSize->handle(Object(Illuminate\\Http\\Request), Object(Closure))
#31 /Users/macbookshop/Desktop/Projects/Developments/DNA-Web/DNA-Frontend/vendor/laravel/framework/src/Illuminate/Foundation/Http/Middleware/PreventRequestsDuringMaintenance.php(109): Illuminate\\Pipeline\\Pipeline->{closure:{closure:Illuminate\\Pipeline\\Pipeline::carry():194}:195}(Object(Illuminate\\Http\\Request))
#32 /Users/macbookshop/Desktop/Projects/Developments/DNA-Web/DNA-Frontend/vendor/laravel/framework/src/Illuminate/Pipeline/Pipeline.php(219): Illuminate\\Foundation\\Http\\Middleware\\PreventRequestsDuringMaintenance->handle(Object(Illuminate\\Http\\Request), Object(Closure))
#33 /Users/macbookshop/Desktop/Projects/Developments/DNA-Web/DNA-Frontend/vendor/laravel/framework/src/Illuminate/Http/Middleware/HandleCors.php(61): Illuminate\\Pipeline\\Pipeline->{closure:{closure:Illuminate\\Pipeline\\Pipeline::carry():194}:195}(Object(Illuminate\\Http\\Request))
#34 /Users/macbookshop/Desktop/Projects/Developments/DNA-Web/DNA-Frontend/vendor/laravel/framework/src/Illuminate/Pipeline/Pipeline.php(219): Illuminate\\Http\\Middleware\\HandleCors->handle(Object(Illuminate\\Http\\Request), Object(Closure))
#35 /Users/macbookshop/Desktop/Projects/Developments/DNA-Web/DNA-Frontend/vendor/laravel/framework/src/Illuminate/Http/Middleware/TrustProxies.php(58): Illuminate\\Pipeline\\Pipeline->{closure:{closure:Illuminate\\Pipeline\\Pipeline::carry():194}:195}(Object(Illuminate\\Http\\Request))
#36 /Users/macbookshop/Desktop/Projects/Developments/DNA-Web/DNA-Frontend/vendor/laravel/framework/src/Illuminate/Pipeline/Pipeline.php(219): Illuminate\\Http\\Middleware\\TrustProxies->handle(Object(Illuminate\\Http\\Request), Object(Closure))
#37 /Users/macbookshop/Desktop/Projects/Developments/DNA-Web/DNA-Frontend/vendor/laravel/framework/src/Illuminate/Foundation/Http/Middleware/InvokeDeferredCallbacks.php(22): Illuminate\\Pipeline\\Pipeline->{closure:{closure:Illuminate\\Pipeline\\Pipeline::carry():194}:195}(Object(Illuminate\\Http\\Request))
#38 /Users/macbookshop/Desktop/Projects/Developments/DNA-Web/DNA-Frontend/vendor/laravel/framework/src/Illuminate/Pipeline/Pipeline.php(219): Illuminate\\Foundation\\Http\\Middleware\\InvokeDeferredCallbacks->handle(Object(Illuminate\\Http\\Request), Object(Closure))
#39 /Users/macbookshop/Desktop/Projects/Developments/DNA-Web/DNA-Frontend/vendor/laravel/framework/src/Illuminate/Http/Middleware/ValidatePathEncoding.php(28): Illuminate\\Pipeline\\Pipeline->{closure:{closure:Illuminate\\Pipeline\\Pipeline::carry():194}:195}(Object(Illuminate\\Http\\Request))
#40 /Users/macbookshop/Desktop/Projects/Developments/DNA-Web/DNA-Frontend/vendor/laravel/framework/src/Illuminate/Pipeline/Pipeline.php(219): Illuminate\\Http\\Middleware\\ValidatePathEncoding->handle(Object(Illuminate\\Http\\Request), Object(Closure))
#41 /Users/macbookshop/Desktop/Projects/Developments/DNA-Web/DNA-Frontend/vendor/laravel/framework/src/Illuminate/Pipeline/Pipeline.php(137): Illuminate\\Pipeline\\Pipeline->{closure:{closure:Illuminate\\Pipeline\\Pipeline::carry():194}:195}(Object(Illuminate\\Http\\Request))
#42 /Users/macbookshop/Desktop/Projects/Developments/DNA-Web/DNA-Frontend/vendor/laravel/framework/src/Illuminate/Foundation/Http/Kernel.php(175): Illuminate\\Pipeline\\Pipeline->then(Object(Closure))
#43 /Users/macbookshop/Desktop/Projects/Developments/DNA-Web/DNA-Frontend/vendor/laravel/framework/src/Illuminate/Foundation/Http/Kernel.php(144): Illuminate\\Foundation\\Http\\Kernel->sendRequestThroughRouter(Object(Illuminate\\Http\\Request))
#44 /Users/macbookshop/Desktop/Projects/Developments/DNA-Web/DNA-Frontend/vendor/laravel/framework/src/Illuminate/Foundation/Testing/Concerns/MakesHttpRequests.php(638): Illuminate\\Foundation\\Http\\Kernel->handle(Object(Illuminate\\Http\\Request))
#45 /Users/macbookshop/Desktop/Projects/Developments/DNA-Web/DNA-Frontend/vendor/laravel/framework/src/Illuminate/Foundation/Testing/Concerns/MakesHttpRequests.php(368): Illuminate\\Foundation\\Testing\\TestCase->call('GET', '/fr', Array, Array, Array, Array)
#46 /Users/macbookshop/Desktop/Projects/Developments/DNA-Web/DNA-Frontend/tests/Feature/LocaleTest.php(28): Illuminate\\Foundation\\Testing\\TestCase->get('/fr')
#47 /Users/macbookshop/Desktop/Projects/Developments/DNA-Web/DNA-Frontend/vendor/phpunit/phpunit/src/Framework/TestCase.php(1318): Tests\\Feature\\LocaleTest->test_unknown_language_segment_falls_back_instead_of_404()
#48 /Users/macbookshop/Desktop/Projects/Developments/DNA-Web/DNA-Frontend/vendor/phpunit/phpunit/src/Framework/TestCase.php(1355): PHPUnit\\Framework\\TestCase->invokeTestMethod('test_unknown_la...', Array)
#49 /Users/macbookshop/Desktop/Projects/Developments/DNA-Web/DNA-Frontend/vendor/phpunit/phpunit/src/Framework/TestCase.php(521): PHPUnit\\Framework\\TestCase->runTest()
#50 /Users/macbookshop/Desktop/Projects/Developments/DNA-Web/DNA-Frontend/vendor/phpunit/phpunit/src/Framework/TestRunner/TestRunner.php(99): PHPUnit\\Framework\\TestCase->runBare()
#51 /Users/macbookshop/Desktop/Projects/Developments/DNA-Web/DNA-Frontend/vendor/phpunit/phpunit/src/Framework/TestCase.php(361): PHPUnit\\Framework\\TestRunner->run(Object(Tests\\Feature\\LocaleTest))
#52 /Users/macbookshop/Desktop/Projects/Developments/DNA-Web/DNA-Frontend/vendor/phpunit/phpunit/src/Framework/TestSuite.php(374): PHPUnit\\Framework\\TestCase->run()
#53 /Users/macbookshop/Desktop/Projects/Developments/DNA-Web/DNA-Frontend/vendor/phpunit/phpunit/src/Framework/TestSuite.php(374): PHPUnit\\Framework\\TestSuite->run()
#54 /Users/macbookshop/Desktop/Projects/Developments/DNA-Web/DNA-Frontend/vendor/phpunit/phpunit/src/Framework/TestSuite.php(374): PHPUnit\\Framework\\TestSuite->run()
#55 /Users/macbookshop/Desktop/Projects/Developments/DNA-Web/DNA-Frontend/vendor/phpunit/phpunit/src/TextUI/TestRunner.php(64): PHPUnit\\Framework\\TestSuite->run()
#56 /Users/macbookshop/Desktop/Projects/Developments/DNA-Web/DNA-Frontend/vendor/phpunit/phpunit/src/TextUI/Application.php(229): PHPUnit\\TextUI\\TestRunner->run(Object(PHPUnit\\TextUI\\Configuration\\Configuration), Object(PHPUnit\\Runner\\ResultCache\\DefaultResultCache), Object(PHPUnit\\Framework\\TestSuite))
#57 /Users/macbookshop/Desktop/Projects/Developments/DNA-Web/DNA-Frontend/vendor/phpunit/phpunit/phpunit(104): PHPUnit\\TextUI\\Application->run(Array)
#58 {main}

[previous exception] [object] (Illuminate\\Routing\\Exceptions\\UrlGenerationException(code: 0): Missing required parameter for [Route: analysis.index] [URI: {locale}] [Missing parameter: locale]. at /Users/macbookshop/Desktop/Projects/Developments/DNA-Web/DNA-Frontend/vendor/laravel/framework/src/Illuminate/Routing/Exceptions/UrlGenerationException.php:35)
[stacktrace]
#0 /Users/macbookshop/Desktop/Projects/Developments/DNA-Web/DNA-Frontend/vendor/laravel/framework/src/Illuminate/Routing/RouteUrlGenerator.php(95): Illuminate\\Routing\\Exceptions\\UrlGenerationException::forMissingParameters(Object(Illuminate\\Routing\\Route), Array)
#1 /Users/macbookshop/Desktop/Projects/Developments/DNA-Web/DNA-Frontend/vendor/laravel/framework/src/Illuminate/Routing/UrlGenerator.php(557): Illuminate\\Routing\\RouteUrlGenerator->to(Object(Illuminate\\Routing\\Route), Array, true)
#2 /Users/macbookshop/Desktop/Projects/Developments/DNA-Web/DNA-Frontend/vendor/laravel/framework/src/Illuminate/Routing/UrlGenerator.php(534): Illuminate\\Routing\\UrlGenerator->toRoute(Object(Illuminate\\Routing\\Route), Array, true)
#3 /Users/macbookshop/Desktop/Projects/Developments/DNA-Web/DNA-Frontend/vendor/laravel/framework/src/Illuminate/Foundation/helpers.php(870): Illuminate\\Routing\\UrlGenerator->route('analysis.index', Array, true)
#4 /Users/macbookshop/Desktop/Projects/Developments/DNA-Web/DNA-Frontend/storage/framework/views/5412c5794b9520f727cb3f5abab9bc6b.php(35): route('analysis.index')
#5 /Users/macbookshop/Desktop/Projects/Developments/DNA-Web/DNA-Frontend/vendor/laravel/framework/src/Illuminate/Filesystem/Filesystem.php(123): require('/Users/macbooks...')
#6 /Users/macbookshop/Desktop/Projects/Developments/DNA-Web/DNA-Frontend/vendor/laravel/framework/src/Illuminate/Filesystem/Filesystem.php(124): Illuminate\\Filesystem\\Filesystem::{closure:Illuminate\\Filesystem\\Filesystem::getRequire():120}()
#7 /Users/macbookshop/Desktop/Projects/Developments/DNA-Web/DNA-Frontend/vendor/laravel/framework/src/Illuminate/View/Engines/PhpEngine.php(57): Illuminate\\Filesystem\\Filesystem->getRequire('/Users/macbooks...', Array)
#8 /Users/macbookshop/Desktop/Projects/Developments/DNA-Web/DNA-Frontend/vendor/laravel/framework/src/Illuminate/View/Engines/CompilerEngine.php(76): Illuminate\\View\\Engines\\PhpEngine->evaluatePath('/Users/macbooks...', Array)
#9 /Users/macbookshop/Desktop/Projects/Developments/DNA-Web/DNA-Frontend/vendor/laravel/framework/src/Illuminate/View/View.php(208): Illuminate\\View\\Engines\\CompilerEngine->get('/Users/macbooks...', Array)
#10 /Users/macbookshop/Desktop/Projects/Developments/DNA-Web/DNA-Frontend/vendor/laravel/framework/src/Illuminate/View/View.php(191): Illuminate\\View\\View->getContents()
#11 /Users/macbookshop/Desktop/Projects/Developments/DNA-Web/DNA-Frontend/vendor/laravel/framework/src/Illuminate/View/View.php(160): Illuminate\\View\\View->renderContents()
#12 /Users/macbookshop/Desktop/Projects/Developments/DNA-Web/DNA-Frontend/storage/framework/views/f058fb6fd3ae58a3027bb36a27ff1ec0.php(15): Illuminate\\View\\View->render()
#13 /Users/macbookshop/Desktop/Projects/Developments/DNA-Web/DNA-Frontend/vendor/laravel/framework/src/Illuminate/Filesystem/Filesystem.php(123): require('/Users/macbooks...')
#14 /Users/macbookshop/Desktop/Projects/Developments/DNA-Web/DNA-Frontend/vendor/laravel/framework/src/Illuminate/Filesystem/Filesystem.php(124): Illuminate\\Filesystem\\Filesystem::{closure:Illuminate\\Filesystem\\Filesystem::getRequire():120}()
#15 /Users/macbookshop/Desktop/Projects/Developments/DNA-Web/DNA-Frontend/vendor/laravel/framework/src/Illuminate/View/Engines/PhpEngine.php(57): Illuminate\\Filesystem\\Filesystem->getRequire('/Users/macbooks...', Array)
#16 /Users/macbookshop/Desktop/Projects/Developments/DNA-Web/DNA-Frontend/vendor/laravel/framework/src/Illuminate/View/Engines/CompilerEngine.php(76): Illuminate\\View\\Engines\\PhpEngine->evaluatePath('/Users/macbooks...', Array)
#17 /Users/macbookshop/Desktop/Projects/Developments/DNA-Web/DNA-Frontend/vendor/laravel/framework/src/Illuminate/View/View.php(208): Illuminate\\View\\Engines\\CompilerEngine->get('/Users/macbooks...', Array)
#18 /Users/macbookshop/Desktop/Projects/Developments/DNA-Web/DNA-Frontend/vendor/laravel/framework/src/Illuminate/View/View.php(191): Illuminate\\View\\View->getContents()
#19 /Users/macbookshop/Desktop/Projects/Developments/DNA-Web/DNA-Frontend/vendor/laravel/framework/src/Illuminate/View/View.php(160): Illuminate\\View\\View->renderContents()
#20 /Users/macbookshop/Desktop/Projects/Developments/DNA-Web/DNA-Frontend/vendor/laravel/framework/src/Illuminate/Http/Response.php(82): Illuminate\\View\\View->render()
#21 /Users/macbookshop/Desktop/Projects/Developments/DNA-Web/DNA-Frontend/vendor/laravel/framework/src/Illuminate/Http/Response.php(40): Illuminate\\Http\\Response->setContent(Object(Illuminate\\View\\View))
#22 /Users/macbookshop/Desktop/Projects/Developments/DNA-Web/DNA-Frontend/vendor/laravel/framework/src/Illuminate/Routing/ResponseFactory.php(61): Illuminate\\Http\\Response->__construct(Object(Illuminate\\View\\View), 404, Array)
#23 /Users/macbookshop/Desktop/Projects/Developments/DNA-Web/DNA-Frontend/vendor/laravel/framework/src/Illuminate/Routing/ResponseFactory.php(91): Illuminate\\Routing\\ResponseFactory->make(Object(Illuminate\\View\\View), 404, Array)
#24 /Users/macbookshop/Desktop/Projects/Developments/DNA-Web/DNA-Frontend/vendor/laravel/framework/src/Illuminate/Foundation/Exceptions/Handler.php(1031): Illuminate\\Routing\\ResponseFactory->view('errors::404', Array, 404, Array)
#25 /Users/macbookshop/Desktop/Projects/Developments/DNA-Web/DNA-Frontend/vendor/laravel/framework/src/Illuminate/Foundation/Exceptions/Handler.php(950): Illuminate\\Foundation\\Exceptions\\Handler->renderHttpException(Object(Symfony\\Component\\HttpKernel\\Exception\\NotFoundHttpException))
#26 /Users/macbookshop/Desktop/Projects/Developments/DNA-Web/DNA-Frontend/vendor/laravel/framework/src/Illuminate/Foundation/Exceptions/Handler.php(833): Illuminate\\Foundation\\Exceptions\\Handler->prepareResponse(Object(Illuminate\\Http\\Request), Object(Symfony\\Component\\HttpKernel\\Exception\\NotFoundHttpException))
#27 /Users/macbookshop/Desktop/Projects/Developments/DNA-Web/DNA-Frontend/vendor/laravel/framework/src/Illuminate/Foundation/Exceptions/Handler.php(720): Illuminate\\Foundation\\Exceptions\\Handler->renderExceptionResponse(Object(Illuminate\\Http\\Request), Object(Symfony\\Component\\HttpKernel\\Exception\\NotFoundHttpException))
#28 /Users/macbookshop/Desktop/Projects/Developments/DNA-Web/DNA-Frontend/vendor/laravel/framework/src/Illuminate/Routing/Pipeline.php(51): Illuminate\\Foundation\\Exceptions\\Handler->render(Object(Illuminate\\Http\\Request), Object(Symfony\\Component\\HttpKernel\\Exception\\NotFoundHttpException))
#29 /Users/macbookshop/Desktop/Projects/Developments/DNA-Web/DNA-Frontend/vendor/laravel/framework/src/Illuminate/Pipeline/Pipeline.php(182): Illuminate\\Routing\\Pipeline->handleException(Object(Illuminate\\Http\\Request), Object(Symfony\\Component\\HttpKernel\\Exception\\NotFoundHttpException))
#30 /Users/macbookshop/Desktop/Projects/Developments/DNA-Web/DNA-Frontend/vendor/laravel/framework/src/Illuminate/Foundation/Http/Middleware/TransformsRequest.php(21): Illuminate\\Pipeline\\Pipeline->{closure:Illuminate\\Pipeline\\Pipeline::prepareDestination():178}(Object(Illuminate\\Http\\Request))
#31 /Users/macbookshop/Desktop/Projects/Developments/DNA-Web/DNA-Frontend/vendor/laravel/framework/src/Illuminate/Foundation/Http/Middleware/ConvertEmptyStringsToNull.php(31): Illuminate\\Foundation\\Http\\Middleware\\TransformsRequest->handle(Object(Illuminate\\Http\\Request), Object(Closure))
#32 /Users/macbookshop/Desktop/Projects/Developments/DNA-Web/DNA-Frontend/vendor/laravel/framework/src/Illuminate/Pipeline/Pipeline.php(219): Illuminate\\Foundation\\Http\\Middleware\\ConvertEmptyStringsToNull->handle(Object(Illuminate\\Http\\Request), Object(Closure))
#33 /Users/macbookshop/Desktop/Projects/Developments/DNA-Web/DNA-Frontend/vendor/laravel/framework/src/Illuminate/Foundation/Http/Middleware/TransformsRequest.php(21): Illuminate\\Pipeline\\Pipeline->{closure:{closure:Illuminate\\Pipeline\\Pipeline::carry():194}:195}(Object(Illuminate\\Http\\Request))
#34 /Users/macbookshop/Desktop/Projects/Developments/DNA-Web/DNA-Frontend/vendor/laravel/framework/src/Illuminate/Foundation/Http/Middleware/TrimStrings.php(51): Illuminate\\Foundation\\Http\\Middleware\\TransformsRequest->handle(Object(Illuminate\\Http\\Request), Object(Closure))
#35 /Users/macbookshop/Desktop/Projects/Developments/DNA-Web/DNA-Frontend/vendor/laravel/framework/src/Illuminate/Pipeline/Pipeline.php(219): Illuminate\\Foundation\\Http\\Middleware\\TrimStrings->handle(Object(Illuminate\\Http\\Request), Object(Closure))
#36 /Users/macbookshop/Desktop/Projects/Developments/DNA-Web/DNA-Frontend/vendor/laravel/framework/src/Illuminate/Http/Middleware/ValidatePostSize.php(27): Illuminate\\Pipeline\\Pipeline->{closure:{closure:Illuminate\\Pipeline\\Pipeline::carry():194}:195}(Object(Illuminate\\Http\\Request))
#37 /Users/macbookshop/Desktop/Projects/Developments/DNA-Web/DNA-Frontend/vendor/laravel/framework/src/Illuminate/Pipeline/Pipeline.php(219): Illuminate\\Http\\Middleware\\ValidatePostSize->handle(Object(Illuminate\\Http\\Request), Object(Closure))
#38 /Users/macbookshop/Desktop/Projects/Developments/DNA-Web/DNA-Frontend/vendor/laravel/framework/src/Illuminate/Foundation/Http/Middleware/PreventRequestsDuringMaintenance.php(109): Illuminate\\Pipeline\\Pipeline->{closure:{closure:Illuminate\\Pipeline\\Pipeline::carry():194}:195}(Object(Illuminate\\Http\\Request))
#39 /Users/macbookshop/Desktop/Projects/Developments/DNA-Web/DNA-Frontend/vendor/laravel/framework/src/Illuminate/Pipeline/Pipeline.php(219): Illuminate\\Foundation\\Http\\Middleware\\PreventRequestsDuringMaintenance->handle(Object(Illuminate\\Http\\Request), Object(Closure))
#40 /Users/macbookshop/Desktop/Projects/Developments/DNA-Web/DNA-Frontend/vendor/laravel/framework/src/Illuminate/Http/Middleware/HandleCors.php(61): Illuminate\\Pipeline\\Pipeline->{closure:{closure:Illuminate\\Pipeline\\Pipeline::carry():194}:195}(Object(Illuminate\\Http\\Request))
#41 /Users/macbookshop/Desktop/Projects/Developments/DNA-Web/DNA-Frontend/vendor/laravel/framework/src/Illuminate/Pipeline/Pipeline.php(219): Illuminate\\Http\\Middleware\\HandleCors->handle(Object(Illuminate\\Http\\Request), Object(Closure))
#42 /Users/macbookshop/Desktop/Projects/Developments/DNA-Web/DNA-Frontend/vendor/laravel/framework/src/Illuminate/Http/Middleware/TrustProxies.php(58): Illuminate\\Pipeline\\Pipeline->{closure:{closure:Illuminate\\Pipeline\\Pipeline::carry():194}:195}(Object(Illuminate\\Http\\Request))
#43 /Users/macbookshop/Desktop/Projects/Developments/DNA-Web/DNA-Frontend/vendor/laravel/framework/src/Illuminate/Pipeline/Pipeline.php(219): Illuminate\\Http\\Middleware\\TrustProxies->handle(Object(Illuminate\\Http\\Request), Object(Closure))
#44 /Users/macbookshop/Desktop/Projects/Developments/DNA-Web/DNA-Frontend/vendor/laravel/framework/src/Illuminate/Foundation/Http/Middleware/InvokeDeferredCallbacks.php(22): Illuminate\\Pipeline\\Pipeline->{closure:{closure:Illuminate\\Pipeline\\Pipeline::carry():194}:195}(Object(Illuminate\\Http\\Request))
#45 /Users/macbookshop/Desktop/Projects/Developments/DNA-Web/DNA-Frontend/vendor/laravel/framework/src/Illuminate/Pipeline/Pipeline.php(219): Illuminate\\Foundation\\Http\\Middleware\\InvokeDeferredCallbacks->handle(Object(Illuminate\\Http\\Request), Object(Closure))
#46 /Users/macbookshop/Desktop/Projects/Developments/DNA-Web/DNA-Frontend/vendor/laravel/framework/src/Illuminate/Http/Middleware/ValidatePathEncoding.php(28): Illuminate\\Pipeline\\Pipeline->{closure:{closure:Illuminate\\Pipeline\\Pipeline::carry():194}:195}(Object(Illuminate\\Http\\Request))
#47 /Users/macbookshop/Desktop/Projects/Developments/DNA-Web/DNA-Frontend/vendor/laravel/framework/src/Illuminate/Pipeline/Pipeline.php(219): Illuminate\\Http\\Middleware\\ValidatePathEncoding->handle(Object(Illuminate\\Http\\Request), Object(Closure))
#48 /Users/macbookshop/Desktop/Projects/Developments/DNA-Web/DNA-Frontend/vendor/laravel/framework/src/Illuminate/Pipeline/Pipeline.php(137): Illuminate\\Pipeline\\Pipeline->{closure:{closure:Illuminate\\Pipeline\\Pipeline::carry():194}:195}(Object(Illuminate\\Http\\Request))
#49 /Users/macbookshop/Desktop/Projects/Developments/DNA-Web/DNA-Frontend/vendor/laravel/framework/src/Illuminate/Foundation/Http/Kernel.php(175): Illuminate\\Pipeline\\Pipeline->then(Object(Closure))
#50 /Users/macbookshop/Desktop/Projects/Developments/DNA-Web/DNA-Frontend/vendor/laravel/framework/src/Illuminate/Foundation/Http/Kernel.php(144): Illuminate\\Foundation\\Http\\Kernel->sendRequestThroughRouter(Object(Illuminate\\Http\\Request))
#51 /Users/macbookshop/Desktop/Projects/Developments/DNA-Web/DNA-Frontend/vendor/laravel/framework/src/Illuminate/Foundation/Testing/Concerns/MakesHttpRequests.php(638): Illuminate\\Foundation\\Http\\Kernel->handle(Object(Illuminate\\Http\\Request))
#52 /Users/macbookshop/Desktop/Projects/Developments/DNA-Web/DNA-Frontend/vendor/laravel/framework/src/Illuminate/Foundation/Testing/Concerns/MakesHttpRequests.php(368): Illuminate\\Foundation\\Testing\\TestCase->call('GET', '/fr', Array, Array, Array, Array)
#53 /Users/macbookshop/Desktop/Projects/Developments/DNA-Web/DNA-Frontend/tests/Feature/LocaleTest.php(28): Illuminate\\Foundation\\Testing\\TestCase->get('/fr')
#54 /Users/macbookshop/Desktop/Projects/Developments/DNA-Web/DNA-Frontend/vendor/phpunit/phpunit/src/Framework/TestCase.php(1318): Tests\\Feature\\LocaleTest->test_unknown_language_segment_falls_back_instead_of_404()
#55 /Users/macbookshop/Desktop/Projects/Developments/DNA-Web/DNA-Frontend/vendor/phpunit/phpunit/src/Framework/TestCase.php(1355): PHPUnit\\Framework\\TestCase->invokeTestMethod('test_unknown_la...', Array)
#56 /Users/macbookshop/Desktop/Projects/Developments/DNA-Web/DNA-Frontend/vendor/phpunit/phpunit/src/Framework/TestCase.php(521): PHPUnit\\Framework\\TestCase->runTest()
#57 /Users/macbookshop/Desktop/Projects/Developments/DNA-Web/DNA-Frontend/vendor/phpunit/phpunit/src/Framework/TestRunner/TestRunner.php(99): PHPUnit\\Framework\\TestCase->runBare()
#58 /Users/macbookshop/Desktop/Projects/Developments/DNA-Web/DNA-Frontend/vendor/phpunit/phpunit/src/Framework/TestCase.php(361): PHPUnit\\Framework\\TestRunner->run(Object(Tests\\Feature\\LocaleTest))
#59 /Users/macbookshop/Desktop/Projects/Developments/DNA-Web/DNA-Frontend/vendor/phpunit/phpunit/src/Framework/TestSuite.php(374): PHPUnit\\Framework\\TestCase->run()
#60 /Users/macbookshop/Desktop/Projects/Developments/DNA-Web/DNA-Frontend/vendor/phpunit/phpunit/src/Framework/TestSuite.php(374): PHPUnit\\Framework\\TestSuite->run()
#61 /Users/macbookshop/Desktop/Projects/Developments/DNA-Web/DNA-Frontend/vendor/phpunit/phpunit/src/Framework/TestSuite.php(374): PHPUnit\\Framework\\TestSuite->run()
#62 /Users/macbookshop/Desktop/Projects/Developments/DNA-Web/DNA-Frontend/vendor/phpunit/phpunit/src/TextUI/TestRunner.php(64): PHPUnit\\Framework\\TestSuite->run()
#63 /Users/macbookshop/Desktop/Projects/Developments/DNA-Web/DNA-Frontend/vendor/phpunit/phpunit/src/TextUI/Application.php(229): PHPUnit\\TextUI\\TestRunner->run(Object(PHPUnit\\TextUI\\Configuration\\Configuration), Object(PHPUnit\\Runner\\ResultCache\\DefaultResultCache), Object(PHPUnit\\Framework\\TestSuite))
#64 /Users/macbookshop/Desktop/Projects/Developments/DNA-Web/DNA-Frontend/vendor/phpunit/phpunit/phpunit(104): PHPUnit\\TextUI\\Application->run(Array)
#65 {main}
"} 
[2026-08-11 22:45:00] testing.ERROR: Memory design backend unreachable {"request_id":"c39a6351-87eb-4852-a67c-06eb25b194f8","message":"down"} 
[2026-08-11 22:45:00] testing.ERROR: Simulation backend unreachable {"request_id":"5abaddbb-dbdc-490f-b4a3-39e878468168","message":"down"} 
[2026-08-11 22:47:23] testing.ERROR: Missing required parameter for [Route: analysis.index] [URI: {locale}] [Missing parameter: locale]. (View: /Users/macbookshop/Desktop/Projects/Developments/DNA-Web/DNA-Frontend/resources/views/layouts/app.blade.php) (View: /Users/macbookshop/Desktop/Projects/Developments/DNA-Web/DNA-Frontend/resources/views/layouts/app.blade.php) {"exception":"[object] (Illuminate\\View\\ViewException(code: 0): Missing required parameter for [Route: analysis.index] [URI: {locale}] [Missing parameter: locale]. (View: /Users/macbookshop/Desktop/Projects/Developments/DNA-Web/DNA-Frontend/resources/views/layouts/app.blade.php) (View: /Users/macbookshop/Desktop/Projects/Developments/DNA-Web/DNA-Frontend/resources/views/layouts/app.blade.php) at /Users/macbookshop/Desktop/Projects/Developments/DNA-Web/DNA-Frontend/vendor/laravel/framework/src/Illuminate/Routing/Exceptions/UrlGenerationException.php:35)
[stacktrace]
#0 /Users/macbookshop/Desktop/Projects/Developments/DNA-Web/DNA-Frontend/vendor/laravel/framework/src/Illuminate/View/Engines/PhpEngine.php(59): Illuminate\\View\\Engines\\CompilerEngine->handleViewException(Object(Illuminate\\View\\ViewException), 1)
#1 /Users/macbookshop/Desktop/Projects/Developments/DNA-Web/DNA-Frontend/vendor/laravel/framework/src/Illuminate/View/Engines/CompilerEngine.php(76): Illuminate\\View\\Engines\\PhpEngine->evaluatePath('/Users/macbooks...', Array)
#2 /Users/macbookshop/Desktop/Projects/Developments/DNA-Web/DNA-Frontend/vendor/laravel/framework/src/Illuminate/View/View.php(208): Illuminate\\View\\Engines\\CompilerEngine->get('/Users/macbooks...', Array)
#3 /Users/macbookshop/Desktop/Projects/Developments/DNA-Web/DNA-Frontend/vendor/laravel/framework/src/Illuminate/View/View.php(191): Illuminate\\View\\View->getContents()
#4 /Users/macbookshop/Desktop/Projects/Developments/DNA-Web/DNA-Frontend/vendor/laravel/framework/src/Illuminate/View/View.php(160): Illuminate\\View\\View->renderContents()
#5 /Users/macbookshop/Desktop/Projects/Developments/DNA-Web/DNA-Frontend/vendor/laravel/framework/src/Illuminate/Http/Response.php(82): Illuminate\\View\\View->render()
#6 /Users/macbookshop/Desktop/Projects/Developments/DNA-Web/DNA-Frontend/vendor/laravel/framework/src/Illuminate/Http/Response.php(40): Illuminate\\Http\\Response->setContent(Object(Illuminate\\View\\View))
#7 /Users/macbookshop/Desktop/Projects/Developments/DNA-Web/DNA-Frontend/vendor/laravel/framework/src/Illuminate/Routing/ResponseFactory.php(61): Illuminate\\Http\\Response->__construct(Object(Illuminate\\View\\View), 404, Array)
#8 /Users/macbookshop/Desktop/Projects/Developments/DNA-Web/DNA-Frontend/vendor/laravel/framework/src/Illuminate/Routing/ResponseFactory.php(91): Illuminate\\Routing\\ResponseFactory->make(Object(Illuminate\\View\\View), 404, Array)
#9 /Users/macbookshop/Desktop/Projects/Developments/DNA-Web/DNA-Frontend/vendor/laravel/framework/src/Illuminate/Foundation/Exceptions/Handler.php(1031): Illuminate\\Routing\\ResponseFactory->view('errors::404', Array, 404, Array)
#10 /Users/macbookshop/Desktop/Projects/Developments/DNA-Web/DNA-Frontend/vendor/laravel/framework/src/Illuminate/Foundation/Exceptions/Handler.php(950): Illuminate\\Foundation\\Exceptions\\Handler->renderHttpException(Object(Symfony\\Component\\HttpKernel\\Exception\\NotFoundHttpException))
#11 /Users/macbookshop/Desktop/Projects/Developments/DNA-Web/DNA-Frontend/vendor/laravel/framework/src/Illuminate/Foundation/Exceptions/Handler.php(833): Illuminate\\Foundation\\Exceptions\\Handler->prepareResponse(Object(Illuminate\\Http\\Request), Object(Symfony\\Component\\HttpKernel\\Exception\\NotFoundHttpException))
#12 /Users/macbookshop/Desktop/Projects/Developments/DNA-Web/DNA-Frontend/vendor/laravel/framework/src/Illuminate/Foundation/Exceptions/Handler.php(720): Illuminate\\Foundation\\Exceptions\\Handler->renderExceptionResponse(Object(Illuminate\\Http\\Request), Object(Symfony\\Component\\HttpKernel\\Exception\\NotFoundHttpException))
#13 /Users/macbookshop/Desktop/Projects/Developments/DNA-Web/DNA-Frontend/vendor/laravel/framework/src/Illuminate/Routing/Pipeline.php(51): Illuminate\\Foundation\\Exceptions\\Handler->render(Object(Illuminate\\Http\\Request), Object(Symfony\\Component\\HttpKernel\\Exception\\NotFoundHttpException))
#14 /Users/macbookshop/Desktop/Projects/Developments/DNA-Web/DNA-Frontend/vendor/laravel/framework/src/Illuminate/Pipeline/Pipeline.php(224): Illuminate\\Routing\\Pipeline->handleException(Object(Illuminate\\Http\\Request), Object(Illuminate\\Database\\Eloquent\\ModelNotFoundException))
#15 /Users/macbookshop/Desktop/Projects/Developments/DNA-Web/DNA-Frontend/vendor/laravel/framework/src/Illuminate/Foundation/Http/Middleware/PreventRequestForgery.php(104): Illuminate\\Pipeline\\Pipeline->{closure:{closure:Illuminate\\Pipeline\\Pipeline::carry():194}:195}(Object(Illuminate\\Http\\Request))
#16 /Users/macbookshop/Desktop/Projects/Developments/DNA-Web/DNA-Frontend/vendor/laravel/framework/src/Illuminate/Pipeline/Pipeline.php(219): Illuminate\\Foundation\\Http\\Middleware\\PreventRequestForgery->handle(Object(Illuminate\\Http\\Request), Object(Closure))
#17 /Users/macbookshop/Desktop/Projects/Developments/DNA-Web/DNA-Frontend/vendor/laravel/framework/src/Illuminate/View/Middleware/ShareErrorsFromSession.php(48): Illuminate\\Pipeline\\Pipeline->{closure:{closure:Illuminate\\Pipeline\\Pipeline::carry():194}:195}(Object(Illuminate\\Http\\Request))
#18 /Users/macbookshop/Desktop/Projects/Developments/DNA-Web/DNA-Frontend/vendor/laravel/framework/src/Illuminate/Pipeline/Pipeline.php(219): Illuminate\\View\\Middleware\\ShareErrorsFromSession->handle(Object(Illuminate\\Http\\Request), Object(Closure))
#19 /Users/macbookshop/Desktop/Projects/Developments/DNA-Web/DNA-Frontend/vendor/laravel/framework/src/Illuminate/Session/Middleware/StartSession.php(120): Illuminate\\Pipeline\\Pipeline->{closure:{closure:Illuminate\\Pipeline\\Pipeline::carry():194}:195}(Object(Illuminate\\Http\\Request))
#20 /Users/macbookshop/Desktop/Projects/Developments/DNA-Web/DNA-Frontend/vendor/laravel/framework/src/Illuminate/Session/Middleware/StartSession.php(63): Illuminate\\Session\\Middleware\\StartSession->handleStatefulRequest(Object(Illuminate\\Http\\Request), Object(Illuminate\\Session\\Store), Object(Closure))
#21 /Users/macbookshop/Desktop/Projects/Developments/DNA-Web/DNA-Frontend/vendor/laravel/framework/src/Illuminate/Pipeline/Pipeline.php(219): Illuminate\\Session\\Middleware\\StartSession->handle(Object(Illuminate\\Http\\Request), Object(Closure))
#22 /Users/macbookshop/Desktop/Projects/Developments/DNA-Web/DNA-Frontend/vendor/laravel/framework/src/Illuminate/Cookie/Middleware/AddQueuedCookiesToResponse.php(36): Illuminate\\Pipeline\\Pipeline->{closure:{closure:Illuminate\\Pipeline\\Pipeline::carry():194}:195}(Object(Illuminate\\Http\\Request))
#23 /Users/macbookshop/Desktop/Projects/Developments/DNA-Web/DNA-Frontend/vendor/laravel/framework/src/Illuminate/Pipeline/Pipeline.php(219): Illuminate\\Cookie\\Middleware\\AddQueuedCookiesToResponse->handle(Object(Illuminate\\Http\\Request), Object(Closure))
#24 /Users/macbookshop/Desktop/Projects/Developments/DNA-Web/DNA-Frontend/vendor/laravel/framework/src/Illuminate/Cookie/Middleware/EncryptCookies.php(74): Illuminate\\Pipeline\\Pipeline->{closure:{closure:Illuminate\\Pipeline\\Pipeline::carry():194}:195}(Object(Illuminate\\Http\\Request))
#25 /Users/macbookshop/Desktop/Projects/Developments/DNA-Web/DNA-Frontend/vendor/laravel/framework/src/Illuminate/Pipeline/Pipeline.php(219): Illuminate\\Cookie\\Middleware\\EncryptCookies->handle(Object(Illuminate\\Http\\Request), Object(Closure))
#26 /Users/macbookshop/Desktop/Projects/Developments/DNA-Web/DNA-Frontend/vendor/laravel/framework/src/Illuminate/Pipeline/Pipeline.php(137): Illuminate\\Pipeline\\Pipeline->{closure:{closure:Illuminate\\Pipeline\\Pipeline::carry():194}:195}(Object(Illuminate\\Http\\Request))
#27 /Users/macbookshop/Desktop/Projects/Developments/DNA-Web/DNA-Frontend/vendor/laravel/framework/src/Illuminate/Routing/Router.php(821): Illuminate\\Pipeline\\Pipeline->then(Object(Closure))
#28 /Users/macbookshop/Desktop/Projects/Developments/DNA-Web/DNA-Frontend/vendor/laravel/framework/src/Illuminate/Routing/Router.php(800): Illuminate\\Routing\\Router->runRouteWithinStack(Object(Illuminate\\Routing\\Route), Object(Illuminate\\Http\\Request))
#29 /Users/macbookshop/Desktop/Projects/Developments/DNA-Web/DNA-Frontend/vendor/laravel/framework/src/Illuminate/Routing/Router.php(764): Illuminate\\Routing\\Router->runRoute(Object(Illuminate\\Http\\Request), Object(Illuminate\\Routing\\Route))
#30 /Users/macbookshop/Desktop/Projects/Developments/DNA-Web/DNA-Frontend/vendor/laravel/framework/src/Illuminate/Routing/Router.php(753): Illuminate\\Routing\\Router->dispatchToRoute(Object(Illuminate\\Http\\Request))
#31 /Users/macbookshop/Desktop/Projects/Developments/DNA-Web/DNA-Frontend/vendor/laravel/framework/src/Illuminate/Foundation/Http/Kernel.php(200): Illuminate\\Routing\\Router->dispatch(Object(Illuminate\\Http\\Request))
#32 /Users/macbookshop/Desktop/Projects/Developments/DNA-Web/DNA-Frontend/vendor/laravel/framework/src/Illuminate/Pipeline/Pipeline.php(180): Illuminate\\Foundation\\Http\\Kernel->{closure:Illuminate\\Foundation\\Http\\Kernel::dispatchToRouter():197}(Object(Illuminate\\Http\\Request))
#33 /Users/macbookshop/Desktop/Projects/Developments/DNA-Web/DNA-Frontend/vendor/laravel/framework/src/Illuminate/Foundation/Http/Middleware/TransformsRequest.php(21): Illuminate\\Pipeline\\Pipeline->{closure:Illuminate\\Pipeline\\Pipeline::prepareDestination():178}(Object(Illuminate\\Http\\Request))
#34 /Users/macbookshop/Desktop/Projects/Developments/DNA-Web/DNA-Frontend/vendor/laravel/framework/src/Illuminate/Foundation/Http/Middleware/ConvertEmptyStringsToNull.php(31): Illuminate\\Foundation\\Http\\Middleware\\TransformsRequest->handle(Object(Illuminate\\Http\\Request), Object(Closure))
#35 /Users/macbookshop/Desktop/Projects/Developments/DNA-Web/DNA-Frontend/vendor/laravel/framework/src/Illuminate/Pipeline/Pipeline.php(219): Illuminate\\Foundation\\Http\\Middleware\\ConvertEmptyStringsToNull->handle(Object(Illuminate\\Http\\Request), Object(Closure))
#36 /Users/macbookshop/Desktop/Projects/Developments/DNA-Web/DNA-Frontend/vendor/laravel/framework/src/Illuminate/Foundation/Http/Middleware/TransformsRequest.php(21): Illuminate\\Pipeline\\Pipeline->{closure:{closure:Illuminate\\Pipeline\\Pipeline::carry():194}:195}(Object(Illuminate\\Http\\Request))
#37 /Users/macbookshop/Desktop/Projects/Developments/DNA-Web/DNA-Frontend/vendor/laravel/framework/src/Illuminate/Foundation/Http/Middleware/TrimStrings.php(51): Illuminate\\Foundation\\Http\\Middleware\\TransformsRequest->handle(Object(Illuminate\\Http\\Request), Object(Closure))
#38 /Users/macbookshop/Desktop/Projects/Developments/DNA-Web/DNA-Frontend/vendor/laravel/framework/src/Illuminate/Pipeline/Pipeline.php(219): Illuminate\\Foundation\\Http\\Middleware\\TrimStrings->handle(Object(Illuminate\\Http\\Request), Object(Closure))
#39 /Users/macbookshop/Desktop/Projects/Developments/DNA-Web/DNA-Frontend/vendor/laravel/framework/src/Illuminate/Http/Middleware/ValidatePostSize.php(27): Illuminate\\Pipeline\\Pipeline->{closure:{closure:Illuminate\\Pipeline\\Pipeline::carry():194}:195}(Object(Illuminate\\Http\\Request))
#40 /Users/macbookshop/Desktop/Projects/Developments/DNA-Web/DNA-Frontend/vendor/laravel/framework/src/Illuminate/Pipeline/Pipeline.php(219): Illuminate\\Http\\Middleware\\ValidatePostSize->handle(Object(Illuminate\\Http\\Request), Object(Closure))
#41 /Users/macbookshop/Desktop/Projects/Developments/DNA-Web/DNA-Frontend/vendor/laravel/framework/src/Illuminate/Foundation/Http/Middleware/PreventRequestsDuringMaintenance.php(109): Illuminate\\Pipeline\\Pipeline->{closure:{closure:Illuminate\\Pipeline\\Pipeline::carry():194}:195}(Object(Illuminate\\Http\\Request))
#42 /Users/macbookshop/Desktop/Projects/Developments/DNA-Web/DNA-Frontend/vendor/laravel/framework/src/Illuminate/Pipeline/Pipeline.php(219): Illuminate\\Foundation\\Http\\Middleware\\PreventRequestsDuringMaintenance->handle(Object(Illuminate\\Http\\Request), Object(Closure))
#43 /Users/macbookshop/Desktop/Projects/Developments/DNA-Web/DNA-Frontend/vendor/laravel/framework/src/Illuminate/Http/Middleware/HandleCors.php(61): Illuminate\\Pipeline\\Pipeline->{closure:{closure:Illuminate\\Pipeline\\Pipeline::carry():194}:195}(Object(Illuminate\\Http\\Request))
#44 /Users/macbookshop/Desktop/Projects/Developments/DNA-Web/DNA-Frontend/vendor/laravel/framework/src/Illuminate/Pipeline/Pipeline.php(219): Illuminate\\Http\\Middleware\\HandleCors->handle(Object(Illuminate\\Http\\Request), Object(Closure))
#45 /Users/macbookshop/Desktop/Projects/Developments/DNA-Web/DNA-Frontend/vendor/laravel/framework/src/Illuminate/Http/Middleware/TrustProxies.php(58): Illuminate\\Pipeline\\Pipeline->{closure:{closure:Illuminate\\Pipeline\\Pipeline::carry():194}:195}(Object(Illuminate\\Http\\Request))
#46 /Users/macbookshop/Desktop/Projects/Developments/DNA-Web/DNA-Frontend/vendor/laravel/framework/src/Illuminate/Pipeline/Pipeline.php(219): Illuminate\\Http\\Middleware\\TrustProxies->handle(Object(Illuminate\\Http\\Request), Object(Closure))
#47 /Users/macbookshop/Desktop/Projects/Developments/DNA-Web/DNA-Frontend/vendor/laravel/framework/src/Illuminate/Foundation/Http/Middleware/InvokeDeferredCallbacks.php(22): Illuminate\\Pipeline\\Pipeline->{closure:{closure:Illuminate\\Pipeline\\Pipeline::carry():194}:195}(Object(Illuminate\\Http\\Request))
#48 /Users/macbookshop/Desktop/Projects/Developments/DNA-Web/DNA-Frontend/vendor/laravel/framework/src/Illuminate/Pipeline/Pipeline.php(219): Illuminate\\Foundation\\Http\\Middleware\\InvokeDeferredCallbacks->handle(Object(Illuminate\\Http\\Request), Object(Closure))
#49 /Users/macbookshop/Desktop/Projects/Developments/DNA-Web/DNA-Frontend/vendor/laravel/framework/src/Illuminate/Http/Middleware/ValidatePathEncoding.php(28): Illuminate\\Pipeline\\Pipeline->{closure:{closure:Illuminate\\Pipeline\\Pipeline::carry():194}:195}(Object(Illuminate\\Http\\Request))
#50 /Users/macbookshop/Desktop/Projects/Developments/DNA-Web/DNA-Frontend/vendor/laravel/framework/src/Illuminate/Pipeline/Pipeline.php(219): Illuminate\\Http\\Middleware\\ValidatePathEncoding->handle(Object(Illuminate\\Http\\Request), Object(Closure))
#51 /Users/macbookshop/Desktop/Projects/Developments/DNA-Web/DNA-Frontend/vendor/laravel/framework/src/Illuminate/Pipeline/Pipeline.php(137): Illuminate\\Pipeline\\Pipeline->{closure:{closure:Illuminate\\Pipeline\\Pipeline::carry():194}:195}(Object(Illuminate\\Http\\Request))
#52 /Users/macbookshop/Desktop/Projects/Developments/DNA-Web/DNA-Frontend/vendor/laravel/framework/src/Illuminate/Foundation/Http/Kernel.php(175): Illuminate\\Pipeline\\Pipeline->then(Object(Closure))
#53 /Users/macbookshop/Desktop/Projects/Developments/DNA-Web/DNA-Frontend/vendor/laravel/framework/src/Illuminate/Foundation/Http/Kernel.php(144): Illuminate\\Foundation\\Http\\Kernel->sendRequestThroughRouter(Object(Illuminate\\Http\\Request))
#54 /Users/macbookshop/Desktop/Projects/Developments/DNA-Web/DNA-Frontend/vendor/laravel/framework/src/Illuminate/Foundation/Testing/Concerns/MakesHttpRequests.php(638): Illuminate\\Foundation\\Http\\Kernel->handle(Object(Illuminate\\Http\\Request))
#55 /Users/macbookshop/Desktop/Projects/Developments/DNA-Web/DNA-Frontend/vendor/laravel/framework/src/Illuminate/Foundation/Testing/Concerns/MakesHttpRequests.php(368): Illuminate\\Foundation\\Testing\\TestCase->call('GET', '/ku/result/2ddf...', Array, Array, Array, Array)
#56 /Users/macbookshop/Desktop/Projects/Developments/DNA-Web/DNA-Frontend/tests/Feature/AnalysisTest.php(202): Illuminate\\Foundation\\Testing\\TestCase->get('/ku/result/2ddf...')
#57 /Users/macbookshop/Desktop/Projects/Developments/DNA-Web/DNA-Frontend/vendor/phpunit/phpunit/src/Framework/TestCase.php(1318): Tests\\Feature\\AnalysisTest->test_an_expired_result_id_returns_a_translated_404()
#58 /Users/macbookshop/Desktop/Projects/Developments/DNA-Web/DNA-Frontend/vendor/phpunit/phpunit/src/Framework/TestCase.php(1355): PHPUnit\\Framework\\TestCase->invokeTestMethod('test_an_expired...', Array)
#59 /Users/macbookshop/Desktop/Projects/Developments/DNA-Web/DNA-Frontend/vendor/phpunit/phpunit/src/Framework/TestCase.php(521): PHPUnit\\Framework\\TestCase->runTest()
#60 /Users/macbookshop/Desktop/Projects/Developments/DNA-Web/DNA-Frontend/vendor/phpunit/phpunit/src/Framework/TestRunner/TestRunner.php(99): PHPUnit\\Framework\\TestCase->runBare()
#61 /Users/macbookshop/Desktop/Projects/Developments/DNA-Web/DNA-Frontend/vendor/phpunit/phpunit/src/Framework/TestCase.php(361): PHPUnit\\Framework\\TestRunner->run(Object(Tests\\Feature\\AnalysisTest))
#62 /Users/macbookshop/Desktop/Projects/Developments/DNA-Web/DNA-Frontend/vendor/phpunit/phpunit/src/Framework/TestSuite.php(374): PHPUnit\\Framework\\TestCase->run()
#63 /Users/macbookshop/Desktop/Projects/Developments/DNA-Web/DNA-Frontend/vendor/phpunit/phpunit/src/Framework/TestSuite.php(374): PHPUnit\\Framework\\TestSuite->run()
#64 /Users/macbookshop/Desktop/Projects/Developments/DNA-Web/DNA-Frontend/vendor/phpunit/phpunit/src/Framework/TestSuite.php(374): PHPUnit\\Framework\\TestSuite->run()
#65 /Users/macbookshop/Desktop/Projects/Developments/DNA-Web/DNA-Frontend/vendor/phpunit/phpunit/src/TextUI/TestRunner.php(64): PHPUnit\\Framework\\TestSuite->run()
#66 /Users/macbookshop/Desktop/Projects/Developments/DNA-Web/DNA-Frontend/vendor/phpunit/phpunit/src/TextUI/Application.php(229): PHPUnit\\TextUI\\TestRunner->run(Object(PHPUnit\\TextUI\\Configuration\\Configuration), Object(PHPUnit\\Runner\\ResultCache\\DefaultResultCache), Object(PHPUnit\\Framework\\TestSuite))
#67 /Users/macbookshop/Desktop/Projects/Developments/DNA-Web/DNA-Frontend/vendor/phpunit/phpunit/phpunit(104): PHPUnit\\TextUI\\Application->run(Array)
#68 {main}

[previous exception] [object] (Illuminate\\View\\ViewException(code: 0): Missing required parameter for [Route: analysis.index] [URI: {locale}] [Missing parameter: locale]. (View: /Users/macbookshop/Desktop/Projects/Developments/DNA-Web/DNA-Frontend/resources/views/layouts/app.blade.php) at /Users/macbookshop/Desktop/Projects/Developments/DNA-Web/DNA-Frontend/vendor/laravel/framework/src/Illuminate/Routing/Exceptions/UrlGenerationException.php:35)
[stacktrace]
#0 /Users/macbookshop/Desktop/Projects/Developments/DNA-Web/DNA-Frontend/vendor/laravel/framework/src/Illuminate/View/Engines/PhpEngine.php(59): Illuminate\\View\\Engines\\CompilerEngine->handleViewException(Object(Illuminate\\Routing\\Exceptions\\UrlGenerationException), 2)
#1 /Users/macbookshop/Desktop/Projects/Developments/DNA-Web/DNA-Frontend/vendor/laravel/framework/src/Illuminate/View/Engines/CompilerEngine.php(76): Illuminate\\View\\Engines\\PhpEngine->evaluatePath('/Users/macbooks...', Array)
#2 /Users/macbookshop/Desktop/Projects/Developments/DNA-Web/DNA-Frontend/vendor/laravel/framework/src/Illuminate/View/View.php(208): Illuminate\\View\\Engines\\CompilerEngine->get('/Users/macbooks...', Array)
#3 /Users/macbookshop/Desktop/Projects/Developments/DNA-Web/DNA-Frontend/vendor/laravel/framework/src/Illuminate/View/View.php(191): Illuminate\\View\\View->getContents()
#4 /Users/macbookshop/Desktop/Projects/Developments/DNA-Web/DNA-Frontend/vendor/laravel/framework/src/Illuminate/View/View.php(160): Illuminate\\View\\View->renderContents()
#5 /Users/macbookshop/Desktop/Projects/Developments/DNA-Web/DNA-Frontend/storage/framework/views/f058fb6fd3ae58a3027bb36a27ff1ec0.php(15): Illuminate\\View\\View->render()
#6 /Users/macbookshop/Desktop/Projects/Developments/DNA-Web/DNA-Frontend/vendor/laravel/framework/src/Illuminate/Filesystem/Filesystem.php(123): require('/Users/macbooks...')
#7 /Users/macbookshop/Desktop/Projects/Developments/DNA-Web/DNA-Frontend/vendor/laravel/framework/src/Illuminate/Filesystem/Filesystem.php(124): Illuminate\\Filesystem\\Filesystem::{closure:Illuminate\\Filesystem\\Filesystem::getRequire():120}()
#8 /Users/macbookshop/Desktop/Projects/Developments/DNA-Web/DNA-Frontend/vendor/laravel/framework/src/Illuminate/View/Engines/PhpEngine.php(57): Illuminate\\Filesystem\\Filesystem->getRequire('/Users/macbooks...', Array)
#9 /Users/macbookshop/Desktop/Projects/Developments/DNA-Web/DNA-Frontend/vendor/laravel/framework/src/Illuminate/View/Engines/CompilerEngine.php(76): Illuminate\\View\\Engines\\PhpEngine->evaluatePath('/Users/macbooks...', Array)
#10 /Users/macbookshop/Desktop/Projects/Developments/DNA-Web/DNA-Frontend/vendor/laravel/framework/src/Illuminate/View/View.php(208): Illuminate\\View\\Engines\\CompilerEngine->get('/Users/macbooks...', Array)
#11 /Users/macbookshop/Desktop/Projects/Developments/DNA-Web/DNA-Frontend/vendor/laravel/framework/src/Illuminate/View/View.php(191): Illuminate\\View\\View->getContents()
#12 /Users/macbookshop/Desktop/Projects/Developments/DNA-Web/DNA-Frontend/vendor/laravel/framework/src/Illuminate/View/View.php(160): Illuminate\\View\\View->renderContents()
#13 /Users/macbookshop/Desktop/Projects/Developments/DNA-Web/DNA-Frontend/vendor/laravel/framework/src/Illuminate/Http/Response.php(82): Illuminate\\View\\View->render()
#14 /Users/macbookshop/Desktop/Projects/Developments/DNA-Web/DNA-Frontend/vendor/laravel/framework/src/Illuminate/Http/Response.php(40): Illuminate\\Http\\Response->setContent(Object(Illuminate\\View\\View))
#15 /Users/macbookshop/Desktop/Projects/Developments/DNA-Web/DNA-Frontend/vendor/laravel/framework/src/Illuminate/Routing/ResponseFactory.php(61): Illuminate\\Http\\Response->__construct(Object(Illuminate\\View\\View), 404, Array)
#16 /Users/macbookshop/Desktop/Projects/Developments/DNA-Web/DNA-Frontend/vendor/laravel/framework/src/Illuminate/Routing/ResponseFactory.php(91): Illuminate\\Routing\\ResponseFactory->make(Object(Illuminate\\View\\View), 404, Array)
#17 /Users/macbookshop/Desktop/Projects/Developments/DNA-Web/DNA-Frontend/vendor/laravel/framework/src/Illuminate/Foundation/Exceptions/Handler.php(1031): Illuminate\\Routing\\ResponseFactory->view('errors::404', Array, 404, Array)
#18 /Users/macbookshop/Desktop/Projects/Developments/DNA-Web/DNA-Frontend/vendor/laravel/framework/src/Illuminate/Foundation/Exceptions/Handler.php(950): Illuminate\\Foundation\\Exceptions\\Handler->renderHttpException(Object(Symfony\\Component\\HttpKernel\\Exception\\NotFoundHttpException))
#19 /Users/macbookshop/Desktop/Projects/Developments/DNA-Web/DNA-Frontend/vendor/laravel/framework/src/Illuminate/Foundation/Exceptions/Handler.php(833): Illuminate\\Foundation\\Exceptions\\Handler->prepareResponse(Object(Illuminate\\Http\\Request), Object(Symfony\\Component\\HttpKernel\\Exception\\NotFoundHttpException))
#20 /Users/macbookshop/Desktop/Projects/Developments/DNA-Web/DNA-Frontend/vendor/laravel/framework/src/Illuminate/Foundation/Exceptions/Handler.php(720): Illuminate\\Foundation\\Exceptions\\Handler->renderExceptionResponse(Object(Illuminate\\Http\\Request), Object(Symfony\\Component\\HttpKernel\\Exception\\NotFoundHttpException))
#21 /Users/macbookshop/Desktop/Projects/Developments/DNA-Web/DNA-Frontend/vendor/laravel/framework/src/Illuminate/Routing/Pipeline.php(51): Illuminate\\Foundation\\Exceptions\\Handler->render(Object(Illuminate\\Http\\Request), Object(Symfony\\Component\\HttpKernel\\Exception\\NotFoundHttpException))
#22 /Users/macbookshop/Desktop/Projects/Developments/DNA-Web/DNA-Frontend/vendor/laravel/framework/src/Illuminate/Pipeline/Pipeline.php(224): Illuminate\\Routing\\Pipeline->handleException(Object(Illuminate\\Http\\Request), Object(Illuminate\\Database\\Eloquent\\ModelNotFoundException))
#23 /Users/macbookshop/Desktop/Projects/Developments/DNA-Web/DNA-Frontend/vendor/laravel/framework/src/Illuminate/Foundation/Http/Middleware/PreventRequestForgery.php(104): Illuminate\\Pipeline\\Pipeline->{closure:{closure:Illuminate\\Pipeline\\Pipeline::carry():194}:195}(Object(Illuminate\\Http\\Request))
#24 /Users/macbookshop/Desktop/Projects/Developments/DNA-Web/DNA-Frontend/vendor/laravel/framework/src/Illuminate/Pipeline/Pipeline.php(219): Illuminate\\Foundation\\Http\\Middleware\\PreventRequestForgery->handle(Object(Illuminate\\Http\\Request), Object(Closure))
#25 /Users/macbookshop/Desktop/Projects/Developments/DNA-Web/DNA-Frontend/vendor/laravel/framework/src/Illuminate/View/Middleware/ShareErrorsFromSession.php(48): Illuminate\\Pipeline\\Pipeline->{closure:{closure:Illuminate\\Pipeline\\Pipeline::carry():194}:195}(Object(Illuminate\\Http\\Request))
#26 /Users/macbookshop/Desktop/Projects/Developments/DNA-Web/DNA-Frontend/vendor/laravel/framework/src/Illuminate/Pipeline/Pipeline.php(219): Illuminate\\View\\Middleware\\ShareErrorsFromSession->handle(Object(Illuminate\\Http\\Request), Object(Closure))
#27 /Users/macbookshop/Desktop/Projects/Developments/DNA-Web/DNA-Frontend/vendor/laravel/framework/src/Illuminate/Session/Middleware/StartSession.php(120): Illuminate\\Pipeline\\Pipeline->{closure:{closure:Illuminate\\Pipeline\\Pipeline::carry():194}:195}(Object(Illuminate\\Http\\Request))
#28 /Users/macbookshop/Desktop/Projects/Developments/DNA-Web/DNA-Frontend/vendor/laravel/framework/src/Illuminate/Session/Middleware/StartSession.php(63): Illuminate\\Session\\Middleware\\StartSession->handleStatefulRequest(Object(Illuminate\\Http\\Request), Object(Illuminate\\Session\\Store), Object(Closure))
#29 /Users/macbookshop/Desktop/Projects/Developments/DNA-Web/DNA-Frontend/vendor/laravel/framework/src/Illuminate/Pipeline/Pipeline.php(219): Illuminate\\Session\\Middleware\\StartSession->handle(Object(Illuminate\\Http\\Request), Object(Closure))
#30 /Users/macbookshop/Desktop/Projects/Developments/DNA-Web/DNA-Frontend/vendor/laravel/framework/src/Illuminate/Cookie/Middleware/AddQueuedCookiesToResponse.php(36): Illuminate\\Pipeline\\Pipeline->{closure:{closure:Illuminate\\Pipeline\\Pipeline::carry():194}:195}(Object(Illuminate\\Http\\Request))
#31 /Users/macbookshop/Desktop/Projects/Developments/DNA-Web/DNA-Frontend/vendor/laravel/framework/src/Illuminate/Pipeline/Pipeline.php(219): Illuminate\\Cookie\\Middleware\\AddQueuedCookiesToResponse->handle(Object(Illuminate\\Http\\Request), Object(Closure))
#32 /Users/macbookshop/Desktop/Projects/Developments/DNA-Web/DNA-Frontend/vendor/laravel/framework/src/Illuminate/Cookie/Middleware/EncryptCookies.php(74): Illuminate\\Pipeline\\Pipeline->{closure:{closure:Illuminate\\Pipeline\\Pipeline::carry():194}:195}(Object(Illuminate\\Http\\Request))
#33 /Users/macbookshop/Desktop/Projects/Developments/DNA-Web/DNA-Frontend/vendor/laravel/framework/src/Illuminate/Pipeline/Pipeline.php(219): Illuminate\\Cookie\\Middleware\\EncryptCookies->handle(Object(Illuminate\\Http\\Request), Object(Closure))
#34 /Users/macbookshop/Desktop/Projects/Developments/DNA-Web/DNA-Frontend/vendor/laravel/framework/src/Illuminate/Pipeline/Pipeline.php(137): Illuminate\\Pipeline\\Pipeline->{closure:{closure:Illuminate\\Pipeline\\Pipeline::carry():194}:195}(Object(Illuminate\\Http\\Request))
#35 /Users/macbookshop/Desktop/Projects/Developments/DNA-Web/DNA-Frontend/vendor/laravel/framework/src/Illuminate/Routing/Router.php(821): Illuminate\\Pipeline\\Pipeline->then(Object(Closure))
#36 /Users/macbookshop/Desktop/Projects/Developments/DNA-Web/DNA-Frontend/vendor/laravel/framework/src/Illuminate/Routing/Router.php(800): Illuminate\\Routing\\Router->runRouteWithinStack(Object(Illuminate\\Routing\\Route), Object(Illuminate\\Http\\Request))
#37 /Users/macbookshop/Desktop/Projects/Developments/DNA-Web/DNA-Frontend/vendor/laravel/framework/src/Illuminate/Routing/Router.php(764): Illuminate\\Routing\\Router->runRoute(Object(Illuminate\\Http\\Request), Object(Illuminate\\Routing\\Route))
#38 /Users/macbookshop/Desktop/Projects/Developments/DNA-Web/DNA-Frontend/vendor/laravel/framework/src/Illuminate/Routing/Router.php(753): Illuminate\\Routing\\Router->dispatchToRoute(Object(Illuminate\\Http\\Request))
#39 /Users/macbookshop/Desktop/Projects/Developments/DNA-Web/DNA-Frontend/vendor/laravel/framework/src/Illuminate/Foundation/Http/Kernel.php(200): Illuminate\\Routing\\Router->dispatch(Object(Illuminate\\Http\\Request))
#40 /Users/macbookshop/Desktop/Projects/Developments/DNA-Web/DNA-Frontend/vendor/laravel/framework/src/Illuminate/Pipeline/Pipeline.php(180): Illuminate\\Foundation\\Http\\Kernel->{closure:Illuminate\\Foundation\\Http\\Kernel::dispatchToRouter():197}(Object(Illuminate\\Http\\Request))
#41 /Users/macbookshop/Desktop/Projects/Developments/DNA-Web/DNA-Frontend/vendor/laravel/framework/src/Illuminate/Foundation/Http/Middleware/TransformsRequest.php(21): Illuminate\\Pipeline\\Pipeline->{closure:Illuminate\\Pipeline\\Pipeline::prepareDestination():178}(Object(Illuminate\\Http\\Request))
#42 /Users/macbookshop/Desktop/Projects/Developments/DNA-Web/DNA-Frontend/vendor/laravel/framework/src/Illuminate/Foundation/Http/Middleware/ConvertEmptyStringsToNull.php(31): Illuminate\\Foundation\\Http\\Middleware\\TransformsRequest->handle(Object(Illuminate\\Http\\Request), Object(Closure))
#43 /Users/macbookshop/Desktop/Projects/Developments/DNA-Web/DNA-Frontend/vendor/laravel/framework/src/Illuminate/Pipeline/Pipeline.php(219): Illuminate\\Foundation\\Http\\Middleware\\ConvertEmptyStringsToNull->handle(Object(Illuminate\\Http\\Request), Object(Closure))
#44 /Users/macbookshop/Desktop/Projects/Developments/DNA-Web/DNA-Frontend/vendor/laravel/framework/src/Illuminate/Foundation/Http/Middleware/TransformsRequest.php(21): Illuminate\\Pipeline\\Pipeline->{closure:{closure:Illuminate\\Pipeline\\Pipeline::carry():194}:195}(Object(Illuminate\\Http\\Request))
#45 /Users/macbookshop/Desktop/Projects/Developments/DNA-Web/DNA-Frontend/vendor/laravel/framework/src/Illuminate/Foundation/Http/Middleware/TrimStrings.php(51): Illuminate\\Foundation\\Http\\Middleware\\TransformsRequest->handle(Object(Illuminate\\Http\\Request), Object(Closure))
#46 /Users/macbookshop/Desktop/Projects/Developments/DNA-Web/DNA-Frontend/vendor/laravel/framework/src/Illuminate/Pipeline/Pipeline.php(219): Illuminate\\Foundation\\Http\\Middleware\\TrimStrings->handle(Object(Illuminate\\Http\\Request), Object(Closure))
#47 /Users/macbookshop/Desktop/Projects/Developments/DNA-Web/DNA-Frontend/vendor/laravel/framework/src/Illuminate/Http/Middleware/ValidatePostSize.php(27): Illuminate\\Pipeline\\Pipeline->{closure:{closure:Illuminate\\Pipeline\\Pipeline::carry():194}:195}(Object(Illuminate\\Http\\Request))
#48 /Users/macbookshop/Desktop/Projects/Developments/DNA-Web/DNA-Frontend/vendor/laravel/framework/src/Illuminate/Pipeline/Pipeline.php(219): Illuminate\\Http\\Middleware\\ValidatePostSize->handle(Object(Illuminate\\Http\\Request), Object(Closure))
#49 /Users/macbookshop/Desktop/Projects/Developments/DNA-Web/DNA-Frontend/vendor/laravel/framework/src/Illuminate/Foundation/Http/Middleware/PreventRequestsDuringMaintenance.php(109): Illuminate\\Pipeline\\Pipeline->{closure:{closure:Illuminate\\Pipeline\\Pipeline::carry():194}:195}(Object(Illuminate\\Http\\Request))
#50 /Users/macbookshop/Desktop/Projects/Developments/DNA-Web/DNA-Frontend/vendor/laravel/framework/src/Illuminate/Pipeline/Pipeline.php(219): Illuminate\\Foundation\\Http\\Middleware\\PreventRequestsDuringMaintenance->handle(Object(Illuminate\\Http\\Request), Object(Closure))
#51 /Users/macbookshop/Desktop/Projects/Developments/DNA-Web/DNA-Frontend/vendor/laravel/framework/src/Illuminate/Http/Middleware/HandleCors.php(61): Illuminate\\Pipeline\\Pipeline->{closure:{closure:Illuminate\\Pipeline\\Pipeline::carry():194}:195}(Object(Illuminate\\Http\\Request))
#52 /Users/macbookshop/Desktop/Projects/Developments/DNA-Web/DNA-Frontend/vendor/laravel/framework/src/Illuminate/Pipeline/Pipeline.php(219): Illuminate\\Http\\Middleware\\HandleCors->handle(Object(Illuminate\\Http\\Request), Object(Closure))
#53 /Users/macbookshop/Desktop/Projects/Developments/DNA-Web/DNA-Frontend/vendor/laravel/framework/src/Illuminate/Http/Middleware/TrustProxies.php(58): Illuminate\\Pipeline\\Pipeline->{closure:{closure:Illuminate\\Pipeline\\Pipeline::carry():194}:195}(Object(Illuminate\\Http\\Request))
#54 /Users/macbookshop/Desktop/Projects/Developments/DNA-Web/DNA-Frontend/vendor/laravel/framework/src/Illuminate/Pipeline/Pipeline.php(219): Illuminate\\Http\\Middleware\\TrustProxies->handle(Object(Illuminate\\Http\\Request), Object(Closure))
#55 /Users/macbookshop/Desktop/Projects/Developments/DNA-Web/DNA-Frontend/vendor/laravel/framework/src/Illuminate/Foundation/Http/Middleware/InvokeDeferredCallbacks.php(22): Illuminate\\Pipeline\\Pipeline->{closure:{closure:Illuminate\\Pipeline\\Pipeline::carry():194}:195}(Object(Illuminate\\Http\\Request))
#56 /Users/macbookshop/Desktop/Projects/Developments/DNA-Web/DNA-Frontend/vendor/laravel/framework/src/Illuminate/Pipeline/Pipeline.php(219): Illuminate\\Foundation\\Http\\Middleware\\InvokeDeferredCallbacks->handle(Object(Illuminate\\Http\\Request), Object(Closure))
#57 /Users/macbookshop/Desktop/Projects/Developments/DNA-Web/DNA-Frontend/vendor/laravel/framework/src/Illuminate/Http/Middleware/ValidatePathEncoding.php(28): Illuminate\\Pipeline\\Pipeline->{closure:{closure:Illuminate\\Pipeline\\Pipeline::carry():194}:195}(Object(Illuminate\\Http\\Request))
#58 /Users/macbookshop/Desktop/Projects/Developments/DNA-Web/DNA-Frontend/vendor/laravel/framework/src/Illuminate/Pipeline/Pipeline.php(219): Illuminate\\Http\\Middleware\\ValidatePathEncoding->handle(Object(Illuminate\\Http\\Request), Object(Closure))
#59 /Users/macbookshop/Desktop/Projects/Developments/DNA-Web/DNA-Frontend/vendor/laravel/framework/src/Illuminate/Pipeline/Pipeline.php(137): Illuminate\\Pipeline\\Pipeline->{closure:{closure:Illuminate\\Pipeline\\Pipeline::carry():194}:195}(Object(Illuminate\\Http\\Request))
#60 /Users/macbookshop/Desktop/Projects/Developments/DNA-Web/DNA-Frontend/vendor/laravel/framework/src/Illuminate/Foundation/Http/Kernel.php(175): Illuminate\\Pipeline\\Pipeline->then(Object(Closure))
#61 /Users/macbookshop/Desktop/Projects/Developments/DNA-Web/DNA-Frontend/vendor/laravel/framework/src/Illuminate/Foundation/Http/Kernel.php(144): Illuminate\\Foundation\\Http\\Kernel->sendRequestThroughRouter(Object(Illuminate\\Http\\Request))
#62 /Users/macbookshop/Desktop/Projects/Developments/DNA-Web/DNA-Frontend/vendor/laravel/framework/src/Illuminate/Foundation/Testing/Concerns/MakesHttpRequests.php(638): Illuminate\\Foundation\\Http\\Kernel->handle(Object(Illuminate\\Http\\Request))
#63 /Users/macbookshop/Desktop/Projects/Developments/DNA-Web/DNA-Frontend/vendor/laravel/framework/src/Illuminate/Foundation/Testing/Concerns/MakesHttpRequests.php(368): Illuminate\\Foundation\\Testing\\TestCase->call('GET', '/ku/result/2ddf...', Array, Array, Array, Array)
#64 /Users/macbookshop/Desktop/Projects/Developments/DNA-Web/DNA-Frontend/tests/Feature/AnalysisTest.php(202): Illuminate\\Foundation\\Testing\\TestCase->get('/ku/result/2ddf...')
#65 /Users/macbookshop/Desktop/Projects/Developments/DNA-Web/DNA-Frontend/vendor/phpunit/phpunit/src/Framework/TestCase.php(1318): Tests\\Feature\\AnalysisTest->test_an_expired_result_id_returns_a_translated_404()
#66 /Users/macbookshop/Desktop/Projects/Developments/DNA-Web/DNA-Frontend/vendor/phpunit/phpunit/src/Framework/TestCase.php(1355): PHPUnit\\Framework\\TestCase->invokeTestMethod('test_an_expired...', Array)
#67 /Users/macbookshop/Desktop/Projects/Developments/DNA-Web/DNA-Frontend/vendor/phpunit/phpunit/src/Framework/TestCase.php(521): PHPUnit\\Framework\\TestCase->runTest()
#68 /Users/macbookshop/Desktop/Projects/Developments/DNA-Web/DNA-Frontend/vendor/phpunit/phpunit/src/Framework/TestRunner/TestRunner.php(99): PHPUnit\\Framework\\TestCase->runBare()
#69 /Users/macbookshop/Desktop/Projects/Developments/DNA-Web/DNA-Frontend/vendor/phpunit/phpunit/src/Framework/TestCase.php(361): PHPUnit\\Framework\\TestRunner->run(Object(Tests\\Feature\\AnalysisTest))
#70 /Users/macbookshop/Desktop/Projects/Developments/DNA-Web/DNA-Frontend/vendor/phpunit/phpunit/src/Framework/TestSuite.php(374): PHPUnit\\Framework\\TestCase->run()
#71 /Users/macbookshop/Desktop/Projects/Developments/DNA-Web/DNA-Frontend/vendor/phpunit/phpunit/src/Framework/TestSuite.php(374): PHPUnit\\Framework\\TestSuite->run()
#72 /Users/macbookshop/Desktop/Projects/Developments/DNA-Web/DNA-Frontend/vendor/phpunit/phpunit/src/Framework/TestSuite.php(374): PHPUnit\\Framework\\TestSuite->run()
#73 /Users/macbookshop/Desktop/Projects/Developments/DNA-Web/DNA-Frontend/vendor/phpunit/phpunit/src/TextUI/TestRunner.php(64): PHPUnit\\Framework\\TestSuite->run()
#74 /Users/macbookshop/Desktop/Projects/Developments/DNA-Web/DNA-Frontend/vendor/phpunit/phpunit/src/TextUI/Application.php(229): PHPUnit\\TextUI\\TestRunner->run(Object(PHPUnit\\TextUI\\Configuration\\Configuration), Object(PHPUnit\\Runner\\ResultCache\\DefaultResultCache), Object(PHPUnit\\Framework\\TestSuite))
#75 /Users/macbookshop/Desktop/Projects/Developments/DNA-Web/DNA-Frontend/vendor/phpunit/phpunit/phpunit(104): PHPUnit\\TextUI\\Application->run(Array)
#76 {main}

[previous exception] [object] (Illuminate\\Routing\\Exceptions\\UrlGenerationException(code: 0): Missing required parameter for [Route: analysis.index] [URI: {locale}] [Missing parameter: locale]. at /Users/macbookshop/Desktop/Projects/Developments/DNA-Web/DNA-Frontend/vendor/laravel/framework/src/Illuminate/Routing/Exceptions/UrlGenerationException.php:35)
[stacktrace]
#0 /Users/macbookshop/Desktop/Projects/Developments/DNA-Web/DNA-Frontend/vendor/laravel/framework/src/Illuminate/Routing/RouteUrlGenerator.php(95): Illuminate\\Routing\\Exceptions\\UrlGenerationException::forMissingParameters(Object(Illuminate\\Routing\\Route), Array)
#1 /Users/macbookshop/Desktop/Projects/Developments/DNA-Web/DNA-Frontend/vendor/laravel/framework/src/Illuminate/Routing/UrlGenerator.php(557): Illuminate\\Routing\\RouteUrlGenerator->to(Object(Illuminate\\Routing\\Route), Array, true)
#2 /Users/macbookshop/Desktop/Projects/Developments/DNA-Web/DNA-Frontend/vendor/laravel/framework/src/Illuminate/Routing/UrlGenerator.php(534): Illuminate\\Routing\\UrlGenerator->toRoute(Object(Illuminate\\Routing\\Route), Array, true)
#3 /Users/macbookshop/Desktop/Projects/Developments/DNA-Web/DNA-Frontend/vendor/laravel/framework/src/Illuminate/Foundation/helpers.php(870): Illuminate\\Routing\\UrlGenerator->route('analysis.index', Array, true)
#4 /Users/macbookshop/Desktop/Projects/Developments/DNA-Web/DNA-Frontend/storage/framework/views/5412c5794b9520f727cb3f5abab9bc6b.php(35): route('analysis.index')
#5 /Users/macbookshop/Desktop/Projects/Developments/DNA-Web/DNA-Frontend/vendor/laravel/framework/src/Illuminate/Filesystem/Filesystem.php(123): require('/Users/macbooks...')
#6 /Users/macbookshop/Desktop/Projects/Developments/DNA-Web/DNA-Frontend/vendor/laravel/framework/src/Illuminate/Filesystem/Filesystem.php(124): Illuminate\\Filesystem\\Filesystem::{closure:Illuminate\\Filesystem\\Filesystem::getRequire():120}()
#7 /Users/macbookshop/Desktop/Projects/Developments/DNA-Web/DNA-Frontend/vendor/laravel/framework/src/Illuminate/View/Engines/PhpEngine.php(57): Illuminate\\Filesystem\\Filesystem->getRequire('/Users/macbooks...', Array)
#8 /Users/macbookshop/Desktop/Projects/Developments/DNA-Web/DNA-Frontend/vendor/laravel/framework/src/Illuminate/View/Engines/CompilerEngine.php(76): Illuminate\\View\\Engines\\PhpEngine->evaluatePath('/Users/macbooks...', Array)
#9 /Users/macbookshop/Desktop/Projects/Developments/DNA-Web/DNA-Frontend/vendor/laravel/framework/src/Illuminate/View/View.php(208): Illuminate\\View\\Engines\\CompilerEngine->get('/Users/macbooks...', Array)
#10 /Users/macbookshop/Desktop/Projects/Developments/DNA-Web/DNA-Frontend/vendor/laravel/framework/src/Illuminate/View/View.php(191): Illuminate\\View\\View->getContents()
#11 /Users/macbookshop/Desktop/Projects/Developments/DNA-Web/DNA-Frontend/vendor/laravel/framework/src/Illuminate/View/View.php(160): Illuminate\\View\\View->renderContents()
#12 /Users/macbookshop/Desktop/Projects/Developments/DNA-Web/DNA-Frontend/storage/framework/views/f058fb6fd3ae58a3027bb36a27ff1ec0.php(15): Illuminate\\View\\View->render()
#13 /Users/macbookshop/Desktop/Projects/Developments/DNA-Web/DNA-Frontend/vendor/laravel/framework/src/Illuminate/Filesystem/Filesystem.php(123): require('/Users/macbooks...')
#14 /Users/macbookshop/Desktop/Projects/Developments/DNA-Web/DNA-Frontend/vendor/laravel/framework/src/Illuminate/Filesystem/Filesystem.php(124): Illuminate\\Filesystem\\Filesystem::{closure:Illuminate\\Filesystem\\Filesystem::getRequire():120}()
#15 /Users/macbookshop/Desktop/Projects/Developments/DNA-Web/DNA-Frontend/vendor/laravel/framework/src/Illuminate/View/Engines/PhpEngine.php(57): Illuminate\\Filesystem\\Filesystem->getRequire('/Users/macbooks...', Array)
#16 /Users/macbookshop/Desktop/Projects/Developments/DNA-Web/DNA-Frontend/vendor/laravel/framework/src/Illuminate/View/Engines/CompilerEngine.php(76): Illuminate\\View\\Engines\\PhpEngine->evaluatePath('/Users/macbooks...', Array)
#17 /Users/macbookshop/Desktop/Projects/Developments/DNA-Web/DNA-Frontend/vendor/laravel/framework/src/Illuminate/View/View.php(208): Illuminate\\View\\Engines\\CompilerEngine->get('/Users/macbooks...', Array)
#18 /Users/macbookshop/Desktop/Projects/Developments/DNA-Web/DNA-Frontend/vendor/laravel/framework/src/Illuminate/View/View.php(191): Illuminate\\View\\View->getContents()
#19 /Users/macbookshop/Desktop/Projects/Developments/DNA-Web/DNA-Frontend/vendor/laravel/framework/src/Illuminate/View/View.php(160): Illuminate\\View\\View->renderContents()
#20 /Users/macbookshop/Desktop/Projects/Developments/DNA-Web/DNA-Frontend/vendor/laravel/framework/src/Illuminate/Http/Response.php(82): Illuminate\\View\\View->render()
#21 /Users/macbookshop/Desktop/Projects/Developments/DNA-Web/DNA-Frontend/vendor/laravel/framework/src/Illuminate/Http/Response.php(40): Illuminate\\Http\\Response->setContent(Object(Illuminate\\View\\View))
#22 /Users/macbookshop/Desktop/Projects/Developments/DNA-Web/DNA-Frontend/vendor/laravel/framework/src/Illuminate/Routing/ResponseFactory.php(61): Illuminate\\Http\\Response->__construct(Object(Illuminate\\View\\View), 404, Array)
#23 /Users/macbookshop/Desktop/Projects/Developments/DNA-Web/DNA-Frontend/vendor/laravel/framework/src/Illuminate/Routing/ResponseFactory.php(91): Illuminate\\Routing\\ResponseFactory->make(Object(Illuminate\\View\\View), 404, Array)
#24 /Users/macbookshop/Desktop/Projects/Developments/DNA-Web/DNA-Frontend/vendor/laravel/framework/src/Illuminate/Foundation/Exceptions/Handler.php(1031): Illuminate\\Routing\\ResponseFactory->view('errors::404', Array, 404, Array)
#25 /Users/macbookshop/Desktop/Projects/Developments/DNA-Web/DNA-Frontend/vendor/laravel/framework/src/Illuminate/Foundation/Exceptions/Handler.php(950): Illuminate\\Foundation\\Exceptions\\Handler->renderHttpException(Object(Symfony\\Component\\HttpKernel\\Exception\\NotFoundHttpException))
#26 /Users/macbookshop/Desktop/Projects/Developments/DNA-Web/DNA-Frontend/vendor/laravel/framework/src/Illuminate/Foundation/Exceptions/Handler.php(833): Illuminate\\Foundation\\Exceptions\\Handler->prepareResponse(Object(Illuminate\\Http\\Request), Object(Symfony\\Component\\HttpKernel\\Exception\\NotFoundHttpException))
#27 /Users/macbookshop/Desktop/Projects/Developments/DNA-Web/DNA-Frontend/vendor/laravel/framework/src/Illuminate/Foundation/Exceptions/Handler.php(720): Illuminate\\Foundation\\Exceptions\\Handler->renderExceptionResponse(Object(Illuminate\\Http\\Request), Object(Symfony\\Component\\HttpKernel\\Exception\\NotFoundHttpException))
#28 /Users/macbookshop/Desktop/Projects/Developments/DNA-Web/DNA-Frontend/vendor/laravel/framework/src/Illuminate/Routing/Pipeline.php(51): Illuminate\\Foundation\\Exceptions\\Handler->render(Object(Illuminate\\Http\\Request), Object(Symfony\\Component\\HttpKernel\\Exception\\NotFoundHttpException))
#29 /Users/macbookshop/Desktop/Projects/Developments/DNA-Web/DNA-Frontend/vendor/laravel/framework/src/Illuminate/Pipeline/Pipeline.php(224): Illuminate\\Routing\\Pipeline->handleException(Object(Illuminate\\Http\\Request), Object(Illuminate\\Database\\Eloquent\\ModelNotFoundException))
#30 /Users/macbookshop/Desktop/Projects/Developments/DNA-Web/DNA-Frontend/vendor/laravel/framework/src/Illuminate/Foundation/Http/Middleware/PreventRequestForgery.php(104): Illuminate\\Pipeline\\Pipeline->{closure:{closure:Illuminate\\Pipeline\\Pipeline::carry():194}:195}(Object(Illuminate\\Http\\Request))
#31 /Users/macbookshop/Desktop/Projects/Developments/DNA-Web/DNA-Frontend/vendor/laravel/framework/src/Illuminate/Pipeline/Pipeline.php(219): Illuminate\\Foundation\\Http\\Middleware\\PreventRequestForgery->handle(Object(Illuminate\\Http\\Request), Object(Closure))
#32 /Users/macbookshop/Desktop/Projects/Developments/DNA-Web/DNA-Frontend/vendor/laravel/framework/src/Illuminate/View/Middleware/ShareErrorsFromSession.php(48): Illuminate\\Pipeline\\Pipeline->{closure:{closure:Illuminate\\Pipeline\\Pipeline::carry():194}:195}(Object(Illuminate\\Http\\Request))
#33 /Users/macbookshop/Desktop/Projects/Developments/DNA-Web/DNA-Frontend/vendor/laravel/framework/src/Illuminate/Pipeline/Pipeline.php(219): Illuminate\\View\\Middleware\\ShareErrorsFromSession->handle(Object(Illuminate\\Http\\Request), Object(Closure))
#34 /Users/macbookshop/Desktop/Projects/Developments/DNA-Web/DNA-Frontend/vendor/laravel/framework/src/Illuminate/Session/Middleware/StartSession.php(120): Illuminate\\Pipeline\\Pipeline->{closure:{closure:Illuminate\\Pipeline\\Pipeline::carry():194}:195}(Object(Illuminate\\Http\\Request))
#35 /Users/macbookshop/Desktop/Projects/Developments/DNA-Web/DNA-Frontend/vendor/laravel/framework/src/Illuminate/Session/Middleware/StartSession.php(63): Illuminate\\Session\\Middleware\\StartSession->handleStatefulRequest(Object(Illuminate\\Http\\Request), Object(Illuminate\\Session\\Store), Object(Closure))
#36 /Users/macbookshop/Desktop/Projects/Developments/DNA-Web/DNA-Frontend/vendor/laravel/framework/src/Illuminate/Pipeline/Pipeline.php(219): Illuminate\\Session\\Middleware\\StartSession->handle(Object(Illuminate\\Http\\Request), Object(Closure))
#37 /Users/macbookshop/Desktop/Projects/Developments/DNA-Web/DNA-Frontend/vendor/laravel/framework/src/Illuminate/Cookie/Middleware/AddQueuedCookiesToResponse.php(36): Illuminate\\Pipeline\\Pipeline->{closure:{closure:Illuminate\\Pipeline\\Pipeline::carry():194}:195}(Object(Illuminate\\Http\\Request))
#38 /Users/macbookshop/Desktop/Projects/Developments/DNA-Web/DNA-Frontend/vendor/laravel/framework/src/Illuminate/Pipeline/Pipeline.php(219): Illuminate\\Cookie\\Middleware\\AddQueuedCookiesToResponse->handle(Object(Illuminate\\Http\\Request), Object(Closure))
#39 /Users/macbookshop/Desktop/Projects/Developments/DNA-Web/DNA-Frontend/vendor/laravel/framework/src/Illuminate/Cookie/Middleware/EncryptCookies.php(74): Illuminate\\Pipeline\\Pipeline->{closure:{closure:Illuminate\\Pipeline\\Pipeline::carry():194}:195}(Object(Illuminate\\Http\\Request))
#40 /Users/macbookshop/Desktop/Projects/Developments/DNA-Web/DNA-Frontend/vendor/laravel/framework/src/Illuminate/Pipeline/Pipeline.php(219): Illuminate\\Cookie\\Middleware\\EncryptCookies->handle(Object(Illuminate\\Http\\Request), Object(Closure))
#41 /Users/macbookshop/Desktop/Projects/Developments/DNA-Web/DNA-Frontend/vendor/laravel/framework/src/Illuminate/Pipeline/Pipeline.php(137): Illuminate\\Pipeline\\Pipeline->{closure:{closure:Illuminate\\Pipeline\\Pipeline::carry():194}:195}(Object(Illuminate\\Http\\Request))
#42 /Users/macbookshop/Desktop/Projects/Developments/DNA-Web/DNA-Frontend/vendor/laravel/framework/src/Illuminate/Routing/Router.php(821): Illuminate\\Pipeline\\Pipeline->then(Object(Closure))
#43 /Users/macbookshop/Desktop/Projects/Developments/DNA-Web/DNA-Frontend/vendor/laravel/framework/src/Illuminate/Routing/Router.php(800): Illuminate\\Routing\\Router->runRouteWithinStack(Object(Illuminate\\Routing\\Route), Object(Illuminate\\Http\\Request))
#44 /Users/macbookshop/Desktop/Projects/Developments/DNA-Web/DNA-Frontend/vendor/laravel/framework/src/Illuminate/Routing/Router.php(764): Illuminate\\Routing\\Router->runRoute(Object(Illuminate\\Http\\Request), Object(Illuminate\\Routing\\Route))
#45 /Users/macbookshop/Desktop/Projects/Developments/DNA-Web/DNA-Frontend/vendor/laravel/framework/src/Illuminate/Routing/Router.php(753): Illuminate\\Routing\\Router->dispatchToRoute(Object(Illuminate\\Http\\Request))
#46 /Users/macbookshop/Desktop/Projects/Developments/DNA-Web/DNA-Frontend/vendor/laravel/framework/src/Illuminate/Foundation/Http/Kernel.php(200): Illuminate\\Routing\\Router->dispatch(Object(Illuminate\\Http\\Request))
#47 /Users/macbookshop/Desktop/Projects/Developments/DNA-Web/DNA-Frontend/vendor/laravel/framework/src/Illuminate/Pipeline/Pipeline.php(180): Illuminate\\Foundation\\Http\\Kernel->{closure:Illuminate\\Foundation\\Http\\Kernel::dispatchToRouter():197}(Object(Illuminate\\Http\\Request))
#48 /Users/macbookshop/Desktop/Projects/Developments/DNA-Web/DNA-Frontend/vendor/laravel/framework/src/Illuminate/Foundation/Http/Middleware/TransformsRequest.php(21): Illuminate\\Pipeline\\Pipeline->{closure:Illuminate\\Pipeline\\Pipeline::prepareDestination():178}(Object(Illuminate\\Http\\Request))
#49 /Users/macbookshop/Desktop/Projects/Developments/DNA-Web/DNA-Frontend/vendor/laravel/framework/src/Illuminate/Foundation/Http/Middleware/ConvertEmptyStringsToNull.php(31): Illuminate\\Foundation\\Http\\Middleware\\TransformsRequest->handle(Object(Illuminate\\Http\\Request), Object(Closure))
#50 /Users/macbookshop/Desktop/Projects/Developments/DNA-Web/DNA-Frontend/vendor/laravel/framework/src/Illuminate/Pipeline/Pipeline.php(219): Illuminate\\Foundation\\Http\\Middleware\\ConvertEmptyStringsToNull->handle(Object(Illuminate\\Http\\Request), Object(Closure))
#51 /Users/macbookshop/Desktop/Projects/Developments/DNA-Web/DNA-Frontend/vendor/laravel/framework/src/Illuminate/Foundation/Http/Middleware/TransformsRequest.php(21): Illuminate\\Pipeline\\Pipeline->{closure:{closure:Illuminate\\Pipeline\\Pipeline::carry():194}:195}(Object(Illuminate\\Http\\Request))
#52 /Users/macbookshop/Desktop/Projects/Developments/DNA-Web/DNA-Frontend/vendor/laravel/framework/src/Illuminate/Foundation/Http/Middleware/TrimStrings.php(51): Illuminate\\Foundation\\Http\\Middleware\\TransformsRequest->handle(Object(Illuminate\\Http\\Request), Object(Closure))
#53 /Users/macbookshop/Desktop/Projects/Developments/DNA-Web/DNA-Frontend/vendor/laravel/framework/src/Illuminate/Pipeline/Pipeline.php(219): Illuminate\\Foundation\\Http\\Middleware\\TrimStrings->handle(Object(Illuminate\\Http\\Request), Object(Closure))
#54 /Users/macbookshop/Desktop/Projects/Developments/DNA-Web/DNA-Frontend/vendor/laravel/framework/src/Illuminate/Http/Middleware/ValidatePostSize.php(27): Illuminate\\Pipeline\\Pipeline->{closure:{closure:Illuminate\\Pipeline\\Pipeline::carry():194}:195}(Object(Illuminate\\Http\\Request))
#55 /Users/macbookshop/Desktop/Projects/Developments/DNA-Web/DNA-Frontend/vendor/laravel/framework/src/Illuminate/Pipeline/Pipeline.php(219): Illuminate\\Http\\Middleware\\ValidatePostSize->handle(Object(Illuminate\\Http\\Request), Object(Closure))
#56 /Users/macbookshop/Desktop/Projects/Developments/DNA-Web/DNA-Frontend/vendor/laravel/framework/src/Illuminate/Foundation/Http/Middleware/PreventRequestsDuringMaintenance.php(109): Illuminate\\Pipeline\\Pipeline->{closure:{closure:Illuminate\\Pipeline\\Pipeline::carry():194}:195}(Object(Illuminate\\Http\\Request))
#57 /Users/macbookshop/Desktop/Projects/Developments/DNA-Web/DNA-Frontend/vendor/laravel/framework/src/Illuminate/Pipeline/Pipeline.php(219): Illuminate\\Foundation\\Http\\Middleware\\PreventRequestsDuringMaintenance->handle(Object(Illuminate\\Http\\Request), Object(Closure))
#58 /Users/macbookshop/Desktop/Projects/Developments/DNA-Web/DNA-Frontend/vendor/laravel/framework/src/Illuminate/Http/Middleware/HandleCors.php(61): Illuminate\\Pipeline\\Pipeline->{closure:{closure:Illuminate\\Pipeline\\Pipeline::carry():194}:195}(Object(Illuminate\\Http\\Request))
#59 /Users/macbookshop/Desktop/Projects/Developments/DNA-Web/DNA-Frontend/vendor/laravel/framework/src/Illuminate/Pipeline/Pipeline.php(219): Illuminate\\Http\\Middleware\\HandleCors->handle(Object(Illuminate\\Http\\Request), Object(Closure))
#60 /Users/macbookshop/Desktop/Projects/Developments/DNA-Web/DNA-Frontend/vendor/laravel/framework/src/Illuminate/Http/Middleware/TrustProxies.php(58): Illuminate\\Pipeline\\Pipeline->{closure:{closure:Illuminate\\Pipeline\\Pipeline::carry():194}:195}(Object(Illuminate\\Http\\Request))
#61 /Users/macbookshop/Desktop/Projects/Developments/DNA-Web/DNA-Frontend/vendor/laravel/framework/src/Illuminate/Pipeline/Pipeline.php(219): Illuminate\\Http\\Middleware\\TrustProxies->handle(Object(Illuminate\\Http\\Request), Object(Closure))
#62 /Users/macbookshop/Desktop/Projects/Developments/DNA-Web/DNA-Frontend/vendor/laravel/framework/src/Illuminate/Foundation/Http/Middleware/InvokeDeferredCallbacks.php(22): Illuminate\\Pipeline\\Pipeline->{closure:{closure:Illuminate\\Pipeline\\Pipeline::carry():194}:195}(Object(Illuminate\\Http\\Request))
#63 /Users/macbookshop/Desktop/Projects/Developments/DNA-Web/DNA-Frontend/vendor/laravel/framework/src/Illuminate/Pipeline/Pipeline.php(219): Illuminate\\Foundation\\Http\\Middleware\\InvokeDeferredCallbacks->handle(Object(Illuminate\\Http\\Request), Object(Closure))
#64 /Users/macbookshop/Desktop/Projects/Developments/DNA-Web/DNA-Frontend/vendor/laravel/framework/src/Illuminate/Http/Middleware/ValidatePathEncoding.php(28): Illuminate\\Pipeline\\Pipeline->{closure:{closure:Illuminate\\Pipeline\\Pipeline::carry():194}:195}(Object(Illuminate\\Http\\Request))
#65 /Users/macbookshop/Desktop/Projects/Developments/DNA-Web/DNA-Frontend/vendor/laravel/framework/src/Illuminate/Pipeline/Pipeline.php(219): Illuminate\\Http\\Middleware\\ValidatePathEncoding->handle(Object(Illuminate\\Http\\Request), Object(Closure))
#66 /Users/macbookshop/Desktop/Projects/Developments/DNA-Web/DNA-Frontend/vendor/laravel/framework/src/Illuminate/Pipeline/Pipeline.php(137): Illuminate\\Pipeline\\Pipeline->{closure:{closure:Illuminate\\Pipeline\\Pipeline::carry():194}:195}(Object(Illuminate\\Http\\Request))
#67 /Users/macbookshop/Desktop/Projects/Developments/DNA-Web/DNA-Frontend/vendor/laravel/framework/src/Illuminate/Foundation/Http/Kernel.php(175): Illuminate\\Pipeline\\Pipeline->then(Object(Closure))
#68 /Users/macbookshop/Desktop/Projects/Developments/DNA-Web/DNA-Frontend/vendor/laravel/framework/src/Illuminate/Foundation/Http/Kernel.php(144): Illuminate\\Foundation\\Http\\Kernel->sendRequestThroughRouter(Object(Illuminate\\Http\\Request))
#69 /Users/macbookshop/Desktop/Projects/Developments/DNA-Web/DNA-Frontend/vendor/laravel/framework/src/Illuminate/Foundation/Testing/Concerns/MakesHttpRequests.php(638): Illuminate\\Foundation\\Http\\Kernel->handle(Object(Illuminate\\Http\\Request))
#70 /Users/macbookshop/Desktop/Projects/Developments/DNA-Web/DNA-Frontend/vendor/laravel/framework/src/Illuminate/Foundation/Testing/Concerns/MakesHttpRequests.php(368): Illuminate\\Foundation\\Testing\\TestCase->call('GET', '/ku/result/2ddf...', Array, Array, Array, Array)
#71 /Users/macbookshop/Desktop/Projects/Developments/DNA-Web/DNA-Frontend/tests/Feature/AnalysisTest.php(202): Illuminate\\Foundation\\Testing\\TestCase->get('/ku/result/2ddf...')
#72 /Users/macbookshop/Desktop/Projects/Developments/DNA-Web/DNA-Frontend/vendor/phpunit/phpunit/src/Framework/TestCase.php(1318): Tests\\Feature\\AnalysisTest->test_an_expired_result_id_returns_a_translated_404()
#73 /Users/macbookshop/Desktop/Projects/Developments/DNA-Web/DNA-Frontend/vendor/phpunit/phpunit/src/Framework/TestCase.php(1355): PHPUnit\\Framework\\TestCase->invokeTestMethod('test_an_expired...', Array)
#74 /Users/macbookshop/Desktop/Projects/Developments/DNA-Web/DNA-Frontend/vendor/phpunit/phpunit/src/Framework/TestCase.php(521): PHPUnit\\Framework\\TestCase->runTest()
#75 /Users/macbookshop/Desktop/Projects/Developments/DNA-Web/DNA-Frontend/vendor/phpunit/phpunit/src/Framework/TestRunner/TestRunner.php(99): PHPUnit\\Framework\\TestCase->runBare()
#76 /Users/macbookshop/Desktop/Projects/Developments/DNA-Web/DNA-Frontend/vendor/phpunit/phpunit/src/Framework/TestCase.php(361): PHPUnit\\Framework\\TestRunner->run(Object(Tests\\Feature\\AnalysisTest))
#77 /Users/macbookshop/Desktop/Projects/Developments/DNA-Web/DNA-Frontend/vendor/phpunit/phpunit/src/Framework/TestSuite.php(374): PHPUnit\\Framework\\TestCase->run()
#78 /Users/macbookshop/Desktop/Projects/Developments/DNA-Web/DNA-Frontend/vendor/phpunit/phpunit/src/Framework/TestSuite.php(374): PHPUnit\\Framework\\TestSuite->run()
#79 /Users/macbookshop/Desktop/Projects/Developments/DNA-Web/DNA-Frontend/vendor/phpunit/phpunit/src/Framework/TestSuite.php(374): PHPUnit\\Framework\\TestSuite->run()
#80 /Users/macbookshop/Desktop/Projects/Developments/DNA-Web/DNA-Frontend/vendor/phpunit/phpunit/src/TextUI/TestRunner.php(64): PHPUnit\\Framework\\TestSuite->run()
#81 /Users/macbookshop/Desktop/Projects/Developments/DNA-Web/DNA-Frontend/vendor/phpunit/phpunit/src/TextUI/Application.php(229): PHPUnit\\TextUI\\TestRunner->run(Object(PHPUnit\\TextUI\\Configuration\\Configuration), Object(PHPUnit\\Runner\\ResultCache\\DefaultResultCache), Object(PHPUnit\\Framework\\TestSuite))
#82 /Users/macbookshop/Desktop/Projects/Developments/DNA-Web/DNA-Frontend/vendor/phpunit/phpunit/phpunit(104): PHPUnit\\TextUI\\Application->run(Array)
#83 {main}
"} 
[2026-08-11 22:47:24] testing.ERROR: Compiler backend unreachable {"request_id":"ce116bb6-344a-4b64-b334-d7c197ec9076","message":"down"} 
[2026-08-11 22:47:24] testing.ERROR: Missing required parameter for [Route: analysis.index] [URI: {locale}] [Missing parameter: locale]. (View: /Users/macbookshop/Desktop/Projects/Developments/DNA-Web/DNA-Frontend/resources/views/layouts/app.blade.php) (View: /Users/macbookshop/Desktop/Projects/Developments/DNA-Web/DNA-Frontend/resources/views/layouts/app.blade.php) {"exception":"[object] (Illuminate\\View\\ViewException(code: 0): Missing required parameter for [Route: analysis.index] [URI: {locale}] [Missing parameter: locale]. (View: /Users/macbookshop/Desktop/Projects/Developments/DNA-Web/DNA-Frontend/resources/views/layouts/app.blade.php) (View: /Users/macbookshop/Desktop/Projects/Developments/DNA-Web/DNA-Frontend/resources/views/layouts/app.blade.php) at /Users/macbookshop/Desktop/Projects/Developments/DNA-Web/DNA-Frontend/vendor/laravel/framework/src/Illuminate/Routing/Exceptions/UrlGenerationException.php:35)
[stacktrace]
#0 /Users/macbookshop/Desktop/Projects/Developments/DNA-Web/DNA-Frontend/vendor/laravel/framework/src/Illuminate/View/Engines/PhpEngine.php(59): Illuminate\\View\\Engines\\CompilerEngine->handleViewException(Object(Illuminate\\View\\ViewException), 1)
#1 /Users/macbookshop/Desktop/Projects/Developments/DNA-Web/DNA-Frontend/vendor/laravel/framework/src/Illuminate/View/Engines/CompilerEngine.php(76): Illuminate\\View\\Engines\\PhpEngine->evaluatePath('/Users/macbooks...', Array)
#2 /Users/macbookshop/Desktop/Projects/Developments/DNA-Web/DNA-Frontend/vendor/laravel/framework/src/Illuminate/View/View.php(208): Illuminate\\View\\Engines\\CompilerEngine->get('/Users/macbooks...', Array)
#3 /Users/macbookshop/Desktop/Projects/Developments/DNA-Web/DNA-Frontend/vendor/laravel/framework/src/Illuminate/View/View.php(191): Illuminate\\View\\View->getContents()
#4 /Users/macbookshop/Desktop/Projects/Developments/DNA-Web/DNA-Frontend/vendor/laravel/framework/src/Illuminate/View/View.php(160): Illuminate\\View\\View->renderContents()
#5 /Users/macbookshop/Desktop/Projects/Developments/DNA-Web/DNA-Frontend/vendor/laravel/framework/src/Illuminate/Http/Response.php(82): Illuminate\\View\\View->render()
#6 /Users/macbookshop/Desktop/Projects/Developments/DNA-Web/DNA-Frontend/vendor/laravel/framework/src/Illuminate/Http/Response.php(40): Illuminate\\Http\\Response->setContent(Object(Illuminate\\View\\View))
#7 /Users/macbookshop/Desktop/Projects/Developments/DNA-Web/DNA-Frontend/vendor/laravel/framework/src/Illuminate/Routing/ResponseFactory.php(61): Illuminate\\Http\\Response->__construct(Object(Illuminate\\View\\View), 404, Array)
#8 /Users/macbookshop/Desktop/Projects/Developments/DNA-Web/DNA-Frontend/vendor/laravel/framework/src/Illuminate/Routing/ResponseFactory.php(91): Illuminate\\Routing\\ResponseFactory->make(Object(Illuminate\\View\\View), 404, Array)
#9 /Users/macbookshop/Desktop/Projects/Developments/DNA-Web/DNA-Frontend/vendor/laravel/framework/src/Illuminate/Foundation/Exceptions/Handler.php(1031): Illuminate\\Routing\\ResponseFactory->view('errors::404', Array, 404, Array)
#10 /Users/macbookshop/Desktop/Projects/Developments/DNA-Web/DNA-Frontend/vendor/laravel/framework/src/Illuminate/Foundation/Exceptions/Handler.php(950): Illuminate\\Foundation\\Exceptions\\Handler->renderHttpException(Object(Symfony\\Component\\HttpKernel\\Exception\\NotFoundHttpException))
#11 /Users/macbookshop/Desktop/Projects/Developments/DNA-Web/DNA-Frontend/vendor/laravel/framework/src/Illuminate/Foundation/Exceptions/Handler.php(833): Illuminate\\Foundation\\Exceptions\\Handler->prepareResponse(Object(Illuminate\\Http\\Request), Object(Symfony\\Component\\HttpKernel\\Exception\\NotFoundHttpException))
#12 /Users/macbookshop/Desktop/Projects/Developments/DNA-Web/DNA-Frontend/vendor/laravel/framework/src/Illuminate/Foundation/Exceptions/Handler.php(720): Illuminate\\Foundation\\Exceptions\\Handler->renderExceptionResponse(Object(Illuminate\\Http\\Request), Object(Symfony\\Component\\HttpKernel\\Exception\\NotFoundHttpException))
#13 /Users/macbookshop/Desktop/Projects/Developments/DNA-Web/DNA-Frontend/vendor/laravel/framework/src/Illuminate/Routing/Pipeline.php(51): Illuminate\\Foundation\\Exceptions\\Handler->render(Object(Illuminate\\Http\\Request), Object(Symfony\\Component\\HttpKernel\\Exception\\NotFoundHttpException))
#14 /Users/macbookshop/Desktop/Projects/Developments/DNA-Web/DNA-Frontend/vendor/laravel/framework/src/Illuminate/Pipeline/Pipeline.php(182): Illuminate\\Routing\\Pipeline->handleException(Object(Illuminate\\Http\\Request), Object(Symfony\\Component\\HttpKernel\\Exception\\NotFoundHttpException))
#15 /Users/macbookshop/Desktop/Projects/Developments/DNA-Web/DNA-Frontend/vendor/laravel/framework/src/Illuminate/Foundation/Http/Middleware/TransformsRequest.php(21): Illuminate\\Pipeline\\Pipeline->{closure:Illuminate\\Pipeline\\Pipeline::prepareDestination():178}(Object(Illuminate\\Http\\Request))
#16 /Users/macbookshop/Desktop/Projects/Developments/DNA-Web/DNA-Frontend/vendor/laravel/framework/src/Illuminate/Foundation/Http/Middleware/ConvertEmptyStringsToNull.php(31): Illuminate\\Foundation\\Http\\Middleware\\TransformsRequest->handle(Object(Illuminate\\Http\\Request), Object(Closure))
#17 /Users/macbookshop/Desktop/Projects/Developments/DNA-Web/DNA-Frontend/vendor/laravel/framework/src/Illuminate/Pipeline/Pipeline.php(219): Illuminate\\Foundation\\Http\\Middleware\\ConvertEmptyStringsToNull->handle(Object(Illuminate\\Http\\Request), Object(Closure))
#18 /Users/macbookshop/Desktop/Projects/Developments/DNA-Web/DNA-Frontend/vendor/laravel/framework/src/Illuminate/Foundation/Http/Middleware/TransformsRequest.php(21): Illuminate\\Pipeline\\Pipeline->{closure:{closure:Illuminate\\Pipeline\\Pipeline::carry():194}:195}(Object(Illuminate\\Http\\Request))
#19 /Users/macbookshop/Desktop/Projects/Developments/DNA-Web/DNA-Frontend/vendor/laravel/framework/src/Illuminate/Foundation/Http/Middleware/TrimStrings.php(51): Illuminate\\Foundation\\Http\\Middleware\\TransformsRequest->handle(Object(Illuminate\\Http\\Request), Object(Closure))
#20 /Users/macbookshop/Desktop/Projects/Developments/DNA-Web/DNA-Frontend/vendor/laravel/framework/src/Illuminate/Pipeline/Pipeline.php(219): Illuminate\\Foundation\\Http\\Middleware\\TrimStrings->handle(Object(Illuminate\\Http\\Request), Object(Closure))
#21 /Users/macbookshop/Desktop/Projects/Developments/DNA-Web/DNA-Frontend/vendor/laravel/framework/src/Illuminate/Http/Middleware/ValidatePostSize.php(27): Illuminate\\Pipeline\\Pipeline->{closure:{closure:Illuminate\\Pipeline\\Pipeline::carry():194}:195}(Object(Illuminate\\Http\\Request))
#22 /Users/macbookshop/Desktop/Projects/Developments/DNA-Web/DNA-Frontend/vendor/laravel/framework/src/Illuminate/Pipeline/Pipeline.php(219): Illuminate\\Http\\Middleware\\ValidatePostSize->handle(Object(Illuminate\\Http\\Request), Object(Closure))
#23 /Users/macbookshop/Desktop/Projects/Developments/DNA-Web/DNA-Frontend/vendor/laravel/framework/src/Illuminate/Foundation/Http/Middleware/PreventRequestsDuringMaintenance.php(109): Illuminate\\Pipeline\\Pipeline->{closure:{closure:Illuminate\\Pipeline\\Pipeline::carry():194}:195}(Object(Illuminate\\Http\\Request))
#24 /Users/macbookshop/Desktop/Projects/Developments/DNA-Web/DNA-Frontend/vendor/laravel/framework/src/Illuminate/Pipeline/Pipeline.php(219): Illuminate\\Foundation\\Http\\Middleware\\PreventRequestsDuringMaintenance->handle(Object(Illuminate\\Http\\Request), Object(Closure))
#25 /Users/macbookshop/Desktop/Projects/Developments/DNA-Web/DNA-Frontend/vendor/laravel/framework/src/Illuminate/Http/Middleware/HandleCors.php(61): Illuminate\\Pipeline\\Pipeline->{closure:{closure:Illuminate\\Pipeline\\Pipeline::carry():194}:195}(Object(Illuminate\\Http\\Request))
#26 /Users/macbookshop/Desktop/Projects/Developments/DNA-Web/DNA-Frontend/vendor/laravel/framework/src/Illuminate/Pipeline/Pipeline.php(219): Illuminate\\Http\\Middleware\\HandleCors->handle(Object(Illuminate\\Http\\Request), Object(Closure))
#27 /Users/macbookshop/Desktop/Projects/Developments/DNA-Web/DNA-Frontend/vendor/laravel/framework/src/Illuminate/Http/Middleware/TrustProxies.php(58): Illuminate\\Pipeline\\Pipeline->{closure:{closure:Illuminate\\Pipeline\\Pipeline::carry():194}:195}(Object(Illuminate\\Http\\Request))
#28 /Users/macbookshop/Desktop/Projects/Developments/DNA-Web/DNA-Frontend/vendor/laravel/framework/src/Illuminate/Pipeline/Pipeline.php(219): Illuminate\\Http\\Middleware\\TrustProxies->handle(Object(Illuminate\\Http\\Request), Object(Closure))
#29 /Users/macbookshop/Desktop/Projects/Developments/DNA-Web/DNA-Frontend/vendor/laravel/framework/src/Illuminate/Foundation/Http/Middleware/InvokeDeferredCallbacks.php(22): Illuminate\\Pipeline\\Pipeline->{closure:{closure:Illuminate\\Pipeline\\Pipeline::carry():194}:195}(Object(Illuminate\\Http\\Request))
#30 /Users/macbookshop/Desktop/Projects/Developments/DNA-Web/DNA-Frontend/vendor/laravel/framework/src/Illuminate/Pipeline/Pipeline.php(219): Illuminate\\Foundation\\Http\\Middleware\\InvokeDeferredCallbacks->handle(Object(Illuminate\\Http\\Request), Object(Closure))
#31 /Users/macbookshop/Desktop/Projects/Developments/DNA-Web/DNA-Frontend/vendor/laravel/framework/src/Illuminate/Http/Middleware/ValidatePathEncoding.php(28): Illuminate\\Pipeline\\Pipeline->{closure:{closure:Illuminate\\Pipeline\\Pipeline::carry():194}:195}(Object(Illuminate\\Http\\Request))
#32 /Users/macbookshop/Desktop/Projects/Developments/DNA-Web/DNA-Frontend/vendor/laravel/framework/src/Illuminate/Pipeline/Pipeline.php(219): Illuminate\\Http\\Middleware\\ValidatePathEncoding->handle(Object(Illuminate\\Http\\Request), Object(Closure))
#33 /Users/macbookshop/Desktop/Projects/Developments/DNA-Web/DNA-Frontend/vendor/laravel/framework/src/Illuminate/Pipeline/Pipeline.php(137): Illuminate\\Pipeline\\Pipeline->{closure:{closure:Illuminate\\Pipeline\\Pipeline::carry():194}:195}(Object(Illuminate\\Http\\Request))
#34 /Users/macbookshop/Desktop/Projects/Developments/DNA-Web/DNA-Frontend/vendor/laravel/framework/src/Illuminate/Foundation/Http/Kernel.php(175): Illuminate\\Pipeline\\Pipeline->then(Object(Closure))
#35 /Users/macbookshop/Desktop/Projects/Developments/DNA-Web/DNA-Frontend/vendor/laravel/framework/src/Illuminate/Foundation/Http/Kernel.php(144): Illuminate\\Foundation\\Http\\Kernel->sendRequestThroughRouter(Object(Illuminate\\Http\\Request))
#36 /Users/macbookshop/Desktop/Projects/Developments/DNA-Web/DNA-Frontend/vendor/laravel/framework/src/Illuminate/Foundation/Testing/Concerns/MakesHttpRequests.php(638): Illuminate\\Foundation\\Http\\Kernel->handle(Object(Illuminate\\Http\\Request))
#37 /Users/macbookshop/Desktop/Projects/Developments/DNA-Web/DNA-Frontend/vendor/laravel/framework/src/Illuminate/Foundation/Testing/Concerns/MakesHttpRequests.php(368): Illuminate\\Foundation\\Testing\\TestCase->call('GET', '/fr', Array, Array, Array, Array)
#38 /Users/macbookshop/Desktop/Projects/Developments/DNA-Web/DNA-Frontend/tests/Feature/LocaleTest.php(28): Illuminate\\Foundation\\Testing\\TestCase->get('/fr')
#39 /Users/macbookshop/Desktop/Projects/Developments/DNA-Web/DNA-Frontend/vendor/phpunit/phpunit/src/Framework/TestCase.php(1318): Tests\\Feature\\LocaleTest->test_unknown_language_segment_falls_back_instead_of_404()
#40 /Users/macbookshop/Desktop/Projects/Developments/DNA-Web/DNA-Frontend/vendor/phpunit/phpunit/src/Framework/TestCase.php(1355): PHPUnit\\Framework\\TestCase->invokeTestMethod('test_unknown_la...', Array)
#41 /Users/macbookshop/Desktop/Projects/Developments/DNA-Web/DNA-Frontend/vendor/phpunit/phpunit/src/Framework/TestCase.php(521): PHPUnit\\Framework\\TestCase->runTest()
#42 /Users/macbookshop/Desktop/Projects/Developments/DNA-Web/DNA-Frontend/vendor/phpunit/phpunit/src/Framework/TestRunner/TestRunner.php(99): PHPUnit\\Framework\\TestCase->runBare()
#43 /Users/macbookshop/Desktop/Projects/Developments/DNA-Web/DNA-Frontend/vendor/phpunit/phpunit/src/Framework/TestCase.php(361): PHPUnit\\Framework\\TestRunner->run(Object(Tests\\Feature\\LocaleTest))
#44 /Users/macbookshop/Desktop/Projects/Developments/DNA-Web/DNA-Frontend/vendor/phpunit/phpunit/src/Framework/TestSuite.php(374): PHPUnit\\Framework\\TestCase->run()
#45 /Users/macbookshop/Desktop/Projects/Developments/DNA-Web/DNA-Frontend/vendor/phpunit/phpunit/src/Framework/TestSuite.php(374): PHPUnit\\Framework\\TestSuite->run()
#46 /Users/macbookshop/Desktop/Projects/Developments/DNA-Web/DNA-Frontend/vendor/phpunit/phpunit/src/Framework/TestSuite.php(374): PHPUnit\\Framework\\TestSuite->run()
#47 /Users/macbookshop/Desktop/Projects/Developments/DNA-Web/DNA-Frontend/vendor/phpunit/phpunit/src/TextUI/TestRunner.php(64): PHPUnit\\Framework\\TestSuite->run()
#48 /Users/macbookshop/Desktop/Projects/Developments/DNA-Web/DNA-Frontend/vendor/phpunit/phpunit/src/TextUI/Application.php(229): PHPUnit\\TextUI\\TestRunner->run(Object(PHPUnit\\TextUI\\Configuration\\Configuration), Object(PHPUnit\\Runner\\ResultCache\\DefaultResultCache), Object(PHPUnit\\Framework\\TestSuite))
#49 /Users/macbookshop/Desktop/Projects/Developments/DNA-Web/DNA-Frontend/vendor/phpunit/phpunit/phpunit(104): PHPUnit\\TextUI\\Application->run(Array)
#50 {main}

[previous exception] [object] (Illuminate\\View\\ViewException(code: 0): Missing required parameter for [Route: analysis.index] [URI: {locale}] [Missing parameter: locale]. (View: /Users/macbookshop/Desktop/Projects/Developments/DNA-Web/DNA-Frontend/resources/views/layouts/app.blade.php) at /Users/macbookshop/Desktop/Projects/Developments/DNA-Web/DNA-Frontend/vendor/laravel/framework/src/Illuminate/Routing/Exceptions/UrlGenerationException.php:35)
[stacktrace]
#0 /Users/macbookshop/Desktop/Projects/Developments/DNA-Web/DNA-Frontend/vendor/laravel/framework/src/Illuminate/View/Engines/PhpEngine.php(59): Illuminate\\View\\Engines\\CompilerEngine->handleViewException(Object(Illuminate\\Routing\\Exceptions\\UrlGenerationException), 2)
#1 /Users/macbookshop/Desktop/Projects/Developments/DNA-Web/DNA-Frontend/vendor/laravel/framework/src/Illuminate/View/Engines/CompilerEngine.php(76): Illuminate\\View\\Engines\\PhpEngine->evaluatePath('/Users/macbooks...', Array)
#2 /Users/macbookshop/Desktop/Projects/Developments/DNA-Web/DNA-Frontend/vendor/laravel/framework/src/Illuminate/View/View.php(208): Illuminate\\View\\Engines\\CompilerEngine->get('/Users/macbooks...', Array)
#3 /Users/macbookshop/Desktop/Projects/Developments/DNA-Web/DNA-Frontend/vendor/laravel/framework/src/Illuminate/View/View.php(191): Illuminate\\View\\View->getContents()
#4 /Users/macbookshop/Desktop/Projects/Developments/DNA-Web/DNA-Frontend/vendor/laravel/framework/src/Illuminate/View/View.php(160): Illuminate\\View\\View->renderContents()
#5 /Users/macbookshop/Desktop/Projects/Developments/DNA-Web/DNA-Frontend/storage/framework/views/f058fb6fd3ae58a3027bb36a27ff1ec0.php(15): Illuminate\\View\\View->render()
#6 /Users/macbookshop/Desktop/Projects/Developments/DNA-Web/DNA-Frontend/vendor/laravel/framework/src/Illuminate/Filesystem/Filesystem.php(123): require('/Users/macbooks...')
#7 /Users/macbookshop/Desktop/Projects/Developments/DNA-Web/DNA-Frontend/vendor/laravel/framework/src/Illuminate/Filesystem/Filesystem.php(124): Illuminate\\Filesystem\\Filesystem::{closure:Illuminate\\Filesystem\\Filesystem::getRequire():120}()
#8 /Users/macbookshop/Desktop/Projects/Developments/DNA-Web/DNA-Frontend/vendor/laravel/framework/src/Illuminate/View/Engines/PhpEngine.php(57): Illuminate\\Filesystem\\Filesystem->getRequire('/Users/macbooks...', Array)
#9 /Users/macbookshop/Desktop/Projects/Developments/DNA-Web/DNA-Frontend/vendor/laravel/framework/src/Illuminate/View/Engines/CompilerEngine.php(76): Illuminate\\View\\Engines\\PhpEngine->evaluatePath('/Users/macbooks...', Array)
#10 /Users/macbookshop/Desktop/Projects/Developments/DNA-Web/DNA-Frontend/vendor/laravel/framework/src/Illuminate/View/View.php(208): Illuminate\\View\\Engines\\CompilerEngine->get('/Users/macbooks...', Array)
#11 /Users/macbookshop/Desktop/Projects/Developments/DNA-Web/DNA-Frontend/vendor/laravel/framework/src/Illuminate/View/View.php(191): Illuminate\\View\\View->getContents()
#12 /Users/macbookshop/Desktop/Projects/Developments/DNA-Web/DNA-Frontend/vendor/laravel/framework/src/Illuminate/View/View.php(160): Illuminate\\View\\View->renderContents()
#13 /Users/macbookshop/Desktop/Projects/Developments/DNA-Web/DNA-Frontend/vendor/laravel/framework/src/Illuminate/Http/Response.php(82): Illuminate\\View\\View->render()
#14 /Users/macbookshop/Desktop/Projects/Developments/DNA-Web/DNA-Frontend/vendor/laravel/framework/src/Illuminate/Http/Response.php(40): Illuminate\\Http\\Response->setContent(Object(Illuminate\\View\\View))
#15 /Users/macbookshop/Desktop/Projects/Developments/DNA-Web/DNA-Frontend/vendor/laravel/framework/src/Illuminate/Routing/ResponseFactory.php(61): Illuminate\\Http\\Response->__construct(Object(Illuminate\\View\\View), 404, Array)
#16 /Users/macbookshop/Desktop/Projects/Developments/DNA-Web/DNA-Frontend/vendor/laravel/framework/src/Illuminate/Routing/ResponseFactory.php(91): Illuminate\\Routing\\ResponseFactory->make(Object(Illuminate\\View\\View), 404, Array)
#17 /Users/macbookshop/Desktop/Projects/Developments/DNA-Web/DNA-Frontend/vendor/laravel/framework/src/Illuminate/Foundation/Exceptions/Handler.php(1031): Illuminate\\Routing\\ResponseFactory->view('errors::404', Array, 404, Array)
#18 /Users/macbookshop/Desktop/Projects/Developments/DNA-Web/DNA-Frontend/vendor/laravel/framework/src/Illuminate/Foundation/Exceptions/Handler.php(950): Illuminate\\Foundation\\Exceptions\\Handler->renderHttpException(Object(Symfony\\Component\\HttpKernel\\Exception\\NotFoundHttpException))
#19 /Users/macbookshop/Desktop/Projects/Developments/DNA-Web/DNA-Frontend/vendor/laravel/framework/src/Illuminate/Foundation/Exceptions/Handler.php(833): Illuminate\\Foundation\\Exceptions\\Handler->prepareResponse(Object(Illuminate\\Http\\Request), Object(Symfony\\Component\\HttpKernel\\Exception\\NotFoundHttpException))
#20 /Users/macbookshop/Desktop/Projects/Developments/DNA-Web/DNA-Frontend/vendor/laravel/framework/src/Illuminate/Foundation/Exceptions/Handler.php(720): Illuminate\\Foundation\\Exceptions\\Handler->renderExceptionResponse(Object(Illuminate\\Http\\Request), Object(Symfony\\Component\\HttpKernel\\Exception\\NotFoundHttpException))
#21 /Users/macbookshop/Desktop/Projects/Developments/DNA-Web/DNA-Frontend/vendor/laravel/framework/src/Illuminate/Routing/Pipeline.php(51): Illuminate\\Foundation\\Exceptions\\Handler->render(Object(Illuminate\\Http\\Request), Object(Symfony\\Component\\HttpKernel\\Exception\\NotFoundHttpException))
#22 /Users/macbookshop/Desktop/Projects/Developments/DNA-Web/DNA-Frontend/vendor/laravel/framework/src/Illuminate/Pipeline/Pipeline.php(182): Illuminate\\Routing\\Pipeline->handleException(Object(Illuminate\\Http\\Request), Object(Symfony\\Component\\HttpKernel\\Exception\\NotFoundHttpException))
#23 /Users/macbookshop/Desktop/Projects/Developments/DNA-Web/DNA-Frontend/vendor/laravel/framework/src/Illuminate/Foundation/Http/Middleware/TransformsRequest.php(21): Illuminate\\Pipeline\\Pipeline->{closure:Illuminate\\Pipeline\\Pipeline::prepareDestination():178}(Object(Illuminate\\Http\\Request))
#24 /Users/macbookshop/Desktop/Projects/Developments/DNA-Web/DNA-Frontend/vendor/laravel/framework/src/Illuminate/Foundation/Http/Middleware/ConvertEmptyStringsToNull.php(31): Illuminate\\Foundation\\Http\\Middleware\\TransformsRequest->handle(Object(Illuminate\\Http\\Request), Object(Closure))
#25 /Users/macbookshop/Desktop/Projects/Developments/DNA-Web/DNA-Frontend/vendor/laravel/framework/src/Illuminate/Pipeline/Pipeline.php(219): Illuminate\\Foundation\\Http\\Middleware\\ConvertEmptyStringsToNull->handle(Object(Illuminate\\Http\\Request), Object(Closure))
#26 /Users/macbookshop/Desktop/Projects/Developments/DNA-Web/DNA-Frontend/vendor/laravel/framework/src/Illuminate/Foundation/Http/Middleware/TransformsRequest.php(21): Illuminate\\Pipeline\\Pipeline->{closure:{closure:Illuminate\\Pipeline\\Pipeline::carry():194}:195}(Object(Illuminate\\Http\\Request))
#27 /Users/macbookshop/Desktop/Projects/Developments/DNA-Web/DNA-Frontend/vendor/laravel/framework/src/Illuminate/Foundation/Http/Middleware/TrimStrings.php(51): Illuminate\\Foundation\\Http\\Middleware\\TransformsRequest->handle(Object(Illuminate\\Http\\Request), Object(Closure))
#28 /Users/macbookshop/Desktop/Projects/Developments/DNA-Web/DNA-Frontend/vendor/laravel/framework/src/Illuminate/Pipeline/Pipeline.php(219): Illuminate\\Foundation\\Http\\Middleware\\TrimStrings->handle(Object(Illuminate\\Http\\Request), Object(Closure))
#29 /Users/macbookshop/Desktop/Projects/Developments/DNA-Web/DNA-Frontend/vendor/laravel/framework/src/Illuminate/Http/Middleware/ValidatePostSize.php(27): Illuminate\\Pipeline\\Pipeline->{closure:{closure:Illuminate\\Pipeline\\Pipeline::carry():194}:195}(Object(Illuminate\\Http\\Request))
#30 /Users/macbookshop/Desktop/Projects/Developments/DNA-Web/DNA-Frontend/vendor/laravel/framework/src/Illuminate/Pipeline/Pipeline.php(219): Illuminate\\Http\\Middleware\\ValidatePostSize->handle(Object(Illuminate\\Http\\Request), Object(Closure))
#31 /Users/macbookshop/Desktop/Projects/Developments/DNA-Web/DNA-Frontend/vendor/laravel/framework/src/Illuminate/Foundation/Http/Middleware/PreventRequestsDuringMaintenance.php(109): Illuminate\\Pipeline\\Pipeline->{closure:{closure:Illuminate\\Pipeline\\Pipeline::carry():194}:195}(Object(Illuminate\\Http\\Request))
#32 /Users/macbookshop/Desktop/Projects/Developments/DNA-Web/DNA-Frontend/vendor/laravel/framework/src/Illuminate/Pipeline/Pipeline.php(219): Illuminate\\Foundation\\Http\\Middleware\\PreventRequestsDuringMaintenance->handle(Object(Illuminate\\Http\\Request), Object(Closure))
#33 /Users/macbookshop/Desktop/Projects/Developments/DNA-Web/DNA-Frontend/vendor/laravel/framework/src/Illuminate/Http/Middleware/HandleCors.php(61): Illuminate\\Pipeline\\Pipeline->{closure:{closure:Illuminate\\Pipeline\\Pipeline::carry():194}:195}(Object(Illuminate\\Http\\Request))
#34 /Users/macbookshop/Desktop/Projects/Developments/DNA-Web/DNA-Frontend/vendor/laravel/framework/src/Illuminate/Pipeline/Pipeline.php(219): Illuminate\\Http\\Middleware\\HandleCors->handle(Object(Illuminate\\Http\\Request), Object(Closure))
#35 /Users/macbookshop/Desktop/Projects/Developments/DNA-Web/DNA-Frontend/vendor/laravel/framework/src/Illuminate/Http/Middleware/TrustProxies.php(58): Illuminate\\Pipeline\\Pipeline->{closure:{closure:Illuminate\\Pipeline\\Pipeline::carry():194}:195}(Object(Illuminate\\Http\\Request))
#36 /Users/macbookshop/Desktop/Projects/Developments/DNA-Web/DNA-Frontend/vendor/laravel/framework/src/Illuminate/Pipeline/Pipeline.php(219): Illuminate\\Http\\Middleware\\TrustProxies->handle(Object(Illuminate\\Http\\Request), Object(Closure))
#37 /Users/macbookshop/Desktop/Projects/Developments/DNA-Web/DNA-Frontend/vendor/laravel/framework/src/Illuminate/Foundation/Http/Middleware/InvokeDeferredCallbacks.php(22): Illuminate\\Pipeline\\Pipeline->{closure:{closure:Illuminate\\Pipeline\\Pipeline::carry():194}:195}(Object(Illuminate\\Http\\Request))
#38 /Users/macbookshop/Desktop/Projects/Developments/DNA-Web/DNA-Frontend/vendor/laravel/framework/src/Illuminate/Pipeline/Pipeline.php(219): Illuminate\\Foundation\\Http\\Middleware\\InvokeDeferredCallbacks->handle(Object(Illuminate\\Http\\Request), Object(Closure))
#39 /Users/macbookshop/Desktop/Projects/Developments/DNA-Web/DNA-Frontend/vendor/laravel/framework/src/Illuminate/Http/Middleware/ValidatePathEncoding.php(28): Illuminate\\Pipeline\\Pipeline->{closure:{closure:Illuminate\\Pipeline\\Pipeline::carry():194}:195}(Object(Illuminate\\Http\\Request))
#40 /Users/macbookshop/Desktop/Projects/Developments/DNA-Web/DNA-Frontend/vendor/laravel/framework/src/Illuminate/Pipeline/Pipeline.php(219): Illuminate\\Http\\Middleware\\ValidatePathEncoding->handle(Object(Illuminate\\Http\\Request), Object(Closure))
#41 /Users/macbookshop/Desktop/Projects/Developments/DNA-Web/DNA-Frontend/vendor/laravel/framework/src/Illuminate/Pipeline/Pipeline.php(137): Illuminate\\Pipeline\\Pipeline->{closure:{closure:Illuminate\\Pipeline\\Pipeline::carry():194}:195}(Object(Illuminate\\Http\\Request))
#42 /Users/macbookshop/Desktop/Projects/Developments/DNA-Web/DNA-Frontend/vendor/laravel/framework/src/Illuminate/Foundation/Http/Kernel.php(175): Illuminate\\Pipeline\\Pipeline->then(Object(Closure))
#43 /Users/macbookshop/Desktop/Projects/Developments/DNA-Web/DNA-Frontend/vendor/laravel/framework/src/Illuminate/Foundation/Http/Kernel.php(144): Illuminate\\Foundation\\Http\\Kernel->sendRequestThroughRouter(Object(Illuminate\\Http\\Request))
#44 /Users/macbookshop/Desktop/Projects/Developments/DNA-Web/DNA-Frontend/vendor/laravel/framework/src/Illuminate/Foundation/Testing/Concerns/MakesHttpRequests.php(638): Illuminate\\Foundation\\Http\\Kernel->handle(Object(Illuminate\\Http\\Request))
#45 /Users/macbookshop/Desktop/Projects/Developments/DNA-Web/DNA-Frontend/vendor/laravel/framework/src/Illuminate/Foundation/Testing/Concerns/MakesHttpRequests.php(368): Illuminate\\Foundation\\Testing\\TestCase->call('GET', '/fr', Array, Array, Array, Array)
#46 /Users/macbookshop/Desktop/Projects/Developments/DNA-Web/DNA-Frontend/tests/Feature/LocaleTest.php(28): Illuminate\\Foundation\\Testing\\TestCase->get('/fr')
#47 /Users/macbookshop/Desktop/Projects/Developments/DNA-Web/DNA-Frontend/vendor/phpunit/phpunit/src/Framework/TestCase.php(1318): Tests\\Feature\\LocaleTest->test_unknown_language_segment_falls_back_instead_of_404()
#48 /Users/macbookshop/Desktop/Projects/Developments/DNA-Web/DNA-Frontend/vendor/phpunit/phpunit/src/Framework/TestCase.php(1355): PHPUnit\\Framework\\TestCase->invokeTestMethod('test_unknown_la...', Array)
#49 /Users/macbookshop/Desktop/Projects/Developments/DNA-Web/DNA-Frontend/vendor/phpunit/phpunit/src/Framework/TestCase.php(521): PHPUnit\\Framework\\TestCase->runTest()
#50 /Users/macbookshop/Desktop/Projects/Developments/DNA-Web/DNA-Frontend/vendor/phpunit/phpunit/src/Framework/TestRunner/TestRunner.php(99): PHPUnit\\Framework\\TestCase->runBare()
#51 /Users/macbookshop/Desktop/Projects/Developments/DNA-Web/DNA-Frontend/vendor/phpunit/phpunit/src/Framework/TestCase.php(361): PHPUnit\\Framework\\TestRunner->run(Object(Tests\\Feature\\LocaleTest))
#52 /Users/macbookshop/Desktop/Projects/Developments/DNA-Web/DNA-Frontend/vendor/phpunit/phpunit/src/Framework/TestSuite.php(374): PHPUnit\\Framework\\TestCase->run()
#53 /Users/macbookshop/Desktop/Projects/Developments/DNA-Web/DNA-Frontend/vendor/phpunit/phpunit/src/Framework/TestSuite.php(374): PHPUnit\\Framework\\TestSuite->run()
#54 /Users/macbookshop/Desktop/Projects/Developments/DNA-Web/DNA-Frontend/vendor/phpunit/phpunit/src/Framework/TestSuite.php(374): PHPUnit\\Framework\\TestSuite->run()
#55 /Users/macbookshop/Desktop/Projects/Developments/DNA-Web/DNA-Frontend/vendor/phpunit/phpunit/src/TextUI/TestRunner.php(64): PHPUnit\\Framework\\TestSuite->run()
#56 /Users/macbookshop/Desktop/Projects/Developments/DNA-Web/DNA-Frontend/vendor/phpunit/phpunit/src/TextUI/Application.php(229): PHPUnit\\TextUI\\TestRunner->run(Object(PHPUnit\\TextUI\\Configuration\\Configuration), Object(PHPUnit\\Runner\\ResultCache\\DefaultResultCache), Object(PHPUnit\\Framework\\TestSuite))
#57 /Users/macbookshop/Desktop/Projects/Developments/DNA-Web/DNA-Frontend/vendor/phpunit/phpunit/phpunit(104): PHPUnit\\TextUI\\Application->run(Array)
#58 {main}

[previous exception] [object] (Illuminate\\Routing\\Exceptions\\UrlGenerationException(code: 0): Missing required parameter for [Route: analysis.index] [URI: {locale}] [Missing parameter: locale]. at /Users/macbookshop/Desktop/Projects/Developments/DNA-Web/DNA-Frontend/vendor/laravel/framework/src/Illuminate/Routing/Exceptions/UrlGenerationException.php:35)
[stacktrace]
#0 /Users/macbookshop/Desktop/Projects/Developments/DNA-Web/DNA-Frontend/vendor/laravel/framework/src/Illuminate/Routing/RouteUrlGenerator.php(95): Illuminate\\Routing\\Exceptions\\UrlGenerationException::forMissingParameters(Object(Illuminate\\Routing\\Route), Array)
#1 /Users/macbookshop/Desktop/Projects/Developments/DNA-Web/DNA-Frontend/vendor/laravel/framework/src/Illuminate/Routing/UrlGenerator.php(557): Illuminate\\Routing\\RouteUrlGenerator->to(Object(Illuminate\\Routing\\Route), Array, true)
#2 /Users/macbookshop/Desktop/Projects/Developments/DNA-Web/DNA-Frontend/vendor/laravel/framework/src/Illuminate/Routing/UrlGenerator.php(534): Illuminate\\Routing\\UrlGenerator->toRoute(Object(Illuminate\\Routing\\Route), Array, true)
#3 /Users/macbookshop/Desktop/Projects/Developments/DNA-Web/DNA-Frontend/vendor/laravel/framework/src/Illuminate/Foundation/helpers.php(870): Illuminate\\Routing\\UrlGenerator->route('analysis.index', Array, true)
#4 /Users/macbookshop/Desktop/Projects/Developments/DNA-Web/DNA-Frontend/storage/framework/views/5412c5794b9520f727cb3f5abab9bc6b.php(35): route('analysis.index')
#5 /Users/macbookshop/Desktop/Projects/Developments/DNA-Web/DNA-Frontend/vendor/laravel/framework/src/Illuminate/Filesystem/Filesystem.php(123): require('/Users/macbooks...')
#6 /Users/macbookshop/Desktop/Projects/Developments/DNA-Web/DNA-Frontend/vendor/laravel/framework/src/Illuminate/Filesystem/Filesystem.php(124): Illuminate\\Filesystem\\Filesystem::{closure:Illuminate\\Filesystem\\Filesystem::getRequire():120}()
#7 /Users/macbookshop/Desktop/Projects/Developments/DNA-Web/DNA-Frontend/vendor/laravel/framework/src/Illuminate/View/Engines/PhpEngine.php(57): Illuminate\\Filesystem\\Filesystem->getRequire('/Users/macbooks...', Array)
#8 /Users/macbookshop/Desktop/Projects/Developments/DNA-Web/DNA-Frontend/vendor/laravel/framework/src/Illuminate/View/Engines/CompilerEngine.php(76): Illuminate\\View\\Engines\\PhpEngine->evaluatePath('/Users/macbooks...', Array)
#9 /Users/macbookshop/Desktop/Projects/Developments/DNA-Web/DNA-Frontend/vendor/laravel/framework/src/Illuminate/View/View.php(208): Illuminate\\View\\Engines\\CompilerEngine->get('/Users/macbooks...', Array)
#10 /Users/macbookshop/Desktop/Projects/Developments/DNA-Web/DNA-Frontend/vendor/laravel/framework/src/Illuminate/View/View.php(191): Illuminate\\View\\View->getContents()
#11 /Users/macbookshop/Desktop/Projects/Developments/DNA-Web/DNA-Frontend/vendor/laravel/framework/src/Illuminate/View/View.php(160): Illuminate\\View\\View->renderContents()
#12 /Users/macbookshop/Desktop/Projects/Developments/DNA-Web/DNA-Frontend/storage/framework/views/f058fb6fd3ae58a3027bb36a27ff1ec0.php(15): Illuminate\\View\\View->render()
#13 /Users/macbookshop/Desktop/Projects/Developments/DNA-Web/DNA-Frontend/vendor/laravel/framework/src/Illuminate/Filesystem/Filesystem.php(123): require('/Users/macbooks...')
#14 /Users/macbookshop/Desktop/Projects/Developments/DNA-Web/DNA-Frontend/vendor/laravel/framework/src/Illuminate/Filesystem/Filesystem.php(124): Illuminate\\Filesystem\\Filesystem::{closure:Illuminate\\Filesystem\\Filesystem::getRequire():120}()
#15 /Users/macbookshop/Desktop/Projects/Developments/DNA-Web/DNA-Frontend/vendor/laravel/framework/src/Illuminate/View/Engines/PhpEngine.php(57): Illuminate\\Filesystem\\Filesystem->getRequire('/Users/macbooks...', Array)
#16 /Users/macbookshop/Desktop/Projects/Developments/DNA-Web/DNA-Frontend/vendor/laravel/framework/src/Illuminate/View/Engines/CompilerEngine.php(76): Illuminate\\View\\Engines\\PhpEngine->evaluatePath('/Users/macbooks...', Array)
#17 /Users/macbookshop/Desktop/Projects/Developments/DNA-Web/DNA-Frontend/vendor/laravel/framework/src/Illuminate/View/View.php(208): Illuminate\\View\\Engines\\CompilerEngine->get('/Users/macbooks...', Array)
#18 /Users/macbookshop/Desktop/Projects/Developments/DNA-Web/DNA-Frontend/vendor/laravel/framework/src/Illuminate/View/View.php(191): Illuminate\\View\\View->getContents()
#19 /Users/macbookshop/Desktop/Projects/Developments/DNA-Web/DNA-Frontend/vendor/laravel/framework/src/Illuminate/View/View.php(160): Illuminate\\View\\View->renderContents()
#20 /Users/macbookshop/Desktop/Projects/Developments/DNA-Web/DNA-Frontend/vendor/laravel/framework/src/Illuminate/Http/Response.php(82): Illuminate\\View\\View->render()
#21 /Users/macbookshop/Desktop/Projects/Developments/DNA-Web/DNA-Frontend/vendor/laravel/framework/src/Illuminate/Http/Response.php(40): Illuminate\\Http\\Response->setContent(Object(Illuminate\\View\\View))
#22 /Users/macbookshop/Desktop/Projects/Developments/DNA-Web/DNA-Frontend/vendor/laravel/framework/src/Illuminate/Routing/ResponseFactory.php(61): Illuminate\\Http\\Response->__construct(Object(Illuminate\\View\\View), 404, Array)
#23 /Users/macbookshop/Desktop/Projects/Developments/DNA-Web/DNA-Frontend/vendor/laravel/framework/src/Illuminate/Routing/ResponseFactory.php(91): Illuminate\\Routing\\ResponseFactory->make(Object(Illuminate\\View\\View), 404, Array)
#24 /Users/macbookshop/Desktop/Projects/Developments/DNA-Web/DNA-Frontend/vendor/laravel/framework/src/Illuminate/Foundation/Exceptions/Handler.php(1031): Illuminate\\Routing\\ResponseFactory->view('errors::404', Array, 404, Array)
#25 /Users/macbookshop/Desktop/Projects/Developments/DNA-Web/DNA-Frontend/vendor/laravel/framework/src/Illuminate/Foundation/Exceptions/Handler.php(950): Illuminate\\Foundation\\Exceptions\\Handler->renderHttpException(Object(Symfony\\Component\\HttpKernel\\Exception\\NotFoundHttpException))
#26 /Users/macbookshop/Desktop/Projects/Developments/DNA-Web/DNA-Frontend/vendor/laravel/framework/src/Illuminate/Foundation/Exceptions/Handler.php(833): Illuminate\\Foundation\\Exceptions\\Handler->prepareResponse(Object(Illuminate\\Http\\Request), Object(Symfony\\Component\\HttpKernel\\Exception\\NotFoundHttpException))
#27 /Users/macbookshop/Desktop/Projects/Developments/DNA-Web/DNA-Frontend/vendor/laravel/framework/src/Illuminate/Foundation/Exceptions/Handler.php(720): Illuminate\\Foundation\\Exceptions\\Handler->renderExceptionResponse(Object(Illuminate\\Http\\Request), Object(Symfony\\Component\\HttpKernel\\Exception\\NotFoundHttpException))
#28 /Users/macbookshop/Desktop/Projects/Developments/DNA-Web/DNA-Frontend/vendor/laravel/framework/src/Illuminate/Routing/Pipeline.php(51): Illuminate\\Foundation\\Exceptions\\Handler->render(Object(Illuminate\\Http\\Request), Object(Symfony\\Component\\HttpKernel\\Exception\\NotFoundHttpException))
#29 /Users/macbookshop/Desktop/Projects/Developments/DNA-Web/DNA-Frontend/vendor/laravel/framework/src/Illuminate/Pipeline/Pipeline.php(182): Illuminate\\Routing\\Pipeline->handleException(Object(Illuminate\\Http\\Request), Object(Symfony\\Component\\HttpKernel\\Exception\\NotFoundHttpException))
#30 /Users/macbookshop/Desktop/Projects/Developments/DNA-Web/DNA-Frontend/vendor/laravel/framework/src/Illuminate/Foundation/Http/Middleware/TransformsRequest.php(21): Illuminate\\Pipeline\\Pipeline->{closure:Illuminate\\Pipeline\\Pipeline::prepareDestination():178}(Object(Illuminate\\Http\\Request))
#31 /Users/macbookshop/Desktop/Projects/Developments/DNA-Web/DNA-Frontend/vendor/laravel/framework/src/Illuminate/Foundation/Http/Middleware/ConvertEmptyStringsToNull.php(31): Illuminate\\Foundation\\Http\\Middleware\\TransformsRequest->handle(Object(Illuminate\\Http\\Request), Object(Closure))
#32 /Users/macbookshop/Desktop/Projects/Developments/DNA-Web/DNA-Frontend/vendor/laravel/framework/src/Illuminate/Pipeline/Pipeline.php(219): Illuminate\\Foundation\\Http\\Middleware\\ConvertEmptyStringsToNull->handle(Object(Illuminate\\Http\\Request), Object(Closure))
#33 /Users/macbookshop/Desktop/Projects/Developments/DNA-Web/DNA-Frontend/vendor/laravel/framework/src/Illuminate/Foundation/Http/Middleware/TransformsRequest.php(21): Illuminate\\Pipeline\\Pipeline->{closure:{closure:Illuminate\\Pipeline\\Pipeline::carry():194}:195}(Object(Illuminate\\Http\\Request))
#34 /Users/macbookshop/Desktop/Projects/Developments/DNA-Web/DNA-Frontend/vendor/laravel/framework/src/Illuminate/Foundation/Http/Middleware/TrimStrings.php(51): Illuminate\\Foundation\\Http\\Middleware\\TransformsRequest->handle(Object(Illuminate\\Http\\Request), Object(Closure))
#35 /Users/macbookshop/Desktop/Projects/Developments/DNA-Web/DNA-Frontend/vendor/laravel/framework/src/Illuminate/Pipeline/Pipeline.php(219): Illuminate\\Foundation\\Http\\Middleware\\TrimStrings->handle(Object(Illuminate\\Http\\Request), Object(Closure))
#36 /Users/macbookshop/Desktop/Projects/Developments/DNA-Web/DNA-Frontend/vendor/laravel/framework/src/Illuminate/Http/Middleware/ValidatePostSize.php(27): Illuminate\\Pipeline\\Pipeline->{closure:{closure:Illuminate\\Pipeline\\Pipeline::carry():194}:195}(Object(Illuminate\\Http\\Request))
#37 /Users/macbookshop/Desktop/Projects/Developments/DNA-Web/DNA-Frontend/vendor/laravel/framework/src/Illuminate/Pipeline/Pipeline.php(219): Illuminate\\Http\\Middleware\\ValidatePostSize->handle(Object(Illuminate\\Http\\Request), Object(Closure))
#38 /Users/macbookshop/Desktop/Projects/Developments/DNA-Web/DNA-Frontend/vendor/laravel/framework/src/Illuminate/Foundation/Http/Middleware/PreventRequestsDuringMaintenance.php(109): Illuminate\\Pipeline\\Pipeline->{closure:{closure:Illuminate\\Pipeline\\Pipeline::carry():194}:195}(Object(Illuminate\\Http\\Request))
#39 /Users/macbookshop/Desktop/Projects/Developments/DNA-Web/DNA-Frontend/vendor/laravel/framework/src/Illuminate/Pipeline/Pipeline.php(219): Illuminate\\Foundation\\Http\\Middleware\\PreventRequestsDuringMaintenance->handle(Object(Illuminate\\Http\\Request), Object(Closure))
#40 /Users/macbookshop/Desktop/Projects/Developments/DNA-Web/DNA-Frontend/vendor/laravel/framework/src/Illuminate/Http/Middleware/HandleCors.php(61): Illuminate\\Pipeline\\Pipeline->{closure:{closure:Illuminate\\Pipeline\\Pipeline::carry():194}:195}(Object(Illuminate\\Http\\Request))
#41 /Users/macbookshop/Desktop/Projects/Developments/DNA-Web/DNA-Frontend/vendor/laravel/framework/src/Illuminate/Pipeline/Pipeline.php(219): Illuminate\\Http\\Middleware\\HandleCors->handle(Object(Illuminate\\Http\\Request), Object(Closure))
#42 /Users/macbookshop/Desktop/Projects/Developments/DNA-Web/DNA-Frontend/vendor/laravel/framework/src/Illuminate/Http/Middleware/TrustProxies.php(58): Illuminate\\Pipeline\\Pipeline->{closure:{closure:Illuminate\\Pipeline\\Pipeline::carry():194}:195}(Object(Illuminate\\Http\\Request))
#43 /Users/macbookshop/Desktop/Projects/Developments/DNA-Web/DNA-Frontend/vendor/laravel/framework/src/Illuminate/Pipeline/Pipeline.php(219): Illuminate\\Http\\Middleware\\TrustProxies->handle(Object(Illuminate\\Http\\Request), Object(Closure))
#44 /Users/macbookshop/Desktop/Projects/Developments/DNA-Web/DNA-Frontend/vendor/laravel/framework/src/Illuminate/Foundation/Http/Middleware/InvokeDeferredCallbacks.php(22): Illuminate\\Pipeline\\Pipeline->{closure:{closure:Illuminate\\Pipeline\\Pipeline::carry():194}:195}(Object(Illuminate\\Http\\Request))
#45 /Users/macbookshop/Desktop/Projects/Developments/DNA-Web/DNA-Frontend/vendor/laravel/framework/src/Illuminate/Pipeline/Pipeline.php(219): Illuminate\\Foundation\\Http\\Middleware\\InvokeDeferredCallbacks->handle(Object(Illuminate\\Http\\Request), Object(Closure))
#46 /Users/macbookshop/Desktop/Projects/Developments/DNA-Web/DNA-Frontend/vendor/laravel/framework/src/Illuminate/Http/Middleware/ValidatePathEncoding.php(28): Illuminate\\Pipeline\\Pipeline->{closure:{closure:Illuminate\\Pipeline\\Pipeline::carry():194}:195}(Object(Illuminate\\Http\\Request))
#47 /Users/macbookshop/Desktop/Projects/Developments/DNA-Web/DNA-Frontend/vendor/laravel/framework/src/Illuminate/Pipeline/Pipeline.php(219): Illuminate\\Http\\Middleware\\ValidatePathEncoding->handle(Object(Illuminate\\Http\\Request), Object(Closure))
#48 /Users/macbookshop/Desktop/Projects/Developments/DNA-Web/DNA-Frontend/vendor/laravel/framework/src/Illuminate/Pipeline/Pipeline.php(137): Illuminate\\Pipeline\\Pipeline->{closure:{closure:Illuminate\\Pipeline\\Pipeline::carry():194}:195}(Object(Illuminate\\Http\\Request))
#49 /Users/macbookshop/Desktop/Projects/Developments/DNA-Web/DNA-Frontend/vendor/laravel/framework/src/Illuminate/Foundation/Http/Kernel.php(175): Illuminate\\Pipeline\\Pipeline->then(Object(Closure))
#50 /Users/macbookshop/Desktop/Projects/Developments/DNA-Web/DNA-Frontend/vendor/laravel/framework/src/Illuminate/Foundation/Http/Kernel.php(144): Illuminate\\Foundation\\Http\\Kernel->sendRequestThroughRouter(Object(Illuminate\\Http\\Request))
#51 /Users/macbookshop/Desktop/Projects/Developments/DNA-Web/DNA-Frontend/vendor/laravel/framework/src/Illuminate/Foundation/Testing/Concerns/MakesHttpRequests.php(638): Illuminate\\Foundation\\Http\\Kernel->handle(Object(Illuminate\\Http\\Request))
#52 /Users/macbookshop/Desktop/Projects/Developments/DNA-Web/DNA-Frontend/vendor/laravel/framework/src/Illuminate/Foundation/Testing/Concerns/MakesHttpRequests.php(368): Illuminate\\Foundation\\Testing\\TestCase->call('GET', '/fr', Array, Array, Array, Array)
#53 /Users/macbookshop/Desktop/Projects/Developments/DNA-Web/DNA-Frontend/tests/Feature/LocaleTest.php(28): Illuminate\\Foundation\\Testing\\TestCase->get('/fr')
#54 /Users/macbookshop/Desktop/Projects/Developments/DNA-Web/DNA-Frontend/vendor/phpunit/phpunit/src/Framework/TestCase.php(1318): Tests\\Feature\\LocaleTest->test_unknown_language_segment_falls_back_instead_of_404()
#55 /Users/macbookshop/Desktop/Projects/Developments/DNA-Web/DNA-Frontend/vendor/phpunit/phpunit/src/Framework/TestCase.php(1355): PHPUnit\\Framework\\TestCase->invokeTestMethod('test_unknown_la...', Array)
#56 /Users/macbookshop/Desktop/Projects/Developments/DNA-Web/DNA-Frontend/vendor/phpunit/phpunit/src/Framework/TestCase.php(521): PHPUnit\\Framework\\TestCase->runTest()
#57 /Users/macbookshop/Desktop/Projects/Developments/DNA-Web/DNA-Frontend/vendor/phpunit/phpunit/src/Framework/TestRunner/TestRunner.php(99): PHPUnit\\Framework\\TestCase->runBare()
#58 /Users/macbookshop/Desktop/Projects/Developments/DNA-Web/DNA-Frontend/vendor/phpunit/phpunit/src/Framework/TestCase.php(361): PHPUnit\\Framework\\TestRunner->run(Object(Tests\\Feature\\LocaleTest))
#59 /Users/macbookshop/Desktop/Projects/Developments/DNA-Web/DNA-Frontend/vendor/phpunit/phpunit/src/Framework/TestSuite.php(374): PHPUnit\\Framework\\TestCase->run()
#60 /Users/macbookshop/Desktop/Projects/Developments/DNA-Web/DNA-Frontend/vendor/phpunit/phpunit/src/Framework/TestSuite.php(374): PHPUnit\\Framework\\TestSuite->run()
#61 /Users/macbookshop/Desktop/Projects/Developments/DNA-Web/DNA-Frontend/vendor/phpunit/phpunit/src/Framework/TestSuite.php(374): PHPUnit\\Framework\\TestSuite->run()
#62 /Users/macbookshop/Desktop/Projects/Developments/DNA-Web/DNA-Frontend/vendor/phpunit/phpunit/src/TextUI/TestRunner.php(64): PHPUnit\\Framework\\TestSuite->run()
#63 /Users/macbookshop/Desktop/Projects/Developments/DNA-Web/DNA-Frontend/vendor/phpunit/phpunit/src/TextUI/Application.php(229): PHPUnit\\TextUI\\TestRunner->run(Object(PHPUnit\\TextUI\\Configuration\\Configuration), Object(PHPUnit\\Runner\\ResultCache\\DefaultResultCache), Object(PHPUnit\\Framework\\TestSuite))
#64 /Users/macbookshop/Desktop/Projects/Developments/DNA-Web/DNA-Frontend/vendor/phpunit/phpunit/phpunit(104): PHPUnit\\TextUI\\Application->run(Array)
#65 {main}
"} 
[2026-08-11 22:47:25] testing.ERROR: Memory design backend unreachable {"request_id":"7ec95da6-7e02-41ff-9c1d-f5ce9f788742","message":"down"} 
[2026-08-11 22:47:25] testing.ERROR: Simulation backend unreachable {"request_id":"630882b0-dfd3-4f5b-bb6d-70dd71dd9546","message":"down"} 
[2026-08-11 22:48:28] testing.ERROR: Missing required parameter for [Route: analysis.index] [URI: {locale}] [Missing parameter: locale]. (View: /Users/macbookshop/Desktop/Projects/Developments/DNA-Web/DNA-Frontend/resources/views/layouts/app.blade.php) (View: /Users/macbookshop/Desktop/Projects/Developments/DNA-Web/DNA-Frontend/resources/views/layouts/app.blade.php) {"exception":"[object] (Illuminate\\View\\ViewException(code: 0): Missing required parameter for [Route: analysis.index] [URI: {locale}] [Missing parameter: locale]. (View: /Users/macbookshop/Desktop/Projects/Developments/DNA-Web/DNA-Frontend/resources/views/layouts/app.blade.php) (View: /Users/macbookshop/Desktop/Projects/Developments/DNA-Web/DNA-Frontend/resources/views/layouts/app.blade.php) at /Users/macbookshop/Desktop/Projects/Developments/DNA-Web/DNA-Frontend/vendor/laravel/framework/src/Illuminate/Routing/Exceptions/UrlGenerationException.php:35)
[stacktrace]
#0 /Users/macbookshop/Desktop/Projects/Developments/DNA-Web/DNA-Frontend/vendor/laravel/framework/src/Illuminate/View/Engines/PhpEngine.php(59): Illuminate\\View\\Engines\\CompilerEngine->handleViewException(Object(Illuminate\\View\\ViewException), 1)
#1 /Users/macbookshop/Desktop/Projects/Developments/DNA-Web/DNA-Frontend/vendor/laravel/framework/src/Illuminate/View/Engines/CompilerEngine.php(76): Illuminate\\View\\Engines\\PhpEngine->evaluatePath('/Users/macbooks...', Array)
#2 /Users/macbookshop/Desktop/Projects/Developments/DNA-Web/DNA-Frontend/vendor/laravel/framework/src/Illuminate/View/View.php(208): Illuminate\\View\\Engines\\CompilerEngine->get('/Users/macbooks...', Array)
#3 /Users/macbookshop/Desktop/Projects/Developments/DNA-Web/DNA-Frontend/vendor/laravel/framework/src/Illuminate/View/View.php(191): Illuminate\\View\\View->getContents()
#4 /Users/macbookshop/Desktop/Projects/Developments/DNA-Web/DNA-Frontend/vendor/laravel/framework/src/Illuminate/View/View.php(160): Illuminate\\View\\View->renderContents()
#5 /Users/macbookshop/Desktop/Projects/Developments/DNA-Web/DNA-Frontend/vendor/laravel/framework/src/Illuminate/Http/Response.php(82): Illuminate\\View\\View->render()
#6 /Users/macbookshop/Desktop/Projects/Developments/DNA-Web/DNA-Frontend/vendor/laravel/framework/src/Illuminate/Http/Response.php(40): Illuminate\\Http\\Response->setContent(Object(Illuminate\\View\\View))
#7 /Users/macbookshop/Desktop/Projects/Developments/DNA-Web/DNA-Frontend/vendor/laravel/framework/src/Illuminate/Routing/ResponseFactory.php(61): Illuminate\\Http\\Response->__construct(Object(Illuminate\\View\\View), 404, Array)
#8 /Users/macbookshop/Desktop/Projects/Developments/DNA-Web/DNA-Frontend/vendor/laravel/framework/src/Illuminate/Routing/ResponseFactory.php(91): Illuminate\\Routing\\ResponseFactory->make(Object(Illuminate\\View\\View), 404, Array)
#9 /Users/macbookshop/Desktop/Projects/Developments/DNA-Web/DNA-Frontend/vendor/laravel/framework/src/Illuminate/Foundation/Exceptions/Handler.php(1031): Illuminate\\Routing\\ResponseFactory->view('errors::404', Array, 404, Array)
#10 /Users/macbookshop/Desktop/Projects/Developments/DNA-Web/DNA-Frontend/vendor/laravel/framework/src/Illuminate/Foundation/Exceptions/Handler.php(950): Illuminate\\Foundation\\Exceptions\\Handler->renderHttpException(Object(Symfony\\Component\\HttpKernel\\Exception\\NotFoundHttpException))
#11 /Users/macbookshop/Desktop/Projects/Developments/DNA-Web/DNA-Frontend/vendor/laravel/framework/src/Illuminate/Foundation/Exceptions/Handler.php(833): Illuminate\\Foundation\\Exceptions\\Handler->prepareResponse(Object(Illuminate\\Http\\Request), Object(Symfony\\Component\\HttpKernel\\Exception\\NotFoundHttpException))
#12 /Users/macbookshop/Desktop/Projects/Developments/DNA-Web/DNA-Frontend/vendor/laravel/framework/src/Illuminate/Foundation/Exceptions/Handler.php(720): Illuminate\\Foundation\\Exceptions\\Handler->renderExceptionResponse(Object(Illuminate\\Http\\Request), Object(Symfony\\Component\\HttpKernel\\Exception\\NotFoundHttpException))
#13 /Users/macbookshop/Desktop/Projects/Developments/DNA-Web/DNA-Frontend/vendor/laravel/framework/src/Illuminate/Routing/Pipeline.php(51): Illuminate\\Foundation\\Exceptions\\Handler->render(Object(Illuminate\\Http\\Request), Object(Symfony\\Component\\HttpKernel\\Exception\\NotFoundHttpException))
#14 /Users/macbookshop/Desktop/Projects/Developments/DNA-Web/DNA-Frontend/vendor/laravel/framework/src/Illuminate/Pipeline/Pipeline.php(182): Illuminate\\Routing\\Pipeline->handleException(Object(Illuminate\\Http\\Request), Object(Symfony\\Component\\HttpKernel\\Exception\\NotFoundHttpException))
#15 /Users/macbookshop/Desktop/Projects/Developments/DNA-Web/DNA-Frontend/vendor/laravel/framework/src/Illuminate/Foundation/Http/Middleware/TransformsRequest.php(21): Illuminate\\Pipeline\\Pipeline->{closure:Illuminate\\Pipeline\\Pipeline::prepareDestination():178}(Object(Illuminate\\Http\\Request))
#16 /Users/macbookshop/Desktop/Projects/Developments/DNA-Web/DNA-Frontend/vendor/laravel/framework/src/Illuminate/Foundation/Http/Middleware/ConvertEmptyStringsToNull.php(31): Illuminate\\Foundation\\Http\\Middleware\\TransformsRequest->handle(Object(Illuminate\\Http\\Request), Object(Closure))
#17 /Users/macbookshop/Desktop/Projects/Developments/DNA-Web/DNA-Frontend/vendor/laravel/framework/src/Illuminate/Pipeline/Pipeline.php(219): Illuminate\\Foundation\\Http\\Middleware\\ConvertEmptyStringsToNull->handle(Object(Illuminate\\Http\\Request), Object(Closure))
#18 /Users/macbookshop/Desktop/Projects/Developments/DNA-Web/DNA-Frontend/vendor/laravel/framework/src/Illuminate/Foundation/Http/Middleware/TransformsRequest.php(21): Illuminate\\Pipeline\\Pipeline->{closure:{closure:Illuminate\\Pipeline\\Pipeline::carry():194}:195}(Object(Illuminate\\Http\\Request))
#19 /Users/macbookshop/Desktop/Projects/Developments/DNA-Web/DNA-Frontend/vendor/laravel/framework/src/Illuminate/Foundation/Http/Middleware/TrimStrings.php(51): Illuminate\\Foundation\\Http\\Middleware\\TransformsRequest->handle(Object(Illuminate\\Http\\Request), Object(Closure))
#20 /Users/macbookshop/Desktop/Projects/Developments/DNA-Web/DNA-Frontend/vendor/laravel/framework/src/Illuminate/Pipeline/Pipeline.php(219): Illuminate\\Foundation\\Http\\Middleware\\TrimStrings->handle(Object(Illuminate\\Http\\Request), Object(Closure))
#21 /Users/macbookshop/Desktop/Projects/Developments/DNA-Web/DNA-Frontend/vendor/laravel/framework/src/Illuminate/Http/Middleware/ValidatePostSize.php(27): Illuminate\\Pipeline\\Pipeline->{closure:{closure:Illuminate\\Pipeline\\Pipeline::carry():194}:195}(Object(Illuminate\\Http\\Request))
#22 /Users/macbookshop/Desktop/Projects/Developments/DNA-Web/DNA-Frontend/vendor/laravel/framework/src/Illuminate/Pipeline/Pipeline.php(219): Illuminate\\Http\\Middleware\\ValidatePostSize->handle(Object(Illuminate\\Http\\Request), Object(Closure))
#23 /Users/macbookshop/Desktop/Projects/Developments/DNA-Web/DNA-Frontend/vendor/laravel/framework/src/Illuminate/Foundation/Http/Middleware/PreventRequestsDuringMaintenance.php(109): Illuminate\\Pipeline\\Pipeline->{closure:{closure:Illuminate\\Pipeline\\Pipeline::carry():194}:195}(Object(Illuminate\\Http\\Request))
#24 /Users/macbookshop/Desktop/Projects/Developments/DNA-Web/DNA-Frontend/vendor/laravel/framework/src/Illuminate/Pipeline/Pipeline.php(219): Illuminate\\Foundation\\Http\\Middleware\\PreventRequestsDuringMaintenance->handle(Object(Illuminate\\Http\\Request), Object(Closure))
#25 /Users/macbookshop/Desktop/Projects/Developments/DNA-Web/DNA-Frontend/vendor/laravel/framework/src/Illuminate/Http/Middleware/HandleCors.php(61): Illuminate\\Pipeline\\Pipeline->{closure:{closure:Illuminate\\Pipeline\\Pipeline::carry():194}:195}(Object(Illuminate\\Http\\Request))
#26 /Users/macbookshop/Desktop/Projects/Developments/DNA-Web/DNA-Frontend/vendor/laravel/framework/src/Illuminate/Pipeline/Pipeline.php(219): Illuminate\\Http\\Middleware\\HandleCors->handle(Object(Illuminate\\Http\\Request), Object(Closure))
#27 /Users/macbookshop/Desktop/Projects/Developments/DNA-Web/DNA-Frontend/vendor/laravel/framework/src/Illuminate/Http/Middleware/TrustProxies.php(58): Illuminate\\Pipeline\\Pipeline->{closure:{closure:Illuminate\\Pipeline\\Pipeline::carry():194}:195}(Object(Illuminate\\Http\\Request))
#28 /Users/macbookshop/Desktop/Projects/Developments/DNA-Web/DNA-Frontend/vendor/laravel/framework/src/Illuminate/Pipeline/Pipeline.php(219): Illuminate\\Http\\Middleware\\TrustProxies->handle(Object(Illuminate\\Http\\Request), Object(Closure))
#29 /Users/macbookshop/Desktop/Projects/Developments/DNA-Web/DNA-Frontend/vendor/laravel/framework/src/Illuminate/Foundation/Http/Middleware/InvokeDeferredCallbacks.php(22): Illuminate\\Pipeline\\Pipeline->{closure:{closure:Illuminate\\Pipeline\\Pipeline::carry():194}:195}(Object(Illuminate\\Http\\Request))
#30 /Users/macbookshop/Desktop/Projects/Developments/DNA-Web/DNA-Frontend/vendor/laravel/framework/src/Illuminate/Pipeline/Pipeline.php(219): Illuminate\\Foundation\\Http\\Middleware\\InvokeDeferredCallbacks->handle(Object(Illuminate\\Http\\Request), Object(Closure))
#31 /Users/macbookshop/Desktop/Projects/Developments/DNA-Web/DNA-Frontend/vendor/laravel/framework/src/Illuminate/Http/Middleware/ValidatePathEncoding.php(28): Illuminate\\Pipeline\\Pipeline->{closure:{closure:Illuminate\\Pipeline\\Pipeline::carry():194}:195}(Object(Illuminate\\Http\\Request))
#32 /Users/macbookshop/Desktop/Projects/Developments/DNA-Web/DNA-Frontend/vendor/laravel/framework/src/Illuminate/Pipeline/Pipeline.php(219): Illuminate\\Http\\Middleware\\ValidatePathEncoding->handle(Object(Illuminate\\Http\\Request), Object(Closure))
#33 /Users/macbookshop/Desktop/Projects/Developments/DNA-Web/DNA-Frontend/vendor/laravel/framework/src/Illuminate/Pipeline/Pipeline.php(137): Illuminate\\Pipeline\\Pipeline->{closure:{closure:Illuminate\\Pipeline\\Pipeline::carry():194}:195}(Object(Illuminate\\Http\\Request))
#34 /Users/macbookshop/Desktop/Projects/Developments/DNA-Web/DNA-Frontend/vendor/laravel/framework/src/Illuminate/Foundation/Http/Kernel.php(175): Illuminate\\Pipeline\\Pipeline->then(Object(Closure))
#35 /Users/macbookshop/Desktop/Projects/Developments/DNA-Web/DNA-Frontend/vendor/laravel/framework/src/Illuminate/Foundation/Http/Kernel.php(144): Illuminate\\Foundation\\Http\\Kernel->sendRequestThroughRouter(Object(Illuminate\\Http\\Request))
#36 /Users/macbookshop/Desktop/Projects/Developments/DNA-Web/DNA-Frontend/vendor/laravel/framework/src/Illuminate/Foundation/Testing/Concerns/MakesHttpRequests.php(638): Illuminate\\Foundation\\Http\\Kernel->handle(Object(Illuminate\\Http\\Request))
#37 /Users/macbookshop/Desktop/Projects/Developments/DNA-Web/DNA-Frontend/vendor/laravel/framework/src/Illuminate/Foundation/Testing/Concerns/MakesHttpRequests.php(368): Illuminate\\Foundation\\Testing\\TestCase->call('GET', '/fr', Array, Array, Array, Array)
#38 /Users/macbookshop/Desktop/Projects/Developments/DNA-Web/DNA-Frontend/tests/Feature/LocaleTest.php(28): Illuminate\\Foundation\\Testing\\TestCase->get('/fr')
#39 /Users/macbookshop/Desktop/Projects/Developments/DNA-Web/DNA-Frontend/vendor/phpunit/phpunit/src/Framework/TestCase.php(1318): Tests\\Feature\\LocaleTest->test_unknown_language_segment_falls_back_instead_of_404()
#40 /Users/macbookshop/Desktop/Projects/Developments/DNA-Web/DNA-Frontend/vendor/phpunit/phpunit/src/Framework/TestCase.php(1355): PHPUnit\\Framework\\TestCase->invokeTestMethod('test_unknown_la...', Array)
#41 /Users/macbookshop/Desktop/Projects/Developments/DNA-Web/DNA-Frontend/vendor/phpunit/phpunit/src/Framework/TestCase.php(521): PHPUnit\\Framework\\TestCase->runTest()
#42 /Users/macbookshop/Desktop/Projects/Developments/DNA-Web/DNA-Frontend/vendor/phpunit/phpunit/src/Framework/TestRunner/TestRunner.php(99): PHPUnit\\Framework\\TestCase->runBare()
#43 /Users/macbookshop/Desktop/Projects/Developments/DNA-Web/DNA-Frontend/vendor/phpunit/phpunit/src/Framework/TestCase.php(361): PHPUnit\\Framework\\TestRunner->run(Object(Tests\\Feature\\LocaleTest))
#44 /Users/macbookshop/Desktop/Projects/Developments/DNA-Web/DNA-Frontend/vendor/phpunit/phpunit/src/Framework/TestSuite.php(374): PHPUnit\\Framework\\TestCase->run()
#45 /Users/macbookshop/Desktop/Projects/Developments/DNA-Web/DNA-Frontend/vendor/phpunit/phpunit/src/Framework/TestSuite.php(374): PHPUnit\\Framework\\TestSuite->run()
#46 /Users/macbookshop/Desktop/Projects/Developments/DNA-Web/DNA-Frontend/vendor/phpunit/phpunit/src/Framework/TestSuite.php(374): PHPUnit\\Framework\\TestSuite->run()
#47 /Users/macbookshop/Desktop/Projects/Developments/DNA-Web/DNA-Frontend/vendor/phpunit/phpunit/src/TextUI/TestRunner.php(64): PHPUnit\\Framework\\TestSuite->run()
#48 /Users/macbookshop/Desktop/Projects/Developments/DNA-Web/DNA-Frontend/vendor/phpunit/phpunit/src/TextUI/Application.php(229): PHPUnit\\TextUI\\TestRunner->run(Object(PHPUnit\\TextUI\\Configuration\\Configuration), Object(PHPUnit\\Runner\\ResultCache\\DefaultResultCache), Object(PHPUnit\\Framework\\TestSuite))
#49 /Users/macbookshop/Desktop/Projects/Developments/DNA-Web/DNA-Frontend/vendor/phpunit/phpunit/phpunit(104): PHPUnit\\TextUI\\Application->run(Array)
#50 {main}

[previous exception] [object] (Illuminate\\View\\ViewException(code: 0): Missing required parameter for [Route: analysis.index] [URI: {locale}] [Missing parameter: locale]. (View: /Users/macbookshop/Desktop/Projects/Developments/DNA-Web/DNA-Frontend/resources/views/layouts/app.blade.php) at /Users/macbookshop/Desktop/Projects/Developments/DNA-Web/DNA-Frontend/vendor/laravel/framework/src/Illuminate/Routing/Exceptions/UrlGenerationException.php:35)
[stacktrace]
#0 /Users/macbookshop/Desktop/Projects/Developments/DNA-Web/DNA-Frontend/vendor/laravel/framework/src/Illuminate/View/Engines/PhpEngine.php(59): Illuminate\\View\\Engines\\CompilerEngine->handleViewException(Object(Illuminate\\Routing\\Exceptions\\UrlGenerationException), 2)
#1 /Users/macbookshop/Desktop/Projects/Developments/DNA-Web/DNA-Frontend/vendor/laravel/framework/src/Illuminate/View/Engines/CompilerEngine.php(76): Illuminate\\View\\Engines\\PhpEngine->evaluatePath('/Users/macbooks...', Array)
#2 /Users/macbookshop/Desktop/Projects/Developments/DNA-Web/DNA-Frontend/vendor/laravel/framework/src/Illuminate/View/View.php(208): Illuminate\\View\\Engines\\CompilerEngine->get('/Users/macbooks...', Array)
#3 /Users/macbookshop/Desktop/Projects/Developments/DNA-Web/DNA-Frontend/vendor/laravel/framework/src/Illuminate/View/View.php(191): Illuminate\\View\\View->getContents()
#4 /Users/macbookshop/Desktop/Projects/Developments/DNA-Web/DNA-Frontend/vendor/laravel/framework/src/Illuminate/View/View.php(160): Illuminate\\View\\View->renderContents()
#5 /Users/macbookshop/Desktop/Projects/Developments/DNA-Web/DNA-Frontend/storage/framework/views/f058fb6fd3ae58a3027bb36a27ff1ec0.php(15): Illuminate\\View\\View->render()
#6 /Users/macbookshop/Desktop/Projects/Developments/DNA-Web/DNA-Frontend/vendor/laravel/framework/src/Illuminate/Filesystem/Filesystem.php(123): require('/Users/macbooks...')
#7 /Users/macbookshop/Desktop/Projects/Developments/DNA-Web/DNA-Frontend/vendor/laravel/framework/src/Illuminate/Filesystem/Filesystem.php(124): Illuminate\\Filesystem\\Filesystem::{closure:Illuminate\\Filesystem\\Filesystem::getRequire():120}()
#8 /Users/macbookshop/Desktop/Projects/Developments/DNA-Web/DNA-Frontend/vendor/laravel/framework/src/Illuminate/View/Engines/PhpEngine.php(57): Illuminate\\Filesystem\\Filesystem->getRequire('/Users/macbooks...', Array)
#9 /Users/macbookshop/Desktop/Projects/Developments/DNA-Web/DNA-Frontend/vendor/laravel/framework/src/Illuminate/View/Engines/CompilerEngine.php(76): Illuminate\\View\\Engines\\PhpEngine->evaluatePath('/Users/macbooks...', Array)
#10 /Users/macbookshop/Desktop/Projects/Developments/DNA-Web/DNA-Frontend/vendor/laravel/framework/src/Illuminate/View/View.php(208): Illuminate\\View\\Engines\\CompilerEngine->get('/Users/macbooks...', Array)
#11 /Users/macbookshop/Desktop/Projects/Developments/DNA-Web/DNA-Frontend/vendor/laravel/framework/src/Illuminate/View/View.php(191): Illuminate\\View\\View->getContents()
#12 /Users/macbookshop/Desktop/Projects/Developments/DNA-Web/DNA-Frontend/vendor/laravel/framework/src/Illuminate/View/View.php(160): Illuminate\\View\\View->renderContents()
#13 /Users/macbookshop/Desktop/Projects/Developments/DNA-Web/DNA-Frontend/vendor/laravel/framework/src/Illuminate/Http/Response.php(82): Illuminate\\View\\View->render()
#14 /Users/macbookshop/Desktop/Projects/Developments/DNA-Web/DNA-Frontend/vendor/laravel/framework/src/Illuminate/Http/Response.php(40): Illuminate\\Http\\Response->setContent(Object(Illuminate\\View\\View))
#15 /Users/macbookshop/Desktop/Projects/Developments/DNA-Web/DNA-Frontend/vendor/laravel/framework/src/Illuminate/Routing/ResponseFactory.php(61): Illuminate\\Http\\Response->__construct(Object(Illuminate\\View\\View), 404, Array)
#16 /Users/macbookshop/Desktop/Projects/Developments/DNA-Web/DNA-Frontend/vendor/laravel/framework/src/Illuminate/Routing/ResponseFactory.php(91): Illuminate\\Routing\\ResponseFactory->make(Object(Illuminate\\View\\View), 404, Array)
#17 /Users/macbookshop/Desktop/Projects/Developments/DNA-Web/DNA-Frontend/vendor/laravel/framework/src/Illuminate/Foundation/Exceptions/Handler.php(1031): Illuminate\\Routing\\ResponseFactory->view('errors::404', Array, 404, Array)
#18 /Users/macbookshop/Desktop/Projects/Developments/DNA-Web/DNA-Frontend/vendor/laravel/framework/src/Illuminate/Foundation/Exceptions/Handler.php(950): Illuminate\\Foundation\\Exceptions\\Handler->renderHttpException(Object(Symfony\\Component\\HttpKernel\\Exception\\NotFoundHttpException))
#19 /Users/macbookshop/Desktop/Projects/Developments/DNA-Web/DNA-Frontend/vendor/laravel/framework/src/Illuminate/Foundation/Exceptions/Handler.php(833): Illuminate\\Foundation\\Exceptions\\Handler->prepareResponse(Object(Illuminate\\Http\\Request), Object(Symfony\\Component\\HttpKernel\\Exception\\NotFoundHttpException))
#20 /Users/macbookshop/Desktop/Projects/Developments/DNA-Web/DNA-Frontend/vendor/laravel/framework/src/Illuminate/Foundation/Exceptions/Handler.php(720): Illuminate\\Foundation\\Exceptions\\Handler->renderExceptionResponse(Object(Illuminate\\Http\\Request), Object(Symfony\\Component\\HttpKernel\\Exception\\NotFoundHttpException))
#21 /Users/macbookshop/Desktop/Projects/Developments/DNA-Web/DNA-Frontend/vendor/laravel/framework/src/Illuminate/Routing/Pipeline.php(51): Illuminate\\Foundation\\Exceptions\\Handler->render(Object(Illuminate\\Http\\Request), Object(Symfony\\Component\\HttpKernel\\Exception\\NotFoundHttpException))
#22 /Users/macbookshop/Desktop/Projects/Developments/DNA-Web/DNA-Frontend/vendor/laravel/framework/src/Illuminate/Pipeline/Pipeline.php(182): Illuminate\\Routing\\Pipeline->handleException(Object(Illuminate\\Http\\Request), Object(Symfony\\Component\\HttpKernel\\Exception\\NotFoundHttpException))
#23 /Users/macbookshop/Desktop/Projects/Developments/DNA-Web/DNA-Frontend/vendor/laravel/framework/src/Illuminate/Foundation/Http/Middleware/TransformsRequest.php(21): Illuminate\\Pipeline\\Pipeline->{closure:Illuminate\\Pipeline\\Pipeline::prepareDestination():178}(Object(Illuminate\\Http\\Request))
#24 /Users/macbookshop/Desktop/Projects/Developments/DNA-Web/DNA-Frontend/vendor/laravel/framework/src/Illuminate/Foundation/Http/Middleware/ConvertEmptyStringsToNull.php(31): Illuminate\\Foundation\\Http\\Middleware\\TransformsRequest->handle(Object(Illuminate\\Http\\Request), Object(Closure))
#25 /Users/macbookshop/Desktop/Projects/Developments/DNA-Web/DNA-Frontend/vendor/laravel/framework/src/Illuminate/Pipeline/Pipeline.php(219): Illuminate\\Foundation\\Http\\Middleware\\ConvertEmptyStringsToNull->handle(Object(Illuminate\\Http\\Request), Object(Closure))
#26 /Users/macbookshop/Desktop/Projects/Developments/DNA-Web/DNA-Frontend/vendor/laravel/framework/src/Illuminate/Foundation/Http/Middleware/TransformsRequest.php(21): Illuminate\\Pipeline\\Pipeline->{closure:{closure:Illuminate\\Pipeline\\Pipeline::carry():194}:195}(Object(Illuminate\\Http\\Request))
#27 /Users/macbookshop/Desktop/Projects/Developments/DNA-Web/DNA-Frontend/vendor/laravel/framework/src/Illuminate/Foundation/Http/Middleware/TrimStrings.php(51): Illuminate\\Foundation\\Http\\Middleware\\TransformsRequest->handle(Object(Illuminate\\Http\\Request), Object(Closure))
#28 /Users/macbookshop/Desktop/Projects/Developments/DNA-Web/DNA-Frontend/vendor/laravel/framework/src/Illuminate/Pipeline/Pipeline.php(219): Illuminate\\Foundation\\Http\\Middleware\\TrimStrings->handle(Object(Illuminate\\Http\\Request), Object(Closure))
#29 /Users/macbookshop/Desktop/Projects/Developments/DNA-Web/DNA-Frontend/vendor/laravel/framework/src/Illuminate/Http/Middleware/ValidatePostSize.php(27): Illuminate\\Pipeline\\Pipeline->{closure:{closure:Illuminate\\Pipeline\\Pipeline::carry():194}:195}(Object(Illuminate\\Http\\Request))
#30 /Users/macbookshop/Desktop/Projects/Developments/DNA-Web/DNA-Frontend/vendor/laravel/framework/src/Illuminate/Pipeline/Pipeline.php(219): Illuminate\\Http\\Middleware\\ValidatePostSize->handle(Object(Illuminate\\Http\\Request), Object(Closure))
#31 /Users/macbookshop/Desktop/Projects/Developments/DNA-Web/DNA-Frontend/vendor/laravel/framework/src/Illuminate/Foundation/Http/Middleware/PreventRequestsDuringMaintenance.php(109): Illuminate\\Pipeline\\Pipeline->{closure:{closure:Illuminate\\Pipeline\\Pipeline::carry():194}:195}(Object(Illuminate\\Http\\Request))
#32 /Users/macbookshop/Desktop/Projects/Developments/DNA-Web/DNA-Frontend/vendor/laravel/framework/src/Illuminate/Pipeline/Pipeline.php(219): Illuminate\\Foundation\\Http\\Middleware\\PreventRequestsDuringMaintenance->handle(Object(Illuminate\\Http\\Request), Object(Closure))
#33 /Users/macbookshop/Desktop/Projects/Developments/DNA-Web/DNA-Frontend/vendor/laravel/framework/src/Illuminate/Http/Middleware/HandleCors.php(61): Illuminate\\Pipeline\\Pipeline->{closure:{closure:Illuminate\\Pipeline\\Pipeline::carry():194}:195}(Object(Illuminate\\Http\\Request))
#34 /Users/macbookshop/Desktop/Projects/Developments/DNA-Web/DNA-Frontend/vendor/laravel/framework/src/Illuminate/Pipeline/Pipeline.php(219): Illuminate\\Http\\Middleware\\HandleCors->handle(Object(Illuminate\\Http\\Request), Object(Closure))
#35 /Users/macbookshop/Desktop/Projects/Developments/DNA-Web/DNA-Frontend/vendor/laravel/framework/src/Illuminate/Http/Middleware/TrustProxies.php(58): Illuminate\\Pipeline\\Pipeline->{closure:{closure:Illuminate\\Pipeline\\Pipeline::carry():194}:195}(Object(Illuminate\\Http\\Request))
#36 /Users/macbookshop/Desktop/Projects/Developments/DNA-Web/DNA-Frontend/vendor/laravel/framework/src/Illuminate/Pipeline/Pipeline.php(219): Illuminate\\Http\\Middleware\\TrustProxies->handle(Object(Illuminate\\Http\\Request), Object(Closure))
#37 /Users/macbookshop/Desktop/Projects/Developments/DNA-Web/DNA-Frontend/vendor/laravel/framework/src/Illuminate/Foundation/Http/Middleware/InvokeDeferredCallbacks.php(22): Illuminate\\Pipeline\\Pipeline->{closure:{closure:Illuminate\\Pipeline\\Pipeline::carry():194}:195}(Object(Illuminate\\Http\\Request))
#38 /Users/macbookshop/Desktop/Projects/Developments/DNA-Web/DNA-Frontend/vendor/laravel/framework/src/Illuminate/Pipeline/Pipeline.php(219): Illuminate\\Foundation\\Http\\Middleware\\InvokeDeferredCallbacks->handle(Object(Illuminate\\Http\\Request), Object(Closure))
#39 /Users/macbookshop/Desktop/Projects/Developments/DNA-Web/DNA-Frontend/vendor/laravel/framework/src/Illuminate/Http/Middleware/ValidatePathEncoding.php(28): Illuminate\\Pipeline\\Pipeline->{closure:{closure:Illuminate\\Pipeline\\Pipeline::carry():194}:195}(Object(Illuminate\\Http\\Request))
#40 /Users/macbookshop/Desktop/Projects/Developments/DNA-Web/DNA-Frontend/vendor/laravel/framework/src/Illuminate/Pipeline/Pipeline.php(219): Illuminate\\Http\\Middleware\\ValidatePathEncoding->handle(Object(Illuminate\\Http\\Request), Object(Closure))
#41 /Users/macbookshop/Desktop/Projects/Developments/DNA-Web/DNA-Frontend/vendor/laravel/framework/src/Illuminate/Pipeline/Pipeline.php(137): Illuminate\\Pipeline\\Pipeline->{closure:{closure:Illuminate\\Pipeline\\Pipeline::carry():194}:195}(Object(Illuminate\\Http\\Request))
#42 /Users/macbookshop/Desktop/Projects/Developments/DNA-Web/DNA-Frontend/vendor/laravel/framework/src/Illuminate/Foundation/Http/Kernel.php(175): Illuminate\\Pipeline\\Pipeline->then(Object(Closure))
#43 /Users/macbookshop/Desktop/Projects/Developments/DNA-Web/DNA-Frontend/vendor/laravel/framework/src/Illuminate/Foundation/Http/Kernel.php(144): Illuminate\\Foundation\\Http\\Kernel->sendRequestThroughRouter(Object(Illuminate\\Http\\Request))
#44 /Users/macbookshop/Desktop/Projects/Developments/DNA-Web/DNA-Frontend/vendor/laravel/framework/src/Illuminate/Foundation/Testing/Concerns/MakesHttpRequests.php(638): Illuminate\\Foundation\\Http\\Kernel->handle(Object(Illuminate\\Http\\Request))
#45 /Users/macbookshop/Desktop/Projects/Developments/DNA-Web/DNA-Frontend/vendor/laravel/framework/src/Illuminate/Foundation/Testing/Concerns/MakesHttpRequests.php(368): Illuminate\\Foundation\\Testing\\TestCase->call('GET', '/fr', Array, Array, Array, Array)
#46 /Users/macbookshop/Desktop/Projects/Developments/DNA-Web/DNA-Frontend/tests/Feature/LocaleTest.php(28): Illuminate\\Foundation\\Testing\\TestCase->get('/fr')
#47 /Users/macbookshop/Desktop/Projects/Developments/DNA-Web/DNA-Frontend/vendor/phpunit/phpunit/src/Framework/TestCase.php(1318): Tests\\Feature\\LocaleTest->test_unknown_language_segment_falls_back_instead_of_404()
#48 /Users/macbookshop/Desktop/Projects/Developments/DNA-Web/DNA-Frontend/vendor/phpunit/phpunit/src/Framework/TestCase.php(1355): PHPUnit\\Framework\\TestCase->invokeTestMethod('test_unknown_la...', Array)
#49 /Users/macbookshop/Desktop/Projects/Developments/DNA-Web/DNA-Frontend/vendor/phpunit/phpunit/src/Framework/TestCase.php(521): PHPUnit\\Framework\\TestCase->runTest()
#50 /Users/macbookshop/Desktop/Projects/Developments/DNA-Web/DNA-Frontend/vendor/phpunit/phpunit/src/Framework/TestRunner/TestRunner.php(99): PHPUnit\\Framework\\TestCase->runBare()
#51 /Users/macbookshop/Desktop/Projects/Developments/DNA-Web/DNA-Frontend/vendor/phpunit/phpunit/src/Framework/TestCase.php(361): PHPUnit\\Framework\\TestRunner->run(Object(Tests\\Feature\\LocaleTest))
#52 /Users/macbookshop/Desktop/Projects/Developments/DNA-Web/DNA-Frontend/vendor/phpunit/phpunit/src/Framework/TestSuite.php(374): PHPUnit\\Framework\\TestCase->run()
#53 /Users/macbookshop/Desktop/Projects/Developments/DNA-Web/DNA-Frontend/vendor/phpunit/phpunit/src/Framework/TestSuite.php(374): PHPUnit\\Framework\\TestSuite->run()
#54 /Users/macbookshop/Desktop/Projects/Developments/DNA-Web/DNA-Frontend/vendor/phpunit/phpunit/src/Framework/TestSuite.php(374): PHPUnit\\Framework\\TestSuite->run()
#55 /Users/macbookshop/Desktop/Projects/Developments/DNA-Web/DNA-Frontend/vendor/phpunit/phpunit/src/TextUI/TestRunner.php(64): PHPUnit\\Framework\\TestSuite->run()
#56 /Users/macbookshop/Desktop/Projects/Developments/DNA-Web/DNA-Frontend/vendor/phpunit/phpunit/src/TextUI/Application.php(229): PHPUnit\\TextUI\\TestRunner->run(Object(PHPUnit\\TextUI\\Configuration\\Configuration), Object(PHPUnit\\Runner\\ResultCache\\DefaultResultCache), Object(PHPUnit\\Framework\\TestSuite))
#57 /Users/macbookshop/Desktop/Projects/Developments/DNA-Web/DNA-Frontend/vendor/phpunit/phpunit/phpunit(104): PHPUnit\\TextUI\\Application->run(Array)
#58 {main}

[previous exception] [object] (Illuminate\\Routing\\Exceptions\\UrlGenerationException(code: 0): Missing required parameter for [Route: analysis.index] [URI: {locale}] [Missing parameter: locale]. at /Users/macbookshop/Desktop/Projects/Developments/DNA-Web/DNA-Frontend/vendor/laravel/framework/src/Illuminate/Routing/Exceptions/UrlGenerationException.php:35)
[stacktrace]
#0 /Users/macbookshop/Desktop/Projects/Developments/DNA-Web/DNA-Frontend/vendor/laravel/framework/src/Illuminate/Routing/RouteUrlGenerator.php(95): Illuminate\\Routing\\Exceptions\\UrlGenerationException::forMissingParameters(Object(Illuminate\\Routing\\Route), Array)
#1 /Users/macbookshop/Desktop/Projects/Developments/DNA-Web/DNA-Frontend/vendor/laravel/framework/src/Illuminate/Routing/UrlGenerator.php(557): Illuminate\\Routing\\RouteUrlGenerator->to(Object(Illuminate\\Routing\\Route), Array, true)
#2 /Users/macbookshop/Desktop/Projects/Developments/DNA-Web/DNA-Frontend/vendor/laravel/framework/src/Illuminate/Routing/UrlGenerator.php(534): Illuminate\\Routing\\UrlGenerator->toRoute(Object(Illuminate\\Routing\\Route), Array, true)
#3 /Users/macbookshop/Desktop/Projects/Developments/DNA-Web/DNA-Frontend/vendor/laravel/framework/src/Illuminate/Foundation/helpers.php(870): Illuminate\\Routing\\UrlGenerator->route('analysis.index', Array, true)
#4 /Users/macbookshop/Desktop/Projects/Developments/DNA-Web/DNA-Frontend/storage/framework/views/5412c5794b9520f727cb3f5abab9bc6b.php(35): route('analysis.index')
#5 /Users/macbookshop/Desktop/Projects/Developments/DNA-Web/DNA-Frontend/vendor/laravel/framework/src/Illuminate/Filesystem/Filesystem.php(123): require('/Users/macbooks...')
#6 /Users/macbookshop/Desktop/Projects/Developments/DNA-Web/DNA-Frontend/vendor/laravel/framework/src/Illuminate/Filesystem/Filesystem.php(124): Illuminate\\Filesystem\\Filesystem::{closure:Illuminate\\Filesystem\\Filesystem::getRequire():120}()
#7 /Users/macbookshop/Desktop/Projects/Developments/DNA-Web/DNA-Frontend/vendor/laravel/framework/src/Illuminate/View/Engines/PhpEngine.php(57): Illuminate\\Filesystem\\Filesystem->getRequire('/Users/macbooks...', Array)
#8 /Users/macbookshop/Desktop/Projects/Developments/DNA-Web/DNA-Frontend/vendor/laravel/framework/src/Illuminate/View/Engines/CompilerEngine.php(76): Illuminate\\View\\Engines\\PhpEngine->evaluatePath('/Users/macbooks...', Array)
#9 /Users/macbookshop/Desktop/Projects/Developments/DNA-Web/DNA-Frontend/vendor/laravel/framework/src/Illuminate/View/View.php(208): Illuminate\\View\\Engines\\CompilerEngine->get('/Users/macbooks...', Array)
#10 /Users/macbookshop/Desktop/Projects/Developments/DNA-Web/DNA-Frontend/vendor/laravel/framework/src/Illuminate/View/View.php(191): Illuminate\\View\\View->getContents()
#11 /Users/macbookshop/Desktop/Projects/Developments/DNA-Web/DNA-Frontend/vendor/laravel/framework/src/Illuminate/View/View.php(160): Illuminate\\View\\View->renderContents()
#12 /Users/macbookshop/Desktop/Projects/Developments/DNA-Web/DNA-Frontend/storage/framework/views/f058fb6fd3ae58a3027bb36a27ff1ec0.php(15): Illuminate\\View\\View->render()
#13 /Users/macbookshop/Desktop/Projects/Developments/DNA-Web/DNA-Frontend/vendor/laravel/framework/src/Illuminate/Filesystem/Filesystem.php(123): require('/Users/macbooks...')
#14 /Users/macbookshop/Desktop/Projects/Developments/DNA-Web/DNA-Frontend/vendor/laravel/framework/src/Illuminate/Filesystem/Filesystem.php(124): Illuminate\\Filesystem\\Filesystem::{closure:Illuminate\\Filesystem\\Filesystem::getRequire():120}()
#15 /Users/macbookshop/Desktop/Projects/Developments/DNA-Web/DNA-Frontend/vendor/laravel/framework/src/Illuminate/View/Engines/PhpEngine.php(57): Illuminate\\Filesystem\\Filesystem->getRequire('/Users/macbooks...', Array)
#16 /Users/macbookshop/Desktop/Projects/Developments/DNA-Web/DNA-Frontend/vendor/laravel/framework/src/Illuminate/View/Engines/CompilerEngine.php(76): Illuminate\\View\\Engines\\PhpEngine->evaluatePath('/Users/macbooks...', Array)
#17 /Users/macbookshop/Desktop/Projects/Developments/DNA-Web/DNA-Frontend/vendor/laravel/framework/src/Illuminate/View/View.php(208): Illuminate\\View\\Engines\\CompilerEngine->get('/Users/macbooks...', Array)
#18 /Users/macbookshop/Desktop/Projects/Developments/DNA-Web/DNA-Frontend/vendor/laravel/framework/src/Illuminate/View/View.php(191): Illuminate\\View\\View->getContents()
#19 /Users/macbookshop/Desktop/Projects/Developments/DNA-Web/DNA-Frontend/vendor/laravel/framework/src/Illuminate/View/View.php(160): Illuminate\\View\\View->renderContents()
#20 /Users/macbookshop/Desktop/Projects/Developments/DNA-Web/DNA-Frontend/vendor/laravel/framework/src/Illuminate/Http/Response.php(82): Illuminate\\View\\View->render()
#21 /Users/macbookshop/Desktop/Projects/Developments/DNA-Web/DNA-Frontend/vendor/laravel/framework/src/Illuminate/Http/Response.php(40): Illuminate\\Http\\Response->setContent(Object(Illuminate\\View\\View))
#22 /Users/macbookshop/Desktop/Projects/Developments/DNA-Web/DNA-Frontend/vendor/laravel/framework/src/Illuminate/Routing/ResponseFactory.php(61): Illuminate\\Http\\Response->__construct(Object(Illuminate\\View\\View), 404, Array)
#23 /Users/macbookshop/Desktop/Projects/Developments/DNA-Web/DNA-Frontend/vendor/laravel/framework/src/Illuminate/Routing/ResponseFactory.php(91): Illuminate\\Routing\\ResponseFactory->make(Object(Illuminate\\View\\View), 404, Array)
#24 /Users/macbookshop/Desktop/Projects/Developments/DNA-Web/DNA-Frontend/vendor/laravel/framework/src/Illuminate/Foundation/Exceptions/Handler.php(1031): Illuminate\\Routing\\ResponseFactory->view('errors::404', Array, 404, Array)
#25 /Users/macbookshop/Desktop/Projects/Developments/DNA-Web/DNA-Frontend/vendor/laravel/framework/src/Illuminate/Foundation/Exceptions/Handler.php(950): Illuminate\\Foundation\\Exceptions\\Handler->renderHttpException(Object(Symfony\\Component\\HttpKernel\\Exception\\NotFoundHttpException))
#26 /Users/macbookshop/Desktop/Projects/Developments/DNA-Web/DNA-Frontend/vendor/laravel/framework/src/Illuminate/Foundation/Exceptions/Handler.php(833): Illuminate\\Foundation\\Exceptions\\Handler->prepareResponse(Object(Illuminate\\Http\\Request), Object(Symfony\\Component\\HttpKernel\\Exception\\NotFoundHttpException))
#27 /Users/macbookshop/Desktop/Projects/Developments/DNA-Web/DNA-Frontend/vendor/laravel/framework/src/Illuminate/Foundation/Exceptions/Handler.php(720): Illuminate\\Foundation\\Exceptions\\Handler->renderExceptionResponse(Object(Illuminate\\Http\\Request), Object(Symfony\\Component\\HttpKernel\\Exception\\NotFoundHttpException))
#28 /Users/macbookshop/Desktop/Projects/Developments/DNA-Web/DNA-Frontend/vendor/laravel/framework/src/Illuminate/Routing/Pipeline.php(51): Illuminate\\Foundation\\Exceptions\\Handler->render(Object(Illuminate\\Http\\Request), Object(Symfony\\Component\\HttpKernel\\Exception\\NotFoundHttpException))
#29 /Users/macbookshop/Desktop/Projects/Developments/DNA-Web/DNA-Frontend/vendor/laravel/framework/src/Illuminate/Pipeline/Pipeline.php(182): Illuminate\\Routing\\Pipeline->handleException(Object(Illuminate\\Http\\Request), Object(Symfony\\Component\\HttpKernel\\Exception\\NotFoundHttpException))
#30 /Users/macbookshop/Desktop/Projects/Developments/DNA-Web/DNA-Frontend/vendor/laravel/framework/src/Illuminate/Foundation/Http/Middleware/TransformsRequest.php(21): Illuminate\\Pipeline\\Pipeline->{closure:Illuminate\\Pipeline\\Pipeline::prepareDestination():178}(Object(Illuminate\\Http\\Request))
#31 /Users/macbookshop/Desktop/Projects/Developments/DNA-Web/DNA-Frontend/vendor/laravel/framework/src/Illuminate/Foundation/Http/Middleware/ConvertEmptyStringsToNull.php(31): Illuminate\\Foundation\\Http\\Middleware\\TransformsRequest->handle(Object(Illuminate\\Http\\Request), Object(Closure))
#32 /Users/macbookshop/Desktop/Projects/Developments/DNA-Web/DNA-Frontend/vendor/laravel/framework/src/Illuminate/Pipeline/Pipeline.php(219): Illuminate\\Foundation\\Http\\Middleware\\ConvertEmptyStringsToNull->handle(Object(Illuminate\\Http\\Request), Object(Closure))
#33 /Users/macbookshop/Desktop/Projects/Developments/DNA-Web/DNA-Frontend/vendor/laravel/framework/src/Illuminate/Foundation/Http/Middleware/TransformsRequest.php(21): Illuminate\\Pipeline\\Pipeline->{closure:{closure:Illuminate\\Pipeline\\Pipeline::carry():194}:195}(Object(Illuminate\\Http\\Request))
#34 /Users/macbookshop/Desktop/Projects/Developments/DNA-Web/DNA-Frontend/vendor/laravel/framework/src/Illuminate/Foundation/Http/Middleware/TrimStrings.php(51): Illuminate\\Foundation\\Http\\Middleware\\TransformsRequest->handle(Object(Illuminate\\Http\\Request), Object(Closure))
#35 /Users/macbookshop/Desktop/Projects/Developments/DNA-Web/DNA-Frontend/vendor/laravel/framework/src/Illuminate/Pipeline/Pipeline.php(219): Illuminate\\Foundation\\Http\\Middleware\\TrimStrings->handle(Object(Illuminate\\Http\\Request), Object(Closure))
#36 /Users/macbookshop/Desktop/Projects/Developments/DNA-Web/DNA-Frontend/vendor/laravel/framework/src/Illuminate/Http/Middleware/ValidatePostSize.php(27): Illuminate\\Pipeline\\Pipeline->{closure:{closure:Illuminate\\Pipeline\\Pipeline::carry():194}:195}(Object(Illuminate\\Http\\Request))
#37 /Users/macbookshop/Desktop/Projects/Developments/DNA-Web/DNA-Frontend/vendor/laravel/framework/src/Illuminate/Pipeline/Pipeline.php(219): Illuminate\\Http\\Middleware\\ValidatePostSize->handle(Object(Illuminate\\Http\\Request), Object(Closure))
#38 /Users/macbookshop/Desktop/Projects/Developments/DNA-Web/DNA-Frontend/vendor/laravel/framework/src/Illuminate/Foundation/Http/Middleware/PreventRequestsDuringMaintenance.php(109): Illuminate\\Pipeline\\Pipeline->{closure:{closure:Illuminate\\Pipeline\\Pipeline::carry():194}:195}(Object(Illuminate\\Http\\Request))
#39 /Users/macbookshop/Desktop/Projects/Developments/DNA-Web/DNA-Frontend/vendor/laravel/framework/src/Illuminate/Pipeline/Pipeline.php(219): Illuminate\\Foundation\\Http\\Middleware\\PreventRequestsDuringMaintenance->handle(Object(Illuminate\\Http\\Request), Object(Closure))
#40 /Users/macbookshop/Desktop/Projects/Developments/DNA-Web/DNA-Frontend/vendor/laravel/framework/src/Illuminate/Http/Middleware/HandleCors.php(61): Illuminate\\Pipeline\\Pipeline->{closure:{closure:Illuminate\\Pipeline\\Pipeline::carry():194}:195}(Object(Illuminate\\Http\\Request))
#41 /Users/macbookshop/Desktop/Projects/Developments/DNA-Web/DNA-Frontend/vendor/laravel/framework/src/Illuminate/Pipeline/Pipeline.php(219): Illuminate\\Http\\Middleware\\HandleCors->handle(Object(Illuminate\\Http\\Request), Object(Closure))
#42 /Users/macbookshop/Desktop/Projects/Developments/DNA-Web/DNA-Frontend/vendor/laravel/framework/src/Illuminate/Http/Middleware/TrustProxies.php(58): Illuminate\\Pipeline\\Pipeline->{closure:{closure:Illuminate\\Pipeline\\Pipeline::carry():194}:195}(Object(Illuminate\\Http\\Request))
#43 /Users/macbookshop/Desktop/Projects/Developments/DNA-Web/DNA-Frontend/vendor/laravel/framework/src/Illuminate/Pipeline/Pipeline.php(219): Illuminate\\Http\\Middleware\\TrustProxies->handle(Object(Illuminate\\Http\\Request), Object(Closure))
#44 /Users/macbookshop/Desktop/Projects/Developments/DNA-Web/DNA-Frontend/vendor/laravel/framework/src/Illuminate/Foundation/Http/Middleware/InvokeDeferredCallbacks.php(22): Illuminate\\Pipeline\\Pipeline->{closure:{closure:Illuminate\\Pipeline\\Pipeline::carry():194}:195}(Object(Illuminate\\Http\\Request))
#45 /Users/macbookshop/Desktop/Projects/Developments/DNA-Web/DNA-Frontend/vendor/laravel/framework/src/Illuminate/Pipeline/Pipeline.php(219): Illuminate\\Foundation\\Http\\Middleware\\InvokeDeferredCallbacks->handle(Object(Illuminate\\Http\\Request), Object(Closure))
#46 /Users/macbookshop/Desktop/Projects/Developments/DNA-Web/DNA-Frontend/vendor/laravel/framework/src/Illuminate/Http/Middleware/ValidatePathEncoding.php(28): Illuminate\\Pipeline\\Pipeline->{closure:{closure:Illuminate\\Pipeline\\Pipeline::carry():194}:195}(Object(Illuminate\\Http\\Request))
#47 /Users/macbookshop/Desktop/Projects/Developments/DNA-Web/DNA-Frontend/vendor/laravel/framework/src/Illuminate/Pipeline/Pipeline.php(219): Illuminate\\Http\\Middleware\\ValidatePathEncoding->handle(Object(Illuminate\\Http\\Request), Object(Closure))
#48 /Users/macbookshop/Desktop/Projects/Developments/DNA-Web/DNA-Frontend/vendor/laravel/framework/src/Illuminate/Pipeline/Pipeline.php(137): Illuminate\\Pipeline\\Pipeline->{closure:{closure:Illuminate\\Pipeline\\Pipeline::carry():194}:195}(Object(Illuminate\\Http\\Request))
#49 /Users/macbookshop/Desktop/Projects/Developments/DNA-Web/DNA-Frontend/vendor/laravel/framework/src/Illuminate/Foundation/Http/Kernel.php(175): Illuminate\\Pipeline\\Pipeline->then(Object(Closure))
#50 /Users/macbookshop/Desktop/Projects/Developments/DNA-Web/DNA-Frontend/vendor/laravel/framework/src/Illuminate/Foundation/Http/Kernel.php(144): Illuminate\\Foundation\\Http\\Kernel->sendRequestThroughRouter(Object(Illuminate\\Http\\Request))
#51 /Users/macbookshop/Desktop/Projects/Developments/DNA-Web/DNA-Frontend/vendor/laravel/framework/src/Illuminate/Foundation/Testing/Concerns/MakesHttpRequests.php(638): Illuminate\\Foundation\\Http\\Kernel->handle(Object(Illuminate\\Http\\Request))
#52 /Users/macbookshop/Desktop/Projects/Developments/DNA-Web/DNA-Frontend/vendor/laravel/framework/src/Illuminate/Foundation/Testing/Concerns/MakesHttpRequests.php(368): Illuminate\\Foundation\\Testing\\TestCase->call('GET', '/fr', Array, Array, Array, Array)
#53 /Users/macbookshop/Desktop/Projects/Developments/DNA-Web/DNA-Frontend/tests/Feature/LocaleTest.php(28): Illuminate\\Foundation\\Testing\\TestCase->get('/fr')
#54 /Users/macbookshop/Desktop/Projects/Developments/DNA-Web/DNA-Frontend/vendor/phpunit/phpunit/src/Framework/TestCase.php(1318): Tests\\Feature\\LocaleTest->test_unknown_language_segment_falls_back_instead_of_404()
#55 /Users/macbookshop/Desktop/Projects/Developments/DNA-Web/DNA-Frontend/vendor/phpunit/phpunit/src/Framework/TestCase.php(1355): PHPUnit\\Framework\\TestCase->invokeTestMethod('test_unknown_la...', Array)
#56 /Users/macbookshop/Desktop/Projects/Developments/DNA-Web/DNA-Frontend/vendor/phpunit/phpunit/src/Framework/TestCase.php(521): PHPUnit\\Framework\\TestCase->runTest()
#57 /Users/macbookshop/Desktop/Projects/Developments/DNA-Web/DNA-Frontend/vendor/phpunit/phpunit/src/Framework/TestRunner/TestRunner.php(99): PHPUnit\\Framework\\TestCase->runBare()
#58 /Users/macbookshop/Desktop/Projects/Developments/DNA-Web/DNA-Frontend/vendor/phpunit/phpunit/src/Framework/TestCase.php(361): PHPUnit\\Framework\\TestRunner->run(Object(Tests\\Feature\\LocaleTest))
#59 /Users/macbookshop/Desktop/Projects/Developments/DNA-Web/DNA-Frontend/vendor/phpunit/phpunit/src/Framework/TestSuite.php(374): PHPUnit\\Framework\\TestCase->run()
#60 /Users/macbookshop/Desktop/Projects/Developments/DNA-Web/DNA-Frontend/vendor/phpunit/phpunit/src/Framework/TestSuite.php(374): PHPUnit\\Framework\\TestSuite->run()
#61 /Users/macbookshop/Desktop/Projects/Developments/DNA-Web/DNA-Frontend/vendor/phpunit/phpunit/src/Framework/TestSuite.php(374): PHPUnit\\Framework\\TestSuite->run()
#62 /Users/macbookshop/Desktop/Projects/Developments/DNA-Web/DNA-Frontend/vendor/phpunit/phpunit/src/TextUI/TestRunner.php(64): PHPUnit\\Framework\\TestSuite->run()
#63 /Users/macbookshop/Desktop/Projects/Developments/DNA-Web/DNA-Frontend/vendor/phpunit/phpunit/src/TextUI/Application.php(229): PHPUnit\\TextUI\\TestRunner->run(Object(PHPUnit\\TextUI\\Configuration\\Configuration), Object(PHPUnit\\Runner\\ResultCache\\DefaultResultCache), Object(PHPUnit\\Framework\\TestSuite))
#64 /Users/macbookshop/Desktop/Projects/Developments/DNA-Web/DNA-Frontend/vendor/phpunit/phpunit/phpunit(104): PHPUnit\\TextUI\\Application->run(Array)
#65 {main}
"} 
[2026-08-11 23:03:10] testing.WARNING: Analysis backend rejected a request {"request_id":"6f30b60e-d243-4466-b917-efe7762e54fd","status":400,"code":"sequence_invalid_chars"} 
[2026-08-11 23:03:10] testing.WARNING: Analysis backend rejected a request {"request_id":"4fe56f19-7392-423a-9d74-6495512a7d83","status":400,"code":"sequence_invalid_chars"} 
[2026-08-11 23:03:10] testing.WARNING: Analysis backend rejected a request {"request_id":"4a738574-75a1-45c0-8c4d-fa317e553d90","status":400,"code":"sequence_invalid_chars"} 
[2026-08-11 23:03:10] testing.WARNING: Analysis backend rejected a request {"request_id":"0baf367f-f6e5-46d4-a4d1-ab6328a7094c","status":400,"code":"something_new"} 
[2026-08-11 23:03:10] testing.WARNING: Untranslated backend error code {"code":"something_new"} 
[2026-08-11 23:03:10] testing.ERROR: Analysis backend unreachable {"request_id":"c3fd3d31-eab5-4115-8b5e-be09c44aefa1","message":"down"} 
[2026-08-11 23:03:11] testing.ERROR: Compiler backend unreachable {"request_id":"8083f41a-9457-44ff-a6a6-42708e38f379","message":"down"} 
[2026-08-11 23:03:11] testing.ERROR: Memory design backend unreachable {"request_id":"bd5fbfe0-2a42-4c62-9652-741e77bd86de","message":"down"} 
[2026-08-11 23:03:12] testing.ERROR: Simulation backend unreachable {"request_id":"730b8b9a-c15f-4ad3-8934-2a545033102f","message":"down"} 
[2026-08-11 23:04:51] testing.WARNING: Analysis backend rejected a request {"request_id":"4109faab-aa18-429d-855b-e9a53c16acbd","status":400,"code":"sequence_invalid_chars"} 
[2026-08-11 23:04:51] testing.WARNING: Analysis backend rejected a request {"request_id":"d0c57931-9f45-4f20-a51b-41e61f538af1","status":400,"code":"sequence_invalid_chars"} 
[2026-08-11 23:04:51] testing.WARNING: Analysis backend rejected a request {"request_id":"06781c0c-6286-4381-9994-13dbb36641cf","status":400,"code":"sequence_invalid_chars"} 
[2026-08-11 23:04:51] testing.WARNING: Analysis backend rejected a request {"request_id":"d21c3252-a2e9-47ca-9d5a-f1a8dfcaec62","status":400,"code":"something_new"} 
[2026-08-11 23:04:51] testing.WARNING: Untranslated backend error code {"code":"something_new"} 
[2026-08-11 23:04:51] testing.ERROR: Analysis backend unreachable {"request_id":"8fb7b54d-9476-418b-8a3d-c9836453c5d9","message":"down"} 
[2026-08-11 23:04:52] testing.ERROR: Compiler backend unreachable {"request_id":"299da293-a8bb-4e35-ab88-f4d95308cf87","message":"down"} 
[2026-08-11 23:04:52] testing.ERROR: Memory design backend unreachable {"request_id":"5d147d2d-987a-4ea5-904d-8a26dbff3188","message":"down"} 
[2026-08-11 23:04:52] testing.ERROR: Simulation backend unreachable {"request_id":"e6a8035b-b1ed-4187-8b6a-805baa529b55","message":"down"} 
[2026-08-11 23:16:37] testing.WARNING: Analysis backend rejected a request {"request_id":"b189a01f-40e9-4157-b3cd-10dd92278946","status":400,"code":"sequence_invalid_chars"} 
[2026-08-11 23:16:37] testing.WARNING: Analysis backend rejected a request {"request_id":"abb92254-f253-486e-973c-1fe48b28469c","status":400,"code":"sequence_invalid_chars"} 
[2026-08-11 23:16:37] testing.WARNING: Analysis backend rejected a request {"request_id":"da02e22f-7813-4769-9941-0a0f1f8a0447","status":400,"code":"sequence_invalid_chars"} 
[2026-08-11 23:16:37] testing.WARNING: Analysis backend rejected a request {"request_id":"0aba1beb-4c1e-4879-8ce6-a56c078e0a16","status":400,"code":"something_new"} 
[2026-08-11 23:16:37] testing.WARNING: Untranslated backend error code {"code":"something_new"} 
[2026-08-11 23:16:38] testing.ERROR: Analysis backend unreachable {"request_id":"8f4dfda8-ccd9-4f78-93e5-41a8644874aa","message":"down"} 
[2026-08-11 23:16:38] testing.ERROR: Compiler backend unreachable {"request_id":"950074ac-ba6d-4329-9c0b-d02153098111","message":"down"} 
[2026-08-11 23:16:39] testing.ERROR: Memory design backend unreachable {"request_id":"84a2dfa9-74fc-4746-8332-bbaa98747178","message":"down"} 
[2026-08-11 23:16:39] testing.ERROR: Simulation backend unreachable {"request_id":"02df1cb3-f037-43b0-a9f1-9fb4d85fc5cc","message":"down"} 
[2026-08-11 23:18:09] testing.WARNING: Analysis backend rejected a request {"request_id":"65a3c01d-2d61-46a7-9906-1fbaf8a69c02","status":400,"code":"sequence_invalid_chars"} 
[2026-08-11 23:18:09] testing.WARNING: Analysis backend rejected a request {"request_id":"c8108c7b-52aa-4e12-abaa-2b53ff0fc565","status":400,"code":"sequence_invalid_chars"} 
[2026-08-11 23:18:09] testing.WARNING: Analysis backend rejected a request {"request_id":"2c54ef35-8dea-4758-a11d-cf314a5dc03c","status":400,"code":"sequence_invalid_chars"} 
[2026-08-11 23:18:09] testing.WARNING: Analysis backend rejected a request {"request_id":"f5da1217-b74f-438b-8154-2e396022f7b9","status":400,"code":"something_new"} 
[2026-08-11 23:18:09] testing.WARNING: Untranslated backend error code {"code":"something_new"} 
[2026-08-11 23:18:09] testing.ERROR: Analysis backend unreachable {"request_id":"e251cf24-b3f0-4fd7-8da1-31cf35935b06","message":"down"} 
[2026-08-11 23:18:10] testing.ERROR: Compiler backend unreachable {"request_id":"ab30396c-15b0-4a7f-b25d-78cd02236489","message":"down"} 
[2026-08-11 23:18:10] testing.ERROR: Memory design backend unreachable {"request_id":"6caac526-25ff-4680-aa13-df4518554602","message":"down"} 
[2026-08-11 23:18:10] testing.ERROR: Simulation backend unreachable {"request_id":"b8515c1c-6a3c-404a-acf1-e7acebf4f928","message":"down"} 
[2026-08-11 23:27:36] testing.WARNING: Analysis backend rejected a request {"request_id":"da48214e-c96d-46de-a6aa-5b1c87e0aa53","status":400,"code":"sequence_invalid_chars"} 
[2026-08-11 23:27:36] testing.WARNING: Analysis backend rejected a request {"request_id":"0613ff9a-b4c7-4e70-84e0-9bdcdd97d3de","status":400,"code":"sequence_invalid_chars"} 
[2026-08-11 23:27:36] testing.WARNING: Analysis backend rejected a request {"request_id":"8381dbe4-9efd-4c6b-96c1-c3d54ce81ba5","status":400,"code":"sequence_invalid_chars"} 
[2026-08-11 23:27:36] testing.WARNING: Analysis backend rejected a request {"request_id":"f80a506b-89cd-454e-9b61-e3c953edcc52","status":400,"code":"something_new"} 
[2026-08-11 23:27:36] testing.WARNING: Untranslated backend error code {"code":"something_new"} 
[2026-08-11 23:27:37] testing.ERROR: Analysis backend unreachable {"request_id":"778aa30d-10e4-47b5-b21b-583f39e356cf","message":"down"} 
[2026-08-11 23:27:37] testing.ERROR: Compiler backend unreachable {"request_id":"6f1e5931-5ecb-4f4d-81c2-0e1b0d584947","message":"down"} 
[2026-08-11 23:27:38] testing.ERROR: Memory design backend unreachable {"request_id":"1556411e-2557-4338-aff8-5cc70d0907da","message":"down"} 
[2026-08-11 23:27:38] testing.ERROR: Simulation backend unreachable {"request_id":"af3cd367-5acd-414e-8149-cebc97d3ba3f","message":"down"} 
